種類,価格情報区分,市区町村コード,都道府県名,市区町村名,地区名,最寄駅：名称,最寄駅：距離（分）,取引価格（総額）,間取り,面積（㎡）,建築年,建物の構造,用途,今後の利用目的,都市計画,建ぺい率（％）,容積率（％）,取引時期,改装,取引の事情等,区,取引年,取引四半期,建築年_数値,築年数,最寄駅距離_分,㎡単価,夜間人口,昼間人口,昼夜間人口比率
中古マンション等,不動産取引価格情報,13101,東京都,千代田区,飯田橋,飯田橋,1,50000000,３ＬＤＫ,70,,,,その他,,,,2025年第3四半期,,,千代田区,2025,3,,,1.0,714285.7142857143,66680,903780,1355.39892
中古マンション等,不動産取引価格情報,13101,東京都,千代田区,飯田橋,飯田橋,3,45000000,１ＬＤＫ,40,1985年,ＳＲＣ,住宅,住宅,商業,80.0,700.0,2025年第1四半期,未改装,,千代田区,2025,1,1985.0,40.0,3.0,1125000.0,66680,903780,1355.39892
中古マンション等,不動産取引価格情報,13101,東京都,千代田区,飯田橋,飯田橋,0,110000000,２ＬＤＫ,55,1984年,ＳＲＣ,住宅,住宅,商業,80.0,600.0,2025年第1四半期,改装済み,,千代田区,2025,1,1984.0,41.0,0.0,2000000.0,66680,903780,1355.39892
中古マンション等,不動産取引価格情報,13101,東京都,千代田区,飯田橋,飯田橋,1,110000000,２ＬＤＫ,55,1984年,ＳＲＣ,住宅,住宅,商業,80.0,600.0,2024年第4四半期,改装済み,,千代田区,2024,4,1984.0,40.0,1.0,2000000.0,66680,903780,1355.39892
中古マンション等,不動産取引価格情報,13101,東京都,千代田区,飯田橋,飯田橋,1,110000000,１ＬＤＫ＋Ｓ,55,1984年,ＳＲＣ,住宅,住宅,商業,80.0,600.0,2024年第4四半期,改装済み,,千代田区,2024,4,1984.0,40.0,1.0,2000000.0,66680,903780,1355.39892
中古マンション等,不動産取引価格情報,13101,東京都,千代田区,飯田橋,飯田橋,2,55000000,２ＤＫ,45,1982年,ＳＲＣ,住宅,住宅,商業,80.0,700.0,2024年第3四半期,改装済み,,千代田区,2024,3,1982.0,42.0,2.0,1222222.2222222222,66680,903780,1355.39892
中古マンション等,不動産取引価格情報,13101,東京都,千代田区,飯田橋,飯田橋,3,31000000,１Ｒ,30,1985年,ＳＲＣ,住宅,事務所,商業,80.0,700.0,2024年第3四半期,未改装,,千代田区,2024,3,1985.0,39.0,3.0,1033333.3333333334,66680,903780,1355.39892
中古マンション等,不動産取引価格情報,13101,東京都,千代田区,飯田橋,飯田橋,3,94000000,１ＤＫ,40,2021年,ＲＣ,,住宅,２種住居,60.0,400.0,2024年第2四半期,未改装,,千代田区,2024,2,2021.0,3.0,3.0,2350000.0,66680,903780,1355.39892
中古マンション等,不動産取引価格情報,13101,東京都,千代田区,飯田橋,飯田橋,4,140000000,,70,2007年,ＲＣ,,住宅,商業,80.0,500.0,2024年第1四半期,,,千代田区,2024,1,2007.0,17.0,4.0,2000000.0,66680,903780,1355.39892
中古マンション等,不動産取引価格情報,13101,東京都,千代田区,飯田橋,飯田橋,4,43000000,１ＤＫ,30,1999年,ＳＲＣ,住宅,住宅,商業,80.0,500.0,2024年第1四半期,,,千代田区,2024,1,1999.0,25.0,4.0,1433333.3333333333,66680,903780,1355.39892
中古マンション等,不動産取引価格情報,13101,東京都,千代田区,飯田橋,飯田橋,4,68000000,１ＬＤＫ,40,2013年,ＲＣ,住宅,住宅,商業,80.0,700.0,2023年第4四半期,未改装,,千代田区,2023,4,2013.0,10.0,4.0,1700000.0,66680,903780,1355.39892
中古マンション等,不動産取引価格情報,13101,東京都,千代田区,飯田橋,飯田橋,1,92000000,２ＬＤＫ,55,1984年,ＳＲＣ,住宅,住宅,商業,80.0,600.0,2023年第4四半期,改装済み,,千代田区,2023,4,1984.0,39.0,1.0,1672727.2727272727,66680,903780,1355.39892
中古マンション等,不動産取引価格情報,13101,東京都,千代田区,飯田橋,飯田橋,3,130000000,１ＬＤＫ,60,2021年,ＲＣ,住宅,住宅,２種住居,60.0,400.0,2023年第2四半期,未改装,,千代田区,2023,2,2021.0,2.0,3.0,2166666.6666666665,66680,903780,1355.39892
中古マンション等,不動産取引価格情報,13101,東京都,千代田区,飯田橋,飯田橋,3,150000000,２ＬＤＫ,60,2021年,ＲＣ,住宅,住宅,２種住居,60.0,400.0,2023年第2四半期,未改装,,千代田区,2023,2,2021.0,2.0,3.0,2500000.0,66680,903780,1355.39892
中古マンション等,不動産取引価格情報,13101,東京都,千代田区,飯田橋,飯田橋,3,18000000,１ＤＫ,15,1985年,ＳＲＣ,住宅,住宅,商業,80.0,700.0,2023年第2四半期,未改装,,千代田区,2023,2,1985.0,38.0,3.0,1200000.0,66680,903780,1355.39892
中古マンション等,不動産取引価格情報,13101,東京都,千代田区,飯田橋,飯田橋,3,13000000,１Ｋ,15,1985年,ＳＲＣ,住宅,住宅,商業,80.0,700.0,2022年第4四半期,,,千代田区,2022,4,1985.0,37.0,3.0,866666.6666666666,66680,903780,1355.39892
中古マンション等,不動産取引価格情報,13101,東京都,千代田区,飯田橋,飯田橋,2,44000000,１ＬＤＫ,45,1982年,ＳＲＣ,住宅,住宅,商業,80.0,700.0,2022年第4四半期,改装済み,,千代田区,2022,4,1982.0,40.0,2.0,977777.7777777778,66680,903780,1355.39892
中古マンション等,不動産取引価格情報,13101,東京都,千代田区,飯田橋,飯田橋,0,70000000,３ＬＤＫ,55,1984年,ＳＲＣ,,住宅,商業,80.0,600.0,2022年第4四半期,未改装,,千代田区,2022,4,1984.0,38.0,0.0,1272727.2727272727,66680,903780,1355.39892
中古マンション等,不動産取引価格情報,13101,東京都,千代田区,飯田橋,飯田橋,3,120000000,オープンフロア,60,1985年,ＳＲＣ,店舗,店舗,商業,80.0,700.0,2022年第3四半期,未改装,,千代田区,2022,3,1985.0,37.0,3.0,2000000.0,66680,903780,1355.39892
中古マンション等,不動産取引価格情報,13101,東京都,千代田区,飯田橋,飯田橋,3,150000000,２ＬＤＫ,60,2021年,ＲＣ,住宅,住宅,２種住居,60.0,400.0,2022年第3四半期,未改装,,千代田区,2022,3,2021.0,1.0,3.0,2500000.0,66680,903780,1355.39892
中古マンション等,不動産取引価格情報,13101,東京都,千代田区,飯田橋,飯田橋,2,130000000,２ＬＤＫ,60,2021年,ＲＣ,,住宅,商業,80.0,500.0,2022年第3四半期,未改装,,千代田区,2022,3,2021.0,1.0,2.0,2166666.6666666665,66680,903780,1355.39892
中古マンション等,不動産取引価格情報,13101,東京都,千代田区,飯田橋,飯田橋,3,11000000,１Ｋ,15,1985年,ＳＲＣ,住宅,その他,商業,80.0,700.0,2022年第2四半期,未改装,,千代田区,2022,2,1985.0,37.0,3.0,733333.3333333334,66680,903780,1355.39892
中古マンション等,不動産取引価格情報,13101,東京都,千代田区,飯田橋,飯田橋,3,32000000,１ＬＤＫ,30,1998年,ＲＣ,住宅,住宅,商業,80.0,700.0,2022年第2四半期,未改装,,千代田区,2022,2,1998.0,24.0,3.0,1066666.6666666667,66680,903780,1355.39892
中古マンション等,不動産取引価格情報,13101,東京都,千代田区,飯田橋,飯田橋,3,95000000,２ＬＤＫ,80,1985年,ＳＲＣ,住宅,住宅,商業,80.0,700.0,2022年第1四半期,改装済み,,千代田区,2022,1,1985.0,37.0,3.0,1187500.0,66680,903780,1355.39892
中古マンション等,不動産取引価格情報,13101,東京都,千代田区,飯田橋,飯田橋,3,21000000,１Ｒ,30,1985年,ＳＲＣ,住宅,住宅,商業,80.0,700.0,2021年第4四半期,未改装,,千代田区,2021,4,1985.0,36.0,3.0,700000.0,66680,903780,1355.39892
中古マンション等,不動産取引価格情報,13101,東京都,千代田区,飯田橋,九段下,4,280000000,２ＬＤＫ,80,2003年,ＲＣ,,住宅,商業,80.0,500.0,2025年第3四半期,改装済み,,千代田区,2025,3,2003.0,22.0,4.0,3500000.0,66680,903780,1355.39892
中古マンション等,不動産取引価格情報,13101,東京都,千代田区,飯田橋,九段下,4,80000000,２ＬＤＫ,70,2003年,ＲＣ,住宅,その他,商業,80.0,500.0,2025年第3四半期,未改装,,千代田区,2025,3,2003.0,22.0,4.0,1142857.142857143,66680,903780,1355.39892
中古マンション等,不動産取引価格情報,13101,東京都,千代田区,飯田橋,九段下,4,77000000,１ＬＤＫ,30,2013年,ＲＣ,住宅,住宅,商業,80.0,700.0,2025年第3四半期,改装済み,,千代田区,2025,3,2013.0,12.0,4.0,2566666.6666666665,66680,903780,1355.39892
中古マンション等,不動産取引価格情報,13101,東京都,千代田区,飯田橋,九段下,4,36000000,１ＬＤＫ,30,2013年,ＲＣ,,住宅,商業,80.0,700.0,2025年第3四半期,未改装,,千代田区,2025,3,2013.0,12.0,4.0,1200000.0,66680,903780,1355.39892
中古マンション等,不動産取引価格情報,13101,東京都,千代田区,飯田橋,九段下,4,250000000,,85,2003年,ＲＣ,住宅,,商業,80.0,500.0,2025年第2四半期,,,千代田区,2025,2,2003.0,22.0,4.0,2941176.470588235,66680,903780,1355.39892
中古マンション等,不動産取引価格情報,13101,東京都,千代田区,飯田橋,九段下,4,190000000,２ＬＤＫ,65,2003年,ＲＣ,,住宅,商業,80.0,500.0,2025年第2四半期,未改装,,千代田区,2025,2,2003.0,22.0,4.0,2923076.923076923,66680,903780,1355.39892
中古マンション等,不動産取引価格情報,13101,東京都,千代田区,飯田橋,九段下,4,200000000,２ＬＤＫ,70,2003年,ＲＣ,住宅,住宅,商業,80.0,500.0,2025年第1四半期,未改装,,千代田区,2025,1,2003.0,22.0,4.0,2857142.8571428573,66680,903780,1355.39892
中古マンション等,不動産取引価格情報,13101,東京都,千代田区,飯田橋,九段下,4,29000000,１Ｋ,25,2004年,ＳＲＣ,住宅,住宅,商業,80.0,700.0,2025年第1四半期,未改装,,千代田区,2025,1,2004.0,21.0,4.0,1160000.0,66680,903780,1355.39892
中古マンション等,不動産取引価格情報,13101,東京都,千代田区,飯田橋,九段下,4,150000000,,65,2003年,ＲＣ,,,商業,80.0,500.0,2024年第4四半期,,,千代田区,2024,4,2003.0,21.0,4.0,2307692.3076923075,66680,903780,1355.39892
中古マンション等,不動産取引価格情報,13101,東京都,千代田区,飯田橋,九段下,4,270000000,２ＬＤＫ,90,2003年,ＲＣ,住宅,住宅,商業,80.0,500.0,2024年第4四半期,未改装,,千代田区,2024,4,2003.0,21.0,4.0,3000000.0,66680,903780,1355.39892
中古マンション等,不動産取引価格情報,13101,東京都,千代田区,飯田橋,九段下,4,65000000,１ＬＤＫ,40,2013年,ＲＣ,住宅,住宅,商業,80.0,700.0,2024年第3四半期,未改装,,千代田区,2024,3,2013.0,11.0,4.0,1625000.0,66680,903780,1355.39892
中古マンション等,不動産取引価格情報,13101,東京都,千代田区,飯田橋,九段下,4,51000000,１ＤＫ,30,2013年,ＲＣ,,その他,商業,80.0,700.0,2024年第2四半期,,,千代田区,2024,2,2013.0,11.0,4.0,1700000.0,66680,903780,1355.39892
中古マンション等,不動産取引価格情報,13101,東京都,千代田区,飯田橋,九段下,4,130000000,２ＬＤＫ,65,2003年,ＲＣ,住宅,住宅,商業,80.0,500.0,2024年第1四半期,未改装,,千代田区,2024,1,2003.0,21.0,4.0,2000000.0,66680,903780,1355.39892
中古マンション等,不動産取引価格情報,13101,東京都,千代田区,飯田橋,九段下,4,25000000,１Ｋ,20,1997年,ＳＲＣ,住宅,住宅,商業,80.0,500.0,2023年第3四半期,,,千代田区,2023,3,1997.0,26.0,4.0,1250000.0,66680,903780,1355.39892
中古マンション等,不動産取引価格情報,13101,東京都,千代田区,飯田橋,九段下,4,22000000,１ＤＫ,20,1997年,ＳＲＣ,,その他,商業,80.0,500.0,2023年第3四半期,,,千代田区,2023,3,1997.0,26.0,4.0,1100000.0,66680,903780,1355.39892
中古マンション等,不動産取引価格情報,13101,東京都,千代田区,飯田橋,九段下,4,95000000,,60,2003年,ＲＣ,,,商業,80.0,500.0,2023年第2四半期,,,千代田区,2023,2,2003.0,20.0,4.0,1583333.3333333333,66680,903780,1355.39892
中古マンション等,不動産取引価格情報,13101,東京都,千代田区,飯田橋,九段下,4,130000000,２ＬＤＫ,65,2003年,ＲＣ,住宅,住宅,商業,80.0,500.0,2023年第1四半期,改装済み,,千代田区,2023,1,2003.0,20.0,4.0,2000000.0,66680,903780,1355.39892
中古マンション等,不動産取引価格情報,13101,東京都,千代田区,飯田橋,九段下,4,150000000,１ＤＫ,85,2003年,ＲＣ,住宅,住宅,商業,80.0,500.0,2022年第4四半期,未改装,,千代田区,2022,4,2003.0,19.0,4.0,1764705.8823529412,66680,903780,1355.39892
中古マンション等,不動産取引価格情報,13101,東京都,千代田区,飯田橋,九段下,4,27000000,１ＤＫ,20,1997年,ＳＲＣ,,住宅,商業,80.0,500.0,2022年第3四半期,未改装,,千代田区,2022,3,1997.0,25.0,4.0,1350000.0,66680,903780,1355.39892
中古マンション等,不動産取引価格情報,13101,東京都,千代田区,飯田橋,九段下,4,110000000,２ＬＤＫ,60,2003年,ＲＣ,住宅,事務所,商業,80.0,500.0,2022年第3四半期,未改装,,千代田区,2022,3,2003.0,19.0,4.0,1833333.3333333333,66680,903780,1355.39892
中古マンション等,不動産取引価格情報,13101,東京都,千代田区,飯田橋,九段下,4,98000000,２ＬＤＫ,65,2003年,ＲＣ,住宅,住宅,商業,80.0,500.0,2021年第4四半期,改装済み,,千代田区,2021,4,2003.0,18.0,4.0,1507692.3076923077,66680,903780,1355.39892
中古マンション等,不動産取引価格情報,13101,東京都,千代田区,飯田橋,九段下,4,30000000,１Ｋ,20,2004年,ＳＲＣ,住宅,住宅,商業,80.0,700.0,2021年第4四半期,未改装,,千代田区,2021,4,2004.0,17.0,4.0,1500000.0,66680,903780,1355.39892
中古マンション等,不動産取引価格情報,13101,東京都,千代田区,飯田橋,九段下,4,140000000,２ＬＤＫ,85,2003年,ＲＣ,住宅,住宅,商業,80.0,500.0,2021年第4四半期,未改装,,千代田区,2021,4,2003.0,18.0,4.0,1647058.8235294118,66680,903780,1355.39892
中古マンション等,不動産取引価格情報,13101,東京都,千代田区,飯田橋,九段下,4,25000000,１Ｋ,20,1997年,ＳＲＣ,,その他,商業,80.0,500.0,2021年第1四半期,,,千代田区,2021,1,1997.0,24.0,4.0,1250000.0,66680,903780,1355.39892
中古マンション等,不動産取引価格情報,13101,東京都,千代田区,一番町,麹町,3,63000000,１ＬＤＫ,30,2012年,ＲＣ,住宅,住宅,商業,80.0,500.0,2024年第3四半期,未改装,,千代田区,2024,3,2012.0,12.0,3.0,2100000.0,66680,903780,1355.39892
中古マンション等,不動産取引価格情報,13101,東京都,千代田区,一番町,麹町,3,56000000,１ＬＤＫ,40,2012年,ＲＣ,住宅,住宅,商業,80.0,500.0,2021年第1四半期,,,千代田区,2021,1,2012.0,9.0,3.0,1400000.0,66680,903780,1355.39892
中古マンション等,不動産取引価格情報,13101,東京都,千代田区,一番町,半蔵門,4,340000000,,110,2004年,ＳＲＣ,住宅,,２種住居,80.0,500.0,2025年第4四半期,,,千代田区,2025,4,2004.0,21.0,4.0,3090909.090909091,66680,903780,1355.39892
中古マンション等,不動産取引価格情報,13101,東京都,千代田区,一番町,半蔵門,3,430000000,３ＬＤＫ,90,2018年,ＲＣ,住宅,,２種住居,80.0,500.0,2025年第3四半期,,,千代田区,2025,3,2018.0,7.0,3.0,4777777.777777778,66680,903780,1355.39892
中古マンション等,不動産取引価格情報,13101,東京都,千代田区,一番町,半蔵門,3,190000000,１ＬＤＫ,70,2004年,ＳＲＣ,住宅,住宅,２種住居,80.0,500.0,2025年第3四半期,未改装,,千代田区,2025,3,2004.0,21.0,3.0,2714285.714285714,66680,903780,1355.39892
中古マンション等,不動産取引価格情報,13101,東京都,千代田区,一番町,半蔵門,1,42000000,１Ｋ,25,2013年,ＲＣ,住宅,住宅,商業,80.0,500.0,2025年第3四半期,,,千代田区,2025,3,2013.0,12.0,1.0,1680000.0,66680,903780,1355.39892
中古マンション等,不動産取引価格情報,13101,東京都,千代田区,一番町,半蔵門,1,120000000,２ＬＤＫ,60,1970年,ＳＲＣ,住宅,住宅,２種住居,60.0,400.0,2025年第3四半期,,,千代田区,2025,3,1970.0,55.0,1.0,2000000.0,66680,903780,1355.39892
中古マンション等,不動産取引価格情報,13101,東京都,千代田区,一番町,半蔵門,3,460000000,２ＬＤＫ,90,2016年,ＲＣ,住宅,住宅,２種住居,60.0,400.0,2025年第3四半期,未改装,,千代田区,2025,3,2016.0,9.0,3.0,5111111.111111111,66680,903780,1355.39892
中古マンション等,不動産取引価格情報,13101,東京都,千代田区,一番町,半蔵門,3,500000000,３ＬＤＫ,95,2019年,ＲＣ,住宅,住宅,２種住居,80.0,500.0,2025年第2四半期,未改装,,千代田区,2025,2,2019.0,6.0,3.0,5263157.894736842,66680,903780,1355.39892
中古マンション等,不動産取引価格情報,13101,東京都,千代田区,一番町,半蔵門,2,320000000,３ＬＤＫ,120,2001年,ＳＲＣ,住宅,,２種住居,80.0,500.0,2025年第1四半期,,,千代田区,2025,1,2001.0,24.0,2.0,2666666.6666666665,66680,903780,1355.39892
中古マンション等,不動産取引価格情報,13101,東京都,千代田区,一番町,半蔵門,1,65000000,１ＬＤＫ,40,,,,住宅,,,,2024年第4四半期,改装済み,,千代田区,2024,4,,,1.0,1625000.0,66680,903780,1355.39892
中古マンション等,不動産取引価格情報,13101,東京都,千代田区,一番町,半蔵門,5,500000000,,200,1984年,ＳＲＣ,住宅,,２種住居,60.0,400.0,2024年第3四半期,,,千代田区,2024,3,1984.0,40.0,5.0,2500000.0,66680,903780,1355.39892
中古マンション等,不動産取引価格情報,13101,東京都,千代田区,一番町,半蔵門,1,170000000,２ＬＤＫ,95,1979年,ＲＣ,住宅,住宅,商業,80.0,600.0,2024年第3四半期,未改装,,千代田区,2024,3,1979.0,45.0,1.0,1789473.6842105263,66680,903780,1355.39892
中古マンション等,不動産取引価格情報,13101,東京都,千代田区,一番町,半蔵門,1,63000000,１ＬＤＫ,40,2013年,ＲＣ,,住宅,商業,80.0,500.0,2024年第3四半期,未改装,,千代田区,2024,3,2013.0,11.0,1.0,1575000.0,66680,903780,1355.39892
中古マンション等,不動産取引価格情報,13101,東京都,千代田区,一番町,半蔵門,2,230000000,２ＬＤＫ＋Ｓ,75,2016年,ＲＣ,住宅,住宅,２種住居,60.0,400.0,2024年第3四半期,未改装,,千代田区,2024,3,2016.0,8.0,2.0,3066666.6666666665,66680,903780,1355.39892
中古マンション等,不動産取引価格情報,13101,東京都,千代田区,一番町,半蔵門,3,590000000,３ＬＤＫ,115,2019年,ＲＣ,住宅,住宅,２種住居,80.0,500.0,2024年第3四半期,未改装,,千代田区,2024,3,2019.0,5.0,3.0,5130434.782608695,66680,903780,1355.39892
中古マンション等,不動産取引価格情報,13101,東京都,千代田区,一番町,半蔵門,3,330000000,３ＬＤＫ,95,2019年,ＲＣ,,住宅,２種住居,80.0,500.0,2024年第2四半期,未改装,,千代田区,2024,2,2019.0,5.0,3.0,3473684.210526316,66680,903780,1355.39892
中古マンション等,不動産取引価格情報,13101,東京都,千代田区,一番町,半蔵門,3,200000000,２ＬＤＫ,80,2001年,ＳＲＣ,,住宅,２種住居,80.0,500.0,2024年第2四半期,未改装,,千代田区,2024,2,2001.0,23.0,3.0,2500000.0,66680,903780,1355.39892
中古マンション等,不動産取引価格情報,13101,東京都,千代田区,一番町,半蔵門,3,430000000,２ＬＤＫ,105,2016年,ＲＣ,住宅,事務所,２種住居,60.0,400.0,2024年第2四半期,未改装,,千代田区,2024,2,2016.0,8.0,3.0,4095238.095238095,66680,903780,1355.39892
中古マンション等,不動産取引価格情報,13101,東京都,千代田区,一番町,半蔵門,1,120000000,２ＬＤＫ,60,1979年,ＳＲＣ,住宅,住宅,商業,80.0,600.0,2024年第2四半期,改装済み,,千代田区,2024,2,1979.0,45.0,1.0,2000000.0,66680,903780,1355.39892
中古マンション等,不動産取引価格情報,13101,東京都,千代田区,一番町,半蔵門,3,120000000,３ＬＤＫ,80,1972年,ＳＲＣ,住宅,住宅,２種住居,60.0,400.0,2024年第2四半期,未改装,,千代田区,2024,2,1972.0,52.0,3.0,1500000.0,66680,903780,1355.39892
中古マンション等,不動産取引価格情報,13101,東京都,千代田区,一番町,半蔵門,3,780000000,３ＬＤＫ,170,2016年,ＲＣ,住宅,住宅,２種住居,60.0,400.0,2023年第4四半期,未改装,,千代田区,2023,4,2016.0,7.0,3.0,4588235.294117647,66680,903780,1355.39892
中古マンション等,不動産取引価格情報,13101,東京都,千代田区,一番町,半蔵門,1,64000000,１ＬＤＫ,40,1984年,ＳＲＣ,,住宅,商業,80.0,500.0,2023年第4四半期,改装済み,,千代田区,2023,4,1984.0,39.0,1.0,1600000.0,66680,903780,1355.39892
中古マンション等,不動産取引価格情報,13101,東京都,千代田区,一番町,半蔵門,3,250000000,２ＬＤＫ,70,2019年,ＲＣ,住宅,住宅,２種住居,80.0,500.0,2023年第4四半期,改装済み,,千代田区,2023,4,2019.0,4.0,3.0,3571428.5714285714,66680,903780,1355.39892
中古マンション等,不動産取引価格情報,13101,東京都,千代田区,一番町,半蔵門,1,110000000,１ＬＤＫ,40,2022年,ＲＣ,住宅,住宅,２種住居,60.0,400.0,2023年第3四半期,未改装,,千代田区,2023,3,2022.0,1.0,1.0,2750000.0,66680,903780,1355.39892
中古マンション等,不動産取引価格情報,13101,東京都,千代田区,一番町,半蔵門,3,300000000,３ＬＤＫ＋Ｓ,110,2004年,ＳＲＣ,住宅,住宅,２種住居,80.0,500.0,2023年第3四半期,未改装,,千代田区,2023,3,2004.0,19.0,3.0,2727272.727272727,66680,903780,1355.39892
中古マンション等,不動産取引価格情報,13101,東京都,千代田区,一番町,半蔵門,3,390000000,２ＬＤＫ,95,2019年,ＲＣ,住宅,住宅,２種住居,80.0,500.0,2023年第3四半期,未改装,,千代田区,2023,3,2019.0,4.0,3.0,4105263.1578947366,66680,903780,1355.39892
中古マンション等,不動産取引価格情報,13101,東京都,千代田区,一番町,半蔵門,2,70000000,２ＬＤＫ,55,1977年,ＲＣ,住宅,住宅,２種住居,80.0,500.0,2023年第2四半期,未改装,,千代田区,2023,2,1977.0,46.0,2.0,1272727.2727272727,66680,903780,1355.39892
中古マンション等,不動産取引価格情報,13101,東京都,千代田区,一番町,半蔵門,1,30000000,１Ｋ,25,2013年,ＲＣ,住宅,その他,商業,80.0,500.0,2023年第2四半期,,,千代田区,2023,2,2013.0,10.0,1.0,1200000.0,66680,903780,1355.39892
中古マンション等,不動産取引価格情報,13101,東京都,千代田区,一番町,半蔵門,3,190000000,２ＬＤＫ,70,2022年,ＲＣ,住宅,住宅,２種住居,80.0,500.0,2023年第1四半期,未改装,,千代田区,2023,1,2022.0,1.0,3.0,2714285.714285714,66680,903780,1355.39892
中古マンション等,不動産取引価格情報,13101,東京都,千代田区,一番町,半蔵門,5,350000000,３ＬＤＫ,200,1984年,ＳＲＣ,住宅,住宅,２種住居,60.0,400.0,2023年第1四半期,未改装,,千代田区,2023,1,1984.0,39.0,5.0,1750000.0,66680,903780,1355.39892
中古マンション等,不動産取引価格情報,13101,東京都,千代田区,一番町,半蔵門,1,52000000,１ＬＤＫ,40,1984年,ＳＲＣ,住宅,住宅,商業,80.0,500.0,2022年第4四半期,未改装,,千代田区,2022,4,1984.0,38.0,1.0,1300000.0,66680,903780,1355.39892
中古マンション等,不動産取引価格情報,13101,東京都,千代田区,一番町,半蔵門,1,47000000,２ＬＤＫ,40,1984年,ＳＲＣ,住宅,住宅,商業,80.0,500.0,2022年第4四半期,未改装,,千代田区,2022,4,1984.0,38.0,1.0,1175000.0,66680,903780,1355.39892
中古マンション等,不動産取引価格情報,13101,東京都,千代田区,一番町,半蔵門,2,240000000,２ＬＤＫ,115,,ＲＣ,住宅,住宅,商業,80.0,500.0,2022年第4四半期,改装済み,,千代田区,2022,4,,,2.0,2086956.5217391304,66680,903780,1355.39892
中古マンション等,不動産取引価格情報,13101,東京都,千代田区,一番町,半蔵門,1,66000000,１ＬＤＫ,55,1984年,ＳＲＣ,,住宅,商業,80.0,500.0,2022年第4四半期,未改装,,千代田区,2022,4,1984.0,38.0,1.0,1200000.0,66680,903780,1355.39892
中古マンション等,不動産取引価格情報,13101,東京都,千代田区,一番町,半蔵門,2,70000000,,55,1972年,ＳＲＣ,,住宅,２種住居,60.0,400.0,2022年第3四半期,,,千代田区,2022,3,1972.0,50.0,2.0,1272727.2727272727,66680,903780,1355.39892
中古マンション等,不動産取引価格情報,13101,東京都,千代田区,一番町,半蔵門,1,53000000,１ＬＤＫ,45,2013年,ＲＣ,,住宅,商業,80.0,500.0,2022年第3四半期,未改装,,千代田区,2022,3,2013.0,9.0,1.0,1177777.7777777778,66680,903780,1355.39892
中古マンション等,不動産取引価格情報,13101,東京都,千代田区,一番町,半蔵門,5,430000000,３ＬＤＫ,200,1984年,ＳＲＣ,住宅,住宅,２種住居,60.0,400.0,2022年第3四半期,改装済み,,千代田区,2022,3,1984.0,38.0,5.0,2150000.0,66680,903780,1355.39892
中古マンション等,不動産取引価格情報,13101,東京都,千代田区,一番町,半蔵門,2,85000000,１ＬＤＫ,45,2009年,ＲＣ,住宅,その他,商業,80.0,500.0,2022年第2四半期,未改装,,千代田区,2022,2,2009.0,13.0,2.0,1888888.888888889,66680,903780,1355.39892
中古マンション等,不動産取引価格情報,13101,東京都,千代田区,一番町,半蔵門,2,170000000,,95,2001年,ＳＲＣ,,住宅,２種住居,80.0,500.0,2022年第2四半期,,,千代田区,2022,2,2001.0,21.0,2.0,1789473.6842105263,66680,903780,1355.39892
中古マンション等,不動産取引価格情報,13101,東京都,千代田区,一番町,半蔵門,0,130000000,２ＬＤＫ,80,1984年,ＳＲＣ,,住宅,商業,80.0,600.0,2022年第2四半期,改装済み,,千代田区,2022,2,1984.0,38.0,0.0,1625000.0,66680,903780,1355.39892
中古マンション等,不動産取引価格情報,13101,東京都,千代田区,一番町,半蔵門,0,17000000,,20,1976年,ＳＲＣ,住宅,事務所,商業,80.0,600.0,2022年第1四半期,未改装,,千代田区,2022,1,1976.0,46.0,0.0,850000.0,66680,903780,1355.39892
中古マンション等,不動産取引価格情報,13101,東京都,千代田区,一番町,半蔵門,3,150000000,１ＬＤＫ,75,2004年,ＳＲＣ,住宅,住宅,商業,80.0,500.0,2022年第1四半期,未改装,,千代田区,2022,1,2004.0,18.0,3.0,2000000.0,66680,903780,1355.39892
中古マンション等,不動産取引価格情報,13101,東京都,千代田区,一番町,半蔵門,3,210000000,２ＬＤＫ,90,2019年,ＲＣ,住宅,その他,２種住居,80.0,500.0,2021年第4四半期,改装済み,,千代田区,2021,4,2019.0,2.0,3.0,2333333.3333333335,66680,903780,1355.39892
中古マンション等,不動産取引価格情報,13101,東京都,千代田区,一番町,半蔵門,2,260000000,３ＬＤＫ,160,,ＲＣ,住宅,住宅,商業,80.0,500.0,2021年第4四半期,改装済み,,千代田区,2021,4,,,2.0,1625000.0,66680,903780,1355.39892
中古マンション等,不動産取引価格情報,13101,東京都,千代田区,一番町,半蔵門,3,170000000,２ＬＤＫ,70,2019年,ＲＣ,住宅,住宅,２種住居,80.0,500.0,2021年第4四半期,改装済み,,千代田区,2021,4,2019.0,2.0,3.0,2428571.4285714286,66680,903780,1355.39892
中古マンション等,不動産取引価格情報,13101,東京都,千代田区,一番町,半蔵門,2,120000000,２ＤＫ,55,2016年,ＲＣ,住宅,,２種住居,60.0,400.0,2021年第4四半期,未改装,,千代田区,2021,4,2016.0,5.0,2.0,2181818.1818181816,66680,903780,1355.39892
中古マンション等,不動産取引価格情報,13101,東京都,千代田区,一番町,半蔵門,3,270000000,２ＬＤＫ,105,2016年,ＲＣ,住宅,住宅,２種住居,60.0,400.0,2021年第4四半期,未改装,,千代田区,2021,4,2016.0,5.0,3.0,2571428.5714285714,66680,903780,1355.39892
中古マンション等,不動産取引価格情報,13101,東京都,千代田区,一番町,半蔵門,0,130000000,３ＬＤＫ,105,,,住宅,住宅,商業,80.0,600.0,2021年第4四半期,未改装,,千代田区,2021,4,,,0.0,1238095.238095238,66680,903780,1355.39892
中古マンション等,不動産取引価格情報,13101,東京都,千代田区,一番町,半蔵門,3,220000000,３ＬＤＫ,85,2019年,ＲＣ,住宅,住宅,２種住居,80.0,500.0,2021年第4四半期,未改装,,千代田区,2021,4,2019.0,2.0,3.0,2588235.294117647,66680,903780,1355.39892
中古マンション等,不動産取引価格情報,13101,東京都,千代田区,一番町,半蔵門,0,16000000,１Ｋ,20,1976年,ＳＲＣ,住宅,事務所,商業,80.0,600.0,2021年第4四半期,未改装,,千代田区,2021,4,1976.0,45.0,0.0,800000.0,66680,903780,1355.39892
中古マンション等,不動産取引価格情報,13101,東京都,千代田区,一番町,半蔵門,2,130000000,２ＬＤＫ,85,2001年,ＳＲＣ,住宅,住宅,２種住居,80.0,500.0,2021年第3四半期,未改装,,千代田区,2021,3,2001.0,20.0,2.0,1529411.7647058824,66680,903780,1355.39892
中古マンション等,不動産取引価格情報,13101,東京都,千代田区,一番町,半蔵門,3,240000000,２ＬＤＫ,105,2016年,ＲＣ,住宅,住宅,１種住居,60.0,400.0,2021年第3四半期,未改装,,千代田区,2021,3,2016.0,5.0,3.0,2285714.285714286,66680,903780,1355.39892
中古マンション等,不動産取引価格情報,13101,東京都,千代田区,一番町,半蔵門,2,52000000,１ＬＤＫ＋Ｓ,50,1977年,ＲＣ,住宅,住宅,２種住居,80.0,500.0,2021年第3四半期,未改装,,千代田区,2021,3,1977.0,44.0,2.0,1040000.0,66680,903780,1355.39892
中古マンション等,不動産取引価格情報,13101,東京都,千代田区,一番町,半蔵門,2,73000000,１ＬＤＫ,45,2009年,ＲＣ,住宅,住宅,商業,80.0,500.0,2021年第3四半期,未改装,,千代田区,2021,3,2009.0,12.0,2.0,1622222.2222222222,66680,903780,1355.39892
中古マンション等,不動産取引価格情報,13101,東京都,千代田区,一番町,半蔵門,2,170000000,２ＬＤＫ,85,2001年,ＳＲＣ,住宅,住宅,２種住居,80.0,500.0,2021年第3四半期,改装済み,,千代田区,2021,3,2001.0,20.0,2.0,2000000.0,66680,903780,1355.39892
中古マンション等,不動産取引価格情報,13101,東京都,千代田区,一番町,半蔵門,1,58000000,１ＬＤＫ,55,1984年,ＳＲＣ,住宅,住宅,商業,80.0,500.0,2021年第2四半期,改装済み,,千代田区,2021,2,1984.0,37.0,1.0,1054545.4545454546,66680,903780,1355.39892
中古マンション等,不動産取引価格情報,13101,東京都,千代田区,一番町,半蔵門,1,51000000,１ＬＤＫ,55,1984年,ＳＲＣ,,住宅,商業,80.0,500.0,2021年第2四半期,未改装,,千代田区,2021,2,1984.0,37.0,1.0,927272.7272727273,66680,903780,1355.39892
中古マンション等,不動産取引価格情報,13101,東京都,千代田区,一番町,半蔵門,2,2500000000,３ＬＤＫ,115,2001年,ＳＲＣ,,住宅,２種住居,80.0,500.0,2021年第2四半期,,,千代田区,2021,2,2001.0,20.0,2.0,21739130.43478261,66680,903780,1355.39892
中古マンション等,不動産取引価格情報,13101,東京都,千代田区,一番町,半蔵門,0,11000000,１Ｋ,20,1976年,ＳＲＣ,住宅,その他,商業,80.0,600.0,2021年第2四半期,未改装,,千代田区,2021,2,1976.0,45.0,0.0,550000.0,66680,903780,1355.39892
中古マンション等,不動産取引価格情報,13101,東京都,千代田区,一番町,半蔵門,1,140000000,３ＬＤＫ,95,1984年,ＳＲＣ,住宅,住宅,商業,80.0,600.0,2021年第2四半期,改装済み,,千代田区,2021,2,1984.0,37.0,1.0,1473684.2105263157,66680,903780,1355.39892
中古マンション等,不動産取引価格情報,13101,東京都,千代田区,一番町,半蔵門,2,48000000,１ＤＫ,35,1977年,ＲＣ,住宅,住宅,２種住居,80.0,500.0,2021年第2四半期,改装済み,,千代田区,2021,2,1977.0,44.0,2.0,1371428.5714285714,66680,903780,1355.39892
中古マンション等,不動産取引価格情報,13101,東京都,千代田区,一番町,半蔵門,1,49000000,１Ｋ,40,1984年,ＳＲＣ,住宅,事務所,商業,80.0,500.0,2021年第2四半期,未改装,,千代田区,2021,2,1984.0,37.0,1.0,1225000.0,66680,903780,1355.39892
中古マンション等,不動産取引価格情報,13101,東京都,千代田区,一番町,半蔵門,2,150000000,２ＬＤＫ,80,2001年,ＳＲＣ,住宅,住宅,２種住居,80.0,500.0,2021年第1四半期,未改装,,千代田区,2021,1,2001.0,20.0,2.0,1875000.0,66680,903780,1355.39892
中古マンション等,不動産取引価格情報,13101,東京都,千代田区,一番町,半蔵門,2,68000000,１ＬＤＫ,45,2010年,ＲＣ,住宅,住宅,商業,80.0,500.0,2021年第1四半期,改装済み,,千代田区,2021,1,2010.0,11.0,2.0,1511111.111111111,66680,903780,1355.39892
中古マンション等,不動産取引価格情報,13101,東京都,千代田区,一番町,半蔵門,3,220000000,３ＬＤＫ,95,2019年,ＲＣ,住宅,住宅,２種住居,80.0,500.0,2021年第1四半期,未改装,,千代田区,2021,1,2019.0,2.0,3.0,2315789.4736842103,66680,903780,1355.39892
中古マンション等,不動産取引価格情報,13101,東京都,千代田区,岩本町,秋葉原,11,24000000,,20,2002年,ＲＣ,,住宅,商業,80.0,500.0,2022年第4四半期,,,千代田区,2022,4,2002.0,20.0,11.0,1200000.0,66680,903780,1355.39892
中古マンション等,不動産取引価格情報,13101,東京都,千代田区,岩本町,秋葉原,11,24000000,１Ｋ,25,2002年,ＲＣ,住宅,住宅,商業,80.0,500.0,2021年第1四半期,未改装,,千代田区,2021,1,2002.0,19.0,11.0,960000.0,66680,903780,1355.39892
中古マンション等,不動産取引価格情報,13101,東京都,千代田区,岩本町,岩本町,4,44000000,１Ｒ,30,2016年,ＲＣ,住宅,住宅,商業,80.0,600.0,2025年第3四半期,未改装,,千代田区,2025,3,2016.0,9.0,4.0,1466666.6666666667,66680,903780,1355.39892
中古マンション等,不動産取引価格情報,13101,東京都,千代田区,岩本町,岩本町,2,34000000,,25,2004年,ＳＲＣ,住宅,,商業,80.0,600.0,2025年第3四半期,,,千代田区,2025,3,2004.0,21.0,2.0,1360000.0,66680,903780,1355.39892
中古マンション等,不動産取引価格情報,13101,東京都,千代田区,岩本町,岩本町,4,43000000,１Ｋ,30,2000年,ＳＲＣ,住宅,住宅,商業,80.0,600.0,2025年第2四半期,改装済み,,千代田区,2025,2,2000.0,25.0,4.0,1433333.3333333333,66680,903780,1355.39892
中古マンション等,不動産取引価格情報,13101,東京都,千代田区,岩本町,岩本町,4,27000000,１Ｋ,20,2003年,ＲＣ,住宅,住宅,商業,80.0,600.0,2025年第2四半期,,,千代田区,2025,2,2003.0,22.0,4.0,1350000.0,66680,903780,1355.39892
中古マンション等,不動産取引価格情報,13101,東京都,千代田区,岩本町,岩本町,4,35000000,１Ｋ,20,2016年,ＲＣ,住宅,住宅,商業,80.0,600.0,2025年第2四半期,,,千代田区,2025,2,2016.0,9.0,4.0,1750000.0,66680,903780,1355.39892
中古マンション等,不動産取引価格情報,13101,東京都,千代田区,岩本町,岩本町,2,34000000,１Ｋ,20,2006年,ＳＲＣ,住宅,住宅,商業,80.0,700.0,2025年第2四半期,改装済み,,千代田区,2025,2,2006.0,19.0,2.0,1700000.0,66680,903780,1355.39892
中古マンション等,不動産取引価格情報,13101,東京都,千代田区,岩本町,岩本町,10,31000000,１Ｋ,20,,,,住宅,,,,2025年第1四半期,未改装,,千代田区,2025,1,,,10.0,1550000.0,66680,903780,1355.39892
中古マンション等,不動産取引価格情報,13101,東京都,千代田区,岩本町,岩本町,3,110000000,,95,2015年,ＳＲＣ,店舗,店舗,商業,80.0,600.0,2025年第1四半期,,,千代田区,2025,1,2015.0,10.0,3.0,1157894.7368421052,66680,903780,1355.39892
中古マンション等,不動産取引価格情報,13101,東京都,千代田区,岩本町,岩本町,4,40000000,１Ｋ,25,2018年,ＲＣ,住宅,住宅,商業,80.0,600.0,2024年第4四半期,未改装,,千代田区,2024,4,2018.0,6.0,4.0,1600000.0,66680,903780,1355.39892
中古マンション等,不動産取引価格情報,13101,東京都,千代田区,岩本町,岩本町,4,34000000,１Ｋ,30,2005年,ＲＣ,住宅,住宅,商業,80.0,600.0,2024年第4四半期,未改装,,千代田区,2024,4,2005.0,19.0,4.0,1133333.3333333333,66680,903780,1355.39892
中古マンション等,不動産取引価格情報,13101,東京都,千代田区,岩本町,岩本町,2,20000000,１Ｋ,20,2006年,ＳＲＣ,住宅,住宅,商業,80.0,700.0,2024年第4四半期,未改装,,千代田区,2024,4,2006.0,18.0,2.0,1000000.0,66680,903780,1355.39892
中古マンション等,不動産取引価格情報,13101,東京都,千代田区,岩本町,岩本町,2,29000000,１Ｋ,20,2006年,ＳＲＣ,住宅,住宅,商業,80.0,700.0,2024年第4四半期,未改装,,千代田区,2024,4,2006.0,18.0,2.0,1450000.0,66680,903780,1355.39892
中古マンション等,不動産取引価格情報,13101,東京都,千代田区,岩本町,岩本町,5,40000000,１Ｋ,30,,,,その他,,,,2024年第4四半期,未改装,,千代田区,2024,4,,,5.0,1333333.3333333333,66680,903780,1355.39892
中古マンション等,不動産取引価格情報,13101,東京都,千代田区,岩本町,岩本町,2,32000000,,20,2006年,ＳＲＣ,,住宅,商業,80.0,700.0,2024年第3四半期,,,千代田区,2024,3,2006.0,18.0,2.0,1600000.0,66680,903780,1355.39892
中古マンション等,不動産取引価格情報,13101,東京都,千代田区,岩本町,岩本町,4,45000000,１ＬＤＫ,30,2015年,ＲＣ,住宅,住宅,商業,80.0,600.0,2024年第3四半期,,,千代田区,2024,3,2015.0,9.0,4.0,1500000.0,66680,903780,1355.39892
中古マンション等,不動産取引価格情報,13101,東京都,千代田区,岩本町,岩本町,4,47000000,１ＬＤＫ,40,2005年,ＲＣ,住宅,住宅,商業,80.0,600.0,2024年第3四半期,未改装,,千代田区,2024,3,2005.0,19.0,4.0,1175000.0,66680,903780,1355.39892
中古マンション等,不動産取引価格情報,13101,東京都,千代田区,岩本町,岩本町,4,26000000,１Ｋ,20,2004年,ＳＲＣ,,住宅,商業,80.0,800.0,2024年第2四半期,未改装,,千代田区,2024,2,2004.0,20.0,4.0,1300000.0,66680,903780,1355.39892
中古マンション等,不動産取引価格情報,13101,東京都,千代田区,岩本町,岩本町,4,45000000,１ＬＤＫ,40,2005年,ＲＣ,住宅,住宅,商業,80.0,600.0,2024年第2四半期,,,千代田区,2024,2,2005.0,19.0,4.0,1125000.0,66680,903780,1355.39892
中古マンション等,不動産取引価格情報,13101,東京都,千代田区,岩本町,岩本町,3,34000000,１Ｋ,30,2006年,ＲＣ,住宅,住宅,商業,80.0,500.0,2024年第2四半期,改装済み,,千代田区,2024,2,2006.0,18.0,3.0,1133333.3333333333,66680,903780,1355.39892
中古マンション等,不動産取引価格情報,13101,東京都,千代田区,岩本町,岩本町,2,31000000,１Ｋ,20,2006年,ＳＲＣ,住宅,住宅,商業,80.0,700.0,2024年第2四半期,,,千代田区,2024,2,2006.0,18.0,2.0,1550000.0,66680,903780,1355.39892
中古マンション等,不動産取引価格情報,13101,東京都,千代田区,岩本町,岩本町,1,27000000,,20,2004年,ＳＲＣ,,住宅,商業,80.0,700.0,2024年第2四半期,,,千代田区,2024,2,2004.0,20.0,1.0,1350000.0,66680,903780,1355.39892
中古マンション等,不動産取引価格情報,13101,東京都,千代田区,岩本町,岩本町,4,25000000,１Ｋ,20,2003年,ＲＣ,住宅,住宅,商業,80.0,600.0,2024年第1四半期,未改装,,千代田区,2024,1,2003.0,21.0,4.0,1250000.0,66680,903780,1355.39892
中古マンション等,不動産取引価格情報,13101,東京都,千代田区,岩本町,岩本町,2,30000000,１Ｋ,20,2006年,ＳＲＣ,住宅,住宅,商業,80.0,700.0,2024年第1四半期,未改装,,千代田区,2024,1,2006.0,18.0,2.0,1500000.0,66680,903780,1355.39892
中古マンション等,不動産取引価格情報,13101,東京都,千代田区,岩本町,岩本町,2,32000000,１Ｋ,20,2006年,ＳＲＣ,住宅,住宅,商業,80.0,600.0,2024年第1四半期,未改装,,千代田区,2024,1,2006.0,18.0,2.0,1600000.0,66680,903780,1355.39892
中古マンション等,不動産取引価格情報,13101,東京都,千代田区,岩本町,岩本町,2,32000000,１Ｋ,20,2006年,ＳＲＣ,住宅,その他,商業,80.0,700.0,2024年第1四半期,,,千代田区,2024,1,2006.0,18.0,2.0,1600000.0,66680,903780,1355.39892
中古マンション等,不動産取引価格情報,13101,東京都,千代田区,岩本町,岩本町,3,63000000,１ＬＤＫ,40,2016年,ＲＣ,住宅,事務所,商業,80.0,800.0,2023年第4四半期,未改装,,千代田区,2023,4,2016.0,7.0,3.0,1575000.0,66680,903780,1355.39892
中古マンション等,不動産取引価格情報,13101,東京都,千代田区,岩本町,岩本町,3,48000000,,30,2016年,ＲＣ,,,商業,80.0,800.0,2023年第4四半期,,,千代田区,2023,4,2016.0,7.0,3.0,1600000.0,66680,903780,1355.39892
中古マンション等,不動産取引価格情報,13101,東京都,千代田区,岩本町,岩本町,2,30000000,１Ｋ,20,2006年,ＳＲＣ,住宅,住宅,商業,80.0,700.0,2023年第4四半期,未改装,,千代田区,2023,4,2006.0,17.0,2.0,1500000.0,66680,903780,1355.39892
中古マンション等,不動産取引価格情報,13101,東京都,千代田区,岩本町,岩本町,3,36000000,１Ｋ,25,2020年,ＲＣ,,その他,商業,80.0,600.0,2023年第4四半期,未改装,,千代田区,2023,4,2020.0,3.0,3.0,1440000.0,66680,903780,1355.39892
中古マンション等,不動産取引価格情報,13101,東京都,千代田区,岩本町,岩本町,4,40000000,１Ｋ＋Ｓ,35,2000年,ＳＲＣ,住宅,住宅,商業,80.0,600.0,2023年第4四半期,未改装,,千代田区,2023,4,2000.0,23.0,4.0,1142857.142857143,66680,903780,1355.39892
中古マンション等,不動産取引価格情報,13101,東京都,千代田区,岩本町,岩本町,3,62000000,１ＬＤＫ,35,2016年,ＲＣ,住宅,,商業,80.0,800.0,2023年第4四半期,未改装,,千代田区,2023,4,2016.0,7.0,3.0,1771428.5714285714,66680,903780,1355.39892
中古マンション等,不動産取引価格情報,13101,東京都,千代田区,岩本町,岩本町,4,25000000,１Ｋ,25,2000年,ＳＲＣ,,住宅,商業,80.0,600.0,2023年第3四半期,,,千代田区,2023,3,2000.0,23.0,4.0,1000000.0,66680,903780,1355.39892
中古マンション等,不動産取引価格情報,13101,東京都,千代田区,岩本町,岩本町,3,57000000,１ＬＤＫ,40,2016年,ＲＣ,住宅,住宅,商業,80.0,800.0,2023年第3四半期,未改装,,千代田区,2023,3,2016.0,7.0,3.0,1425000.0,66680,903780,1355.39892
中古マンション等,不動産取引価格情報,13101,東京都,千代田区,岩本町,岩本町,2,29000000,１Ｋ,20,2006年,ＳＲＣ,住宅,住宅,商業,80.0,700.0,2023年第3四半期,未改装,,千代田区,2023,3,2006.0,17.0,2.0,1450000.0,66680,903780,1355.39892
中古マンション等,不動産取引価格情報,13101,東京都,千代田区,岩本町,岩本町,3,22000000,１Ｋ,20,2003年,ＳＲＣ,住宅,住宅,商業,80.0,800.0,2023年第3四半期,未改装,,千代田区,2023,3,2003.0,20.0,3.0,1100000.0,66680,903780,1355.39892
中古マンション等,不動産取引価格情報,13101,東京都,千代田区,岩本町,岩本町,1,29000000,１Ｋ,20,2004年,ＳＲＣ,住宅,住宅,商業,80.0,700.0,2023年第3四半期,未改装,,千代田区,2023,3,2004.0,19.0,1.0,1450000.0,66680,903780,1355.39892
中古マンション等,不動産取引価格情報,13101,東京都,千代田区,岩本町,岩本町,4,27000000,１Ｋ＋Ｓ,35,2000年,ＳＲＣ,住宅,住宅,商業,80.0,600.0,2023年第2四半期,,,千代田区,2023,2,2000.0,23.0,4.0,771428.5714285715,66680,903780,1355.39892
中古マンション等,不動産取引価格情報,13101,東京都,千代田区,岩本町,岩本町,4,24000000,１Ｋ,20,2004年,ＳＲＣ,住宅,住宅,商業,80.0,800.0,2023年第2四半期,未改装,,千代田区,2023,2,2004.0,19.0,4.0,1200000.0,66680,903780,1355.39892
中古マンション等,不動産取引価格情報,13101,東京都,千代田区,岩本町,岩本町,4,38000000,１ＤＫ,30,2007年,ＲＣ,,,商業,80.0,700.0,2023年第1四半期,,,千代田区,2023,1,2007.0,16.0,4.0,1266666.6666666667,66680,903780,1355.39892
中古マンション等,不動産取引価格情報,13101,東京都,千代田区,岩本町,岩本町,2,31000000,１Ｋ,20,2006年,ＳＲＣ,住宅,住宅,商業,80.0,700.0,2023年第1四半期,未改装,,千代田区,2023,1,2006.0,17.0,2.0,1550000.0,66680,903780,1355.39892
中古マンション等,不動産取引価格情報,13101,東京都,千代田区,岩本町,岩本町,2,30000000,１Ｋ,20,2006年,ＳＲＣ,,住宅,商業,80.0,700.0,2023年第1四半期,,,千代田区,2023,1,2006.0,17.0,2.0,1500000.0,66680,903780,1355.39892
中古マンション等,不動産取引価格情報,13101,東京都,千代田区,岩本町,岩本町,4,32000000,１Ｋ,25,2008年,ＲＣ,住宅,住宅,商業,80.0,600.0,2022年第4四半期,未改装,,千代田区,2022,4,2008.0,14.0,4.0,1280000.0,66680,903780,1355.39892
中古マンション等,不動産取引価格情報,13101,東京都,千代田区,岩本町,岩本町,2,30000000,１Ｋ,20,2006年,ＳＲＣ,住宅,住宅,商業,80.0,600.0,2022年第4四半期,未改装,,千代田区,2022,4,2006.0,16.0,2.0,1500000.0,66680,903780,1355.39892
中古マンション等,不動産取引価格情報,13101,東京都,千代田区,岩本町,岩本町,2,31000000,１Ｋ,20,2006年,ＳＲＣ,住宅,住宅,商業,80.0,700.0,2022年第3四半期,改装済み,,千代田区,2022,3,2006.0,16.0,2.0,1550000.0,66680,903780,1355.39892
中古マンション等,不動産取引価格情報,13101,東京都,千代田区,岩本町,岩本町,4,27000000,１Ｋ,20,2007年,ＲＣ,住宅,住宅,商業,80.0,700.0,2022年第3四半期,未改装,,千代田区,2022,3,2007.0,15.0,4.0,1350000.0,66680,903780,1355.39892
中古マンション等,不動産取引価格情報,13101,東京都,千代田区,岩本町,岩本町,2,30000000,１ＬＤＫ,20,2006年,ＳＲＣ,,住宅,商業,80.0,700.0,2022年第3四半期,改装済み,,千代田区,2022,3,2006.0,16.0,2.0,1500000.0,66680,903780,1355.39892
中古マンション等,不動産取引価格情報,13101,東京都,千代田区,岩本町,岩本町,2,29000000,１Ｋ,20,2006年,ＳＲＣ,住宅,住宅,商業,80.0,700.0,2022年第3四半期,未改装,,千代田区,2022,3,2006.0,16.0,2.0,1450000.0,66680,903780,1355.39892
中古マンション等,不動産取引価格情報,13101,東京都,千代田区,岩本町,岩本町,4,52000000,１ＬＤＫ,50,2008年,ＲＣ,,住宅,商業,80.0,600.0,2022年第3四半期,未改装,,千代田区,2022,3,2008.0,14.0,4.0,1040000.0,66680,903780,1355.39892
中古マンション等,不動産取引価格情報,13101,東京都,千代田区,岩本町,岩本町,4,52000000,１ＬＤＫ,40,2015年,ＲＣ,住宅,住宅,商業,80.0,600.0,2022年第3四半期,,,千代田区,2022,3,2015.0,7.0,4.0,1300000.0,66680,903780,1355.39892
中古マンション等,不動産取引価格情報,13101,東京都,千代田区,岩本町,岩本町,4,27000000,,20,2007年,ＲＣ,,,商業,80.0,700.0,2022年第3四半期,,,千代田区,2022,3,2007.0,15.0,4.0,1350000.0,66680,903780,1355.39892
中古マンション等,不動産取引価格情報,13101,東京都,千代田区,岩本町,岩本町,3,20000000,１Ｒ,20,2003年,ＳＲＣ,住宅,住宅,商業,80.0,800.0,2022年第3四半期,未改装,,千代田区,2022,3,2003.0,19.0,3.0,1000000.0,66680,903780,1355.39892
中古マンション等,不動産取引価格情報,13101,東京都,千代田区,岩本町,岩本町,4,40000000,１ＤＫ,30,2007年,ＲＣ,,住宅,商業,80.0,700.0,2022年第3四半期,未改装,,千代田区,2022,3,2007.0,15.0,4.0,1333333.3333333333,66680,903780,1355.39892
中古マンション等,不動産取引価格情報,13101,東京都,千代田区,岩本町,岩本町,4,62000000,１ＬＤＫ,50,2008年,ＲＣ,住宅,住宅,商業,80.0,600.0,2022年第3四半期,改装済み,,千代田区,2022,3,2008.0,14.0,4.0,1240000.0,66680,903780,1355.39892
中古マンション等,不動産取引価格情報,13101,東京都,千代田区,岩本町,岩本町,4,45000000,１ＬＤＫ,40,2015年,ＲＣ,住宅,住宅,商業,80.0,600.0,2022年第2四半期,未改装,,千代田区,2022,2,2015.0,7.0,4.0,1125000.0,66680,903780,1355.39892
中古マンション等,不動産取引価格情報,13101,東京都,千代田区,岩本町,岩本町,4,28000000,１Ｋ,20,2007年,ＲＣ,,住宅,商業,80.0,700.0,2022年第2四半期,未改装,,千代田区,2022,2,2007.0,15.0,4.0,1400000.0,66680,903780,1355.39892
中古マンション等,不動産取引価格情報,13101,東京都,千代田区,岩本町,岩本町,4,48000000,１ＬＤＫ,40,2015年,ＲＣ,,住宅,商業,80.0,600.0,2022年第2四半期,未改装,,千代田区,2022,2,2015.0,7.0,4.0,1200000.0,66680,903780,1355.39892
中古マンション等,不動産取引価格情報,13101,東京都,千代田区,岩本町,岩本町,4,23000000,１Ｋ,20,2004年,ＳＲＣ,住宅,住宅,商業,80.0,800.0,2022年第2四半期,改装済み,,千代田区,2022,2,2004.0,18.0,4.0,1150000.0,66680,903780,1355.39892
中古マンション等,不動産取引価格情報,13101,東京都,千代田区,岩本町,岩本町,2,31000000,１Ｋ,25,2006年,ＳＲＣ,住宅,住宅,商業,80.0,600.0,2022年第2四半期,未改装,,千代田区,2022,2,2006.0,16.0,2.0,1240000.0,66680,903780,1355.39892
中古マンション等,不動産取引価格情報,13101,東京都,千代田区,岩本町,岩本町,2,30000000,１Ｋ,20,2006年,ＳＲＣ,住宅,,商業,80.0,700.0,2022年第2四半期,改装済み,,千代田区,2022,2,2006.0,16.0,2.0,1500000.0,66680,903780,1355.39892
中古マンション等,不動産取引価格情報,13101,東京都,千代田区,岩本町,岩本町,3,47000000,,30,2016年,ＲＣ,,,商業,80.0,800.0,2022年第1四半期,,,千代田区,2022,1,2016.0,6.0,3.0,1566666.6666666667,66680,903780,1355.39892
中古マンション等,不動産取引価格情報,13101,東京都,千代田区,岩本町,岩本町,1,26000000,１Ｋ,20,2004年,ＳＲＣ,,住宅,商業,80.0,700.0,2022年第1四半期,未改装,,千代田区,2022,1,2004.0,18.0,1.0,1300000.0,66680,903780,1355.39892
中古マンション等,不動産取引価格情報,13101,東京都,千代田区,岩本町,岩本町,4,26000000,１Ｋ,20,2003年,ＲＣ,住宅,その他,商業,80.0,600.0,2022年第1四半期,未改装,,千代田区,2022,1,2003.0,19.0,4.0,1300000.0,66680,903780,1355.39892
中古マンション等,不動産取引価格情報,13101,東京都,千代田区,岩本町,岩本町,4,27000000,１Ｋ,20,2004年,ＳＲＣ,住宅,住宅,商業,80.0,800.0,2022年第1四半期,未改装,,千代田区,2022,1,2004.0,18.0,4.0,1350000.0,66680,903780,1355.39892
中古マンション等,不動産取引価格情報,13101,東京都,千代田区,岩本町,岩本町,4,29000000,１Ｋ,25,2013年,ＲＣ,,住宅,商業,80.0,600.0,2022年第1四半期,未改装,,千代田区,2022,1,2013.0,9.0,4.0,1160000.0,66680,903780,1355.39892
中古マンション等,不動産取引価格情報,13101,東京都,千代田区,岩本町,岩本町,3,44000000,１ＬＤＫ,30,2015年,ＲＣ,,住宅,商業,80.0,600.0,2022年第1四半期,未改装,,千代田区,2022,1,2015.0,7.0,3.0,1466666.6666666667,66680,903780,1355.39892
中古マンション等,不動産取引価格情報,13101,東京都,千代田区,岩本町,岩本町,4,37000000,１ＤＫ,30,2007年,ＲＣ,住宅,住宅,商業,80.0,700.0,2021年第4四半期,未改装,,千代田区,2021,4,2007.0,14.0,4.0,1233333.3333333333,66680,903780,1355.39892
中古マンション等,不動産取引価格情報,13101,東京都,千代田区,岩本町,岩本町,2,27000000,１ＤＫ,20,2006年,ＳＲＣ,住宅,住宅,商業,80.0,700.0,2021年第4四半期,未改装,,千代田区,2021,4,2006.0,15.0,2.0,1350000.0,66680,903780,1355.39892
中古マンション等,不動産取引価格情報,13101,東京都,千代田区,岩本町,岩本町,4,30000000,１Ｋ,25,2008年,ＲＣ,住宅,住宅,商業,80.0,600.0,2021年第4四半期,未改装,,千代田区,2021,4,2008.0,13.0,4.0,1200000.0,66680,903780,1355.39892
中古マンション等,不動産取引価格情報,13101,東京都,千代田区,岩本町,岩本町,3,51000000,１ＬＤＫ,35,2016年,ＲＣ,住宅,住宅,商業,80.0,800.0,2021年第4四半期,未改装,,千代田区,2021,4,2016.0,5.0,3.0,1457142.857142857,66680,903780,1355.39892
中古マンション等,不動産取引価格情報,13101,東京都,千代田区,岩本町,岩本町,2,28000000,１Ｋ,20,2006年,ＳＲＣ,住宅,住宅,商業,80.0,700.0,2021年第4四半期,未改装,,千代田区,2021,4,2006.0,15.0,2.0,1400000.0,66680,903780,1355.39892
中古マンション等,不動産取引価格情報,13101,東京都,千代田区,岩本町,岩本町,4,34000000,１ＬＤＫ,35,2000年,ＳＲＣ,住宅,住宅,商業,80.0,600.0,2021年第3四半期,,,千代田区,2021,3,2000.0,21.0,4.0,971428.5714285715,66680,903780,1355.39892
中古マンション等,不動産取引価格情報,13101,東京都,千代田区,岩本町,岩本町,2,29000000,１Ｋ,20,2006年,ＳＲＣ,住宅,住宅,商業,80.0,700.0,2021年第3四半期,未改装,,千代田区,2021,3,2006.0,15.0,2.0,1450000.0,66680,903780,1355.39892
中古マンション等,不動産取引価格情報,13101,東京都,千代田区,岩本町,岩本町,4,42000000,１ＤＫ,30,2018年,ＲＣ,,住宅,商業,80.0,600.0,2021年第3四半期,未改装,,千代田区,2021,3,2018.0,3.0,4.0,1400000.0,66680,903780,1355.39892
中古マンション等,不動産取引価格情報,13101,東京都,千代田区,岩本町,岩本町,4,29000000,１Ｋ,30,2000年,ＳＲＣ,,事務所,商業,80.0,600.0,2021年第3四半期,未改装,,千代田区,2021,3,2000.0,21.0,4.0,966666.6666666666,66680,903780,1355.39892
中古マンション等,不動産取引価格情報,13101,東京都,千代田区,岩本町,岩本町,2,30000000,１Ｋ,20,2006年,ＳＲＣ,住宅,その他,商業,80.0,700.0,2021年第3四半期,未改装,,千代田区,2021,3,2006.0,15.0,2.0,1500000.0,66680,903780,1355.39892
中古マンション等,不動産取引価格情報,13101,東京都,千代田区,岩本町,岩本町,3,33000000,１Ｋ,30,2006年,ＲＣ,住宅,住宅,商業,80.0,500.0,2021年第2四半期,改装済み,,千代田区,2021,2,2006.0,15.0,3.0,1100000.0,66680,903780,1355.39892
中古マンション等,不動産取引価格情報,13101,東京都,千代田区,岩本町,岩本町,4,43000000,１ＬＤＫ,40,2005年,ＲＣ,住宅,その他,商業,80.0,600.0,2021年第2四半期,未改装,,千代田区,2021,2,2005.0,16.0,4.0,1075000.0,66680,903780,1355.39892
中古マンション等,不動産取引価格情報,13101,東京都,千代田区,岩本町,岩本町,3,32000000,,30,2006年,ＲＣ,住宅,住宅,商業,80.0,500.0,2021年第2四半期,未改装,,千代田区,2021,2,2006.0,15.0,3.0,1066666.6666666667,66680,903780,1355.39892
中古マンション等,不動産取引価格情報,13101,東京都,千代田区,岩本町,岩本町,1,22000000,１Ｋ,20,2004年,ＳＲＣ,,住宅,商業,80.0,700.0,2021年第2四半期,未改装,,千代田区,2021,2,2004.0,17.0,1.0,1100000.0,66680,903780,1355.39892
中古マンション等,不動産取引価格情報,13101,東京都,千代田区,岩本町,岩本町,4,27000000,１Ｋ,25,2013年,ＲＣ,住宅,住宅,商業,80.0,600.0,2021年第2四半期,,,千代田区,2021,2,2013.0,8.0,4.0,1080000.0,66680,903780,1355.39892
中古マンション等,不動産取引価格情報,13101,東京都,千代田区,岩本町,岩本町,4,30000000,１Ｋ,25,2008年,ＲＣ,住宅,その他,商業,80.0,600.0,2021年第1四半期,未改装,,千代田区,2021,1,2008.0,13.0,4.0,1200000.0,66680,903780,1355.39892
中古マンション等,不動産取引価格情報,13101,東京都,千代田区,岩本町,岩本町,2,29000000,１Ｋ,20,2006年,ＳＲＣ,,住宅,商業,80.0,700.0,2021年第1四半期,未改装,,千代田区,2021,1,2006.0,15.0,2.0,1450000.0,66680,903780,1355.39892
中古マンション等,不動産取引価格情報,13101,東京都,千代田区,岩本町,岩本町,4,32000000,１Ｋ＋Ｓ,35,2000年,ＳＲＣ,住宅,住宅,商業,80.0,600.0,2021年第1四半期,未改装,,千代田区,2021,1,2000.0,21.0,4.0,914285.7142857143,66680,903780,1355.39892
中古マンション等,不動産取引価格情報,13101,東京都,千代田区,岩本町,岩本町,2,27000000,１Ｋ,20,2006年,ＳＲＣ,住宅,住宅,商業,80.0,700.0,2021年第1四半期,未改装,,千代田区,2021,1,2006.0,15.0,2.0,1350000.0,66680,903780,1355.39892
中古マンション等,不動産取引価格情報,13101,東京都,千代田区,岩本町,岩本町,4,53000000,１ＬＤＫ,40,2015年,ＲＣ,住宅,住宅,商業,80.0,600.0,2021年第1四半期,,,千代田区,2021,1,2015.0,6.0,4.0,1325000.0,66680,903780,1355.39892
中古マンション等,不動産取引価格情報,13101,東京都,千代田区,岩本町,神田(東京),6,38000000,１ＬＤＫ,25,2014年,ＲＣ,,住宅,商業,80.0,600.0,2021年第3四半期,未改装,,千代田区,2021,3,2014.0,7.0,6.0,1520000.0,66680,903780,1355.39892
中古マンション等,不動産取引価格情報,13101,東京都,千代田区,岩本町,神田(東京),6,31000000,１Ｋ,25,2014年,ＲＣ,,住宅,商業,80.0,600.0,2021年第3四半期,,,千代田区,2021,3,2014.0,7.0,6.0,1240000.0,66680,903780,1355.39892
中古マンション等,不動産取引価格情報,13101,東京都,千代田区,岩本町,神田(東京),6,36000000,１Ｋ,20,2014年,ＲＣ,住宅,住宅,商業,80.0,600.0,2021年第2四半期,未改装,,千代田区,2021,2,2014.0,7.0,6.0,1800000.0,66680,903780,1355.39892
中古マンション等,不動産取引価格情報,13101,東京都,千代田区,岩本町,神田(東京),6,39000000,１ＬＤＫ,25,2014年,ＲＣ,住宅,住宅,商業,80.0,600.0,2021年第2四半期,未改装,,千代田区,2021,2,2014.0,7.0,6.0,1560000.0,66680,903780,1355.39892
中古マンション等,不動産取引価格情報,13101,東京都,千代田区,岩本町,小伝馬町,4,41000000,１ＬＤＫ,30,2009年,ＲＣ,住宅,住宅,商業,80.0,600.0,2025年第4四半期,未改装,,千代田区,2025,4,2009.0,16.0,4.0,1366666.6666666667,66680,903780,1355.39892
中古マンション等,不動産取引価格情報,13101,東京都,千代田区,岩本町,小伝馬町,4,36000000,１ＤＫ,25,,,,住宅,,,,2025年第4四半期,,,千代田区,2025,4,,,4.0,1440000.0,66680,903780,1355.39892
中古マンション等,不動産取引価格情報,13101,東京都,千代田区,岩本町,小伝馬町,3,14000000,１Ｋ,15,1978年,ＳＲＣ,住宅,住宅,商業,80.0,700.0,2025年第2四半期,未改装,,千代田区,2025,2,1978.0,47.0,3.0,933333.3333333334,66680,903780,1355.39892
中古マンション等,不動産取引価格情報,13101,東京都,千代田区,岩本町,小伝馬町,4,54000000,１ＬＤＫ,40,2005年,ＲＣ,住宅,住宅,商業,80.0,600.0,2025年第2四半期,未改装,,千代田区,2025,2,2005.0,20.0,4.0,1350000.0,66680,903780,1355.39892
中古マンション等,不動産取引価格情報,13101,東京都,千代田区,岩本町,小伝馬町,2,60000000,１ＬＤＫ,35,,,,住宅,,,,2025年第2四半期,未改装,,千代田区,2025,2,,,2.0,1714285.7142857143,66680,903780,1355.39892
中古マンション等,不動産取引価格情報,13101,東京都,千代田区,岩本町,小伝馬町,3,20000000,,25,1978年,ＳＲＣ,住宅,住宅,商業,80.0,700.0,2025年第1四半期,,,千代田区,2025,1,1978.0,47.0,3.0,800000.0,66680,903780,1355.39892
中古マンション等,不動産取引価格情報,13101,東京都,千代田区,岩本町,小伝馬町,4,49000000,１ＬＤＫ,40,2006年,ＲＣ,住宅,住宅,商業,80.0,600.0,2025年第1四半期,未改装,,千代田区,2025,1,2006.0,19.0,4.0,1225000.0,66680,903780,1355.39892
中古マンション等,不動産取引価格情報,13101,東京都,千代田区,岩本町,小伝馬町,3,150000000,３ＬＤＫ,70,2013年,ＲＣ,,住宅,商業,80.0,600.0,2024年第3四半期,未改装,,千代田区,2024,3,2013.0,11.0,3.0,2142857.1428571427,66680,903780,1355.39892
中古マンション等,不動産取引価格情報,13101,東京都,千代田区,岩本町,小伝馬町,3,55000000,１ＬＤＫ,55,2013年,ＲＣ,住宅,住宅,商業,80.0,600.0,2023年第4四半期,改装済み,,千代田区,2023,4,2013.0,10.0,3.0,1000000.0,66680,903780,1355.39892
中古マンション等,不動産取引価格情報,13101,東京都,千代田区,岩本町,小伝馬町,4,37000000,１Ｋ,30,2009年,ＲＣ,住宅,住宅,商業,80.0,600.0,2023年第3四半期,未改装,,千代田区,2023,3,2009.0,14.0,4.0,1233333.3333333333,66680,903780,1355.39892
中古マンション等,不動産取引価格情報,13101,東京都,千代田区,岩本町,小伝馬町,4,43000000,１ＬＤＫ,35,2009年,ＲＣ,,,商業,80.0,600.0,2023年第3四半期,未改装,,千代田区,2023,3,2009.0,14.0,4.0,1228571.4285714286,66680,903780,1355.39892
中古マンション等,不動産取引価格情報,13101,東京都,千代田区,岩本町,小伝馬町,3,25000000,１Ｋ,25,2002年,ＳＲＣ,,住宅,商業,80.0,600.0,2023年第3四半期,改装済み,,千代田区,2023,3,2002.0,21.0,3.0,1000000.0,66680,903780,1355.39892
中古マンション等,不動産取引価格情報,13101,東京都,千代田区,岩本町,小伝馬町,2,47000000,１ＬＤＫ,35,2014年,ＲＣ,,住宅,商業,80.0,700.0,2023年第3四半期,未改装,,千代田区,2023,3,2014.0,9.0,2.0,1342857.142857143,66680,903780,1355.39892
中古マンション等,不動産取引価格情報,13101,東京都,千代田区,岩本町,小伝馬町,4,34000000,,25,2009年,ＲＣ,,住宅,商業,80.0,600.0,2023年第2四半期,,,千代田区,2023,2,2009.0,14.0,4.0,1360000.0,66680,903780,1355.39892
中古マンション等,不動産取引価格情報,13101,東京都,千代田区,岩本町,小伝馬町,4,29000000,,25,2009年,ＲＣ,住宅,住宅,商業,80.0,600.0,2023年第1四半期,,,千代田区,2023,1,2009.0,14.0,4.0,1160000.0,66680,903780,1355.39892
中古マンション等,不動産取引価格情報,13101,東京都,千代田区,岩本町,小伝馬町,4,31000000,,30,2009年,ＲＣ,住宅,住宅,商業,80.0,600.0,2023年第1四半期,,,千代田区,2023,1,2009.0,14.0,4.0,1033333.3333333334,66680,903780,1355.39892
中古マンション等,不動産取引価格情報,13101,東京都,千代田区,岩本町,小伝馬町,4,33000000,１Ｋ,30,2009年,ＲＣ,,住宅,商業,80.0,600.0,2022年第4四半期,未改装,,千代田区,2022,4,2009.0,13.0,4.0,1100000.0,66680,903780,1355.39892
中古マンション等,不動産取引価格情報,13101,東京都,千代田区,岩本町,小伝馬町,4,32000000,１Ｋ,25,2006年,ＲＣ,住宅,住宅,商業,80.0,600.0,2022年第3四半期,,,千代田区,2022,3,2006.0,16.0,4.0,1280000.0,66680,903780,1355.39892
中古マンション等,不動産取引価格情報,13101,東京都,千代田区,岩本町,小伝馬町,3,24000000,１Ｋ,25,2002年,ＳＲＣ,,住宅,商業,80.0,600.0,2022年第3四半期,,,千代田区,2022,3,2002.0,20.0,3.0,960000.0,66680,903780,1355.39892
中古マンション等,不動産取引価格情報,13101,東京都,千代田区,岩本町,小伝馬町,4,31000000,１Ｋ,25,2006年,ＲＣ,住宅,住宅,商業,80.0,600.0,2022年第3四半期,改装済み,,千代田区,2022,3,2006.0,16.0,4.0,1240000.0,66680,903780,1355.39892
中古マンション等,不動産取引価格情報,13101,東京都,千代田区,岩本町,小伝馬町,4,26000000,,25,2009年,ＲＣ,,住宅,商業,80.0,600.0,2022年第3四半期,未改装,,千代田区,2022,3,2009.0,13.0,4.0,1040000.0,66680,903780,1355.39892
中古マンション等,不動産取引価格情報,13101,東京都,千代田区,岩本町,小伝馬町,4,26000000,,25,2009年,ＲＣ,住宅,住宅,商業,80.0,600.0,2022年第3四半期,,,千代田区,2022,3,2009.0,13.0,4.0,1040000.0,66680,903780,1355.39892
中古マンション等,不動産取引価格情報,13101,東京都,千代田区,岩本町,小伝馬町,4,22000000,１Ｋ,20,2005年,ＲＣ,,住宅,商業,80.0,600.0,2022年第2四半期,未改装,,千代田区,2022,2,2005.0,17.0,4.0,1100000.0,66680,903780,1355.39892
中古マンション等,不動産取引価格情報,13101,東京都,千代田区,岩本町,小伝馬町,3,83000000,３ＬＤＫ,65,2013年,ＲＣ,住宅,住宅,商業,80.0,600.0,2022年第2四半期,未改装,,千代田区,2022,2,2013.0,9.0,3.0,1276923.076923077,66680,903780,1355.39892
中古マンション等,不動産取引価格情報,13101,東京都,千代田区,岩本町,小伝馬町,4,37000000,１ＤＫ,30,2009年,ＲＣ,住宅,その他,商業,80.0,600.0,2022年第2四半期,,,千代田区,2022,2,2009.0,13.0,4.0,1233333.3333333333,66680,903780,1355.39892
中古マンション等,不動産取引価格情報,13101,東京都,千代田区,岩本町,小伝馬町,4,34000000,１Ｋ,25,2009年,ＲＣ,住宅,その他,商業,80.0,600.0,2022年第2四半期,,,千代田区,2022,2,2009.0,13.0,4.0,1360000.0,66680,903780,1355.39892
中古マンション等,不動産取引価格情報,13101,東京都,千代田区,岩本町,小伝馬町,4,46000000,１ＬＤＫ,35,2006年,ＲＣ,住宅,住宅,商業,80.0,600.0,2022年第2四半期,改装済み,,千代田区,2022,2,2006.0,16.0,4.0,1314285.7142857143,66680,903780,1355.39892
中古マンション等,不動産取引価格情報,13101,東京都,千代田区,岩本町,小伝馬町,2,80000000,１ＬＤＫ,55,2013年,ＲＣ,,住宅,商業,80.0,600.0,2022年第1四半期,未改装,,千代田区,2022,1,2013.0,9.0,2.0,1454545.4545454546,66680,903780,1355.39892
中古マンション等,不動産取引価格情報,13101,東京都,千代田区,岩本町,小伝馬町,4,41000000,１ＬＤＫ,35,2009年,ＲＣ,,その他,商業,80.0,600.0,2022年第1四半期,未改装,,千代田区,2022,1,2009.0,13.0,4.0,1171428.5714285714,66680,903780,1355.39892
中古マンション等,不動産取引価格情報,13101,東京都,千代田区,岩本町,小伝馬町,3,37000000,オープンフロア,30,1978年,ＳＲＣ,店舗,店舗,商業,80.0,700.0,2021年第4四半期,改装済み,,千代田区,2021,4,1978.0,43.0,3.0,1233333.3333333333,66680,903780,1355.39892
中古マンション等,不動産取引価格情報,13101,東京都,千代田区,岩本町,小伝馬町,4,36000000,１Ｋ,30,2006年,ＲＣ,住宅,住宅,商業,80.0,600.0,2021年第2四半期,,,千代田区,2021,2,2006.0,15.0,4.0,1200000.0,66680,903780,1355.39892
中古マンション等,不動産取引価格情報,13101,東京都,千代田区,岩本町,小伝馬町,3,69000000,２ＬＤＫ,55,2013年,ＲＣ,,住宅,商業,80.0,600.0,2021年第2四半期,未改装,,千代田区,2021,2,2013.0,8.0,3.0,1254545.4545454546,66680,903780,1355.39892
中古マンション等,不動産取引価格情報,13101,東京都,千代田区,岩本町,小伝馬町,4,26000000,,25,2009年,ＲＣ,住宅,住宅,商業,80.0,600.0,2021年第2四半期,,,千代田区,2021,2,2009.0,12.0,4.0,1040000.0,66680,903780,1355.39892
中古マンション等,不動産取引価格情報,13101,東京都,千代田区,岩本町,小伝馬町,4,47000000,１ＬＤＫ,40,2012年,ＲＣ,住宅,住宅,商業,80.0,600.0,2021年第1四半期,未改装,,千代田区,2021,1,2012.0,9.0,4.0,1175000.0,66680,903780,1355.39892
中古マンション等,不動産取引価格情報,13101,東京都,千代田区,岩本町,小伝馬町,4,41000000,１ＤＫ,35,2006年,ＲＣ,住宅,その他,商業,80.0,600.0,2021年第1四半期,未改装,,千代田区,2021,1,2006.0,15.0,4.0,1171428.5714285714,66680,903780,1355.39892
中古マンション等,不動産取引価格情報,13101,東京都,千代田区,岩本町,新日本橋,4,25000000,１Ｋ,20,2003年,ＲＣ,住宅,住宅,商業,80.0,800.0,2022年第3四半期,,,千代田区,2022,3,2003.0,19.0,4.0,1250000.0,66680,903780,1355.39892
中古マンション等,不動産取引価格情報,13101,東京都,千代田区,岩本町,新日本橋,4,26000000,１Ｋ,20,2003年,ＲＣ,,その他,商業,80.0,800.0,2022年第3四半期,未改装,,千代田区,2022,3,2003.0,19.0,4.0,1300000.0,66680,903780,1355.39892
中古マンション等,不動産取引価格情報,13101,東京都,千代田区,岩本町,新日本橋,4,28000000,１Ｋ,20,2003年,ＲＣ,住宅,住宅,商業,80.0,800.0,2022年第3四半期,未改装,,千代田区,2022,3,2003.0,19.0,4.0,1400000.0,66680,903780,1355.39892
中古マンション等,不動産取引価格情報,13101,東京都,千代田区,岩本町,新日本橋,4,18000000,１Ｋ,20,2003年,ＲＣ,住宅,その他,商業,80.0,800.0,2022年第2四半期,未改装,,千代田区,2022,2,2003.0,19.0,4.0,900000.0,66680,903780,1355.39892
中古マンション等,不動産取引価格情報,13101,東京都,千代田区,岩本町,新日本橋,4,22000000,１Ｋ,20,2003年,ＲＣ,住宅,住宅,商業,80.0,800.0,2021年第4四半期,未改装,,千代田区,2021,4,2003.0,18.0,4.0,1100000.0,66680,903780,1355.39892
中古マンション等,不動産取引価格情報,13101,東京都,千代田区,岩本町,馬喰町,4,17000000,,15,1981年,ＲＣ,住宅,住宅,商業,80.0,600.0,2025年第4四半期,,,千代田区,2025,4,1981.0,44.0,4.0,1133333.3333333333,66680,903780,1355.39892
中古マンション等,不動産取引価格情報,13101,東京都,千代田区,岩本町,馬喰町,4,24000000,１Ｋ,20,,,,事務所,,,,2025年第3四半期,未改装,,千代田区,2025,3,,,4.0,1200000.0,66680,903780,1355.39892
中古マンション等,不動産取引価格情報,13101,東京都,千代田区,岩本町,馬喰町,4,23000000,１Ｋ,20,2005年,ＲＣ,住宅,住宅,商業,80.0,600.0,2024年第1四半期,,,千代田区,2024,1,2005.0,19.0,4.0,1150000.0,66680,903780,1355.39892
中古マンション等,不動産取引価格情報,13101,東京都,千代田区,岩本町,馬喰町,4,11000000,１Ｒ,15,1981年,ＲＣ,住宅,住宅,商業,80.0,600.0,2023年第2四半期,未改装,,千代田区,2023,2,1981.0,42.0,4.0,733333.3333333334,66680,903780,1355.39892
中古マンション等,不動産取引価格情報,13101,東京都,千代田区,岩本町,馬喰町,3,14000000,１ＤＫ,20,1981年,ＲＣ,住宅,事務所,商業,80.0,600.0,2022年第2四半期,未改装,,千代田区,2022,2,1981.0,41.0,3.0,700000.0,66680,903780,1355.39892
中古マンション等,不動産取引価格情報,13101,東京都,千代田区,岩本町,馬喰町,3,11000000,,20,1981年,ＲＣ,その他,その他,商業,80.0,600.0,2021年第4四半期,未改装,,千代田区,2021,4,1981.0,40.0,3.0,550000.0,66680,903780,1355.39892
中古マンション等,不動産取引価格情報,13101,東京都,千代田区,岩本町,馬喰町,5,23000000,１Ｋ,20,2002年,ＲＣ,住宅,住宅,商業,80.0,600.0,2021年第4四半期,未改装,,千代田区,2021,4,2002.0,19.0,5.0,1150000.0,66680,903780,1355.39892
中古マンション等,不動産取引価格情報,13101,東京都,千代田区,岩本町,馬喰町,3,10000000,１Ｋ,15,1981年,ＲＣ,住宅,住宅,商業,80.0,600.0,2021年第2四半期,未改装,,千代田区,2021,2,1981.0,40.0,3.0,666666.6666666666,66680,903780,1355.39892
中古マンション等,不動産取引価格情報,13101,東京都,千代田区,岩本町,馬喰町,5,24000000,１Ｋ,20,2002年,ＲＣ,住宅,その他,商業,80.0,600.0,2021年第2四半期,改装済み,,千代田区,2021,2,2002.0,19.0,5.0,1200000.0,66680,903780,1355.39892
中古マンション等,不動産取引価格情報,13101,東京都,千代田区,岩本町,日比谷,4,50000000,１ＬＤＫ,40,2018年,ＲＣ,住宅,住宅,商業,80.0,600.0,2021年第4四半期,未改装,,千代田区,2021,4,2018.0,3.0,4.0,1250000.0,66680,903780,1355.39892
中古マンション等,不動産取引価格情報,13101,東京都,千代田区,内神田,大手町(東京),6,280000000,,85,,ＲＣ,住宅,,商業,80.0,600.0,2025年第3四半期,,,千代田区,2025,3,,,6.0,3294117.6470588236,66680,903780,1355.39892
中古マンション等,不動産取引価格情報,13101,東京都,千代田区,内神田,大手町(東京),4,120000000,２ＬＤＫ,50,2022年,ＲＣ,住宅,住宅,商業,80.0,800.0,2025年第3四半期,未改装,,千代田区,2025,3,2022.0,3.0,4.0,2400000.0,66680,903780,1355.39892
中古マンション等,不動産取引価格情報,13101,東京都,千代田区,内神田,大手町(東京),4,110000000,１ＬＤＫ,35,2022年,ＲＣ,住宅,住宅,商業,80.0,800.0,2025年第2四半期,未改装,,千代田区,2025,2,2022.0,3.0,4.0,3142857.1428571427,66680,903780,1355.39892
中古マンション等,不動産取引価格情報,13101,東京都,千代田区,内神田,大手町(東京),5,26000000,１Ｋ,20,2007年,ＳＲＣ,住宅,住宅,商業,80.0,600.0,2024年第4四半期,未改装,,千代田区,2024,4,2007.0,17.0,5.0,1300000.0,66680,903780,1355.39892
中古マンション等,不動産取引価格情報,13101,東京都,千代田区,内神田,大手町(東京),5,25000000,１Ｋ,20,2001年,ＲＣ,住宅,住宅,商業,80.0,600.0,2024年第2四半期,未改装,,千代田区,2024,2,2001.0,23.0,5.0,1250000.0,66680,903780,1355.39892
中古マンション等,不動産取引価格情報,13101,東京都,千代田区,内神田,大手町(東京),4,51000000,１Ｋ,25,2022年,ＲＣ,住宅,その他,商業,80.0,800.0,2024年第2四半期,未改装,,千代田区,2024,2,2022.0,2.0,4.0,2040000.0,66680,903780,1355.39892
中古マンション等,不動産取引価格情報,13101,東京都,千代田区,内神田,大手町(東京),4,220000000,３ＬＤＫ,75,2022年,ＲＣ,住宅,事務所,商業,80.0,800.0,2024年第1四半期,改装済み,,千代田区,2024,1,2022.0,2.0,4.0,2933333.3333333335,66680,903780,1355.39892
中古マンション等,不動産取引価格情報,13101,東京都,千代田区,内神田,大手町(東京),5,27000000,１Ｋ,20,2007年,ＳＲＣ,,住宅,商業,80.0,600.0,2024年第1四半期,未改装,,千代田区,2024,1,2007.0,17.0,5.0,1350000.0,66680,903780,1355.39892
中古マンション等,不動産取引価格情報,13101,東京都,千代田区,内神田,大手町(東京),5,120000000,１ＬＤＫ,50,2019年,ＲＣ,住宅,住宅,商業,80.0,600.0,2024年第1四半期,未改装,,千代田区,2024,1,2019.0,5.0,5.0,2400000.0,66680,903780,1355.39892
中古マンション等,不動産取引価格情報,13101,東京都,千代田区,内神田,大手町(東京),4,65000000,１ＬＤＫ,35,2014年,ＲＣ,住宅,住宅,商業,80.0,600.0,2023年第4四半期,未改装,,千代田区,2023,4,2014.0,9.0,4.0,1857142.857142857,66680,903780,1355.39892
中古マンション等,不動産取引価格情報,13101,東京都,千代田区,内神田,大手町(東京),5,120000000,２ＬＤＫ,55,2013年,ＲＣ,住宅,住宅,商業,80.0,800.0,2023年第4四半期,未改装,,千代田区,2023,4,2013.0,10.0,5.0,2181818.1818181816,66680,903780,1355.39892
中古マンション等,不動産取引価格情報,13101,東京都,千代田区,内神田,大手町(東京),5,22000000,,20,,ＲＣ,住宅,住宅,商業,80.0,600.0,2022年第3四半期,,,千代田区,2022,3,,,5.0,1100000.0,66680,903780,1355.39892
中古マンション等,不動産取引価格情報,13101,東京都,千代田区,内神田,大手町(東京),5,81000000,２ＬＤＫ,55,2013年,ＲＣ,住宅,住宅,商業,80.0,800.0,2022年第1四半期,未改装,,千代田区,2022,1,2013.0,9.0,5.0,1472727.2727272727,66680,903780,1355.39892
中古マンション等,不動産取引価格情報,13101,東京都,千代田区,内神田,大手町(東京),5,28000000,１ＤＫ,20,2007年,ＳＲＣ,,住宅,商業,80.0,600.0,2022年第1四半期,未改装,,千代田区,2022,1,2007.0,15.0,5.0,1400000.0,66680,903780,1355.39892
中古マンション等,不動産取引価格情報,13101,東京都,千代田区,内神田,大手町(東京),4,50000000,１ＬＤＫ,35,,ＲＣ,住宅,住宅,商業,80.0,600.0,2021年第4四半期,未改装,,千代田区,2021,4,,,4.0,1428571.4285714286,66680,903780,1355.39892
中古マンション等,不動産取引価格情報,13101,東京都,千代田区,内神田,大手町(東京),4,65000000,１ＬＤＫ,35,2022年,ＲＣ,,住宅,商業,80.0,800.0,2021年第4四半期,未改装,,千代田区,2021,4,2022.0,-1.0,4.0,1857142.857142857,66680,903780,1355.39892
中古マンション等,不動産取引価格情報,13101,東京都,千代田区,内神田,大手町(東京),5,120000000,３ＬＤＫ,70,2019年,ＲＣ,,住宅,商業,80.0,600.0,2021年第3四半期,未改装,,千代田区,2021,3,2019.0,2.0,5.0,1714285.7142857143,66680,903780,1355.39892
中古マンション等,不動産取引価格情報,13101,東京都,千代田区,内神田,大手町(東京),5,85000000,３ＬＤＫ,70,2013年,ＲＣ,住宅,住宅,商業,80.0,800.0,2021年第1四半期,未改装,,千代田区,2021,1,2013.0,8.0,5.0,1214285.7142857143,66680,903780,1355.39892
中古マンション等,不動産取引価格情報,13101,東京都,千代田区,内神田,大手町(東京),5,73000000,２ＬＤＫ,50,2013年,ＲＣ,住宅,住宅,商業,80.0,800.0,2021年第1四半期,未改装,,千代田区,2021,1,2013.0,8.0,5.0,1460000.0,66680,903780,1355.39892
中古マンション等,不動産取引価格情報,13101,東京都,千代田区,内神田,小川町(東京),4,63000000,１ＬＤＫ,40,2014年,ＲＣ,住宅,住宅,商業,80.0,600.0,2025年第1四半期,未改装,,千代田区,2025,1,2014.0,11.0,4.0,1575000.0,66680,903780,1355.39892
中古マンション等,不動産取引価格情報,13101,東京都,千代田区,内神田,小川町(東京),4,43000000,１Ｋ,25,2015年,ＲＣ,,その他,商業,80.0,800.0,2023年第1四半期,未改装,,千代田区,2023,1,2015.0,8.0,4.0,1720000.0,66680,903780,1355.39892
中古マンション等,不動産取引価格情報,13101,東京都,千代田区,内神田,小川町(東京),4,140000000,３ＬＤＫ,70,2015年,ＲＣ,住宅,住宅,商業,80.0,800.0,2022年第4四半期,改装済み,,千代田区,2022,4,2015.0,7.0,4.0,2000000.0,66680,903780,1355.39892
中古マンション等,不動産取引価格情報,13101,東京都,千代田区,内神田,小川町(東京),4,59000000,１ＬＤＫ,40,2014年,ＲＣ,住宅,住宅,商業,80.0,600.0,2022年第1四半期,,,千代田区,2022,1,2014.0,8.0,4.0,1475000.0,66680,903780,1355.39892
中古マンション等,不動産取引価格情報,13101,東京都,千代田区,内神田,小川町(東京),4,72000000,２ＤＫ,55,2013年,ＲＣ,,住宅,商業,80.0,800.0,2021年第3四半期,未改装,,千代田区,2021,3,2013.0,8.0,4.0,1309090.9090909092,66680,903780,1355.39892
中古マンション等,不動産取引価格情報,13101,東京都,千代田区,内神田,小川町(東京),4,45000000,１ＬＤＫ,30,2019年,ＲＣ,住宅,住宅,商業,80.0,600.0,2021年第1四半期,改装済み,,千代田区,2021,1,2019.0,2.0,4.0,1500000.0,66680,903780,1355.39892
中古マンション等,不動産取引価格情報,13101,東京都,千代田区,内神田,神田(東京),3,31000000,,20,2005年,ＲＣ,住宅,,商業,80.0,800.0,2025年第3四半期,,,千代田区,2025,3,2005.0,20.0,3.0,1550000.0,66680,903780,1355.39892
中古マンション等,不動産取引価格情報,13101,東京都,千代田区,内神田,神田(東京),2,28000000,１Ｋ,20,2005年,ＲＣ,住宅,住宅,商業,80.0,600.0,2025年第2四半期,,,千代田区,2025,2,2005.0,20.0,2.0,1400000.0,66680,903780,1355.39892
中古マンション等,不動産取引価格情報,13101,東京都,千代田区,内神田,神田(東京),2,26000000,,20,2005年,ＲＣ,住宅,住宅,商業,80.0,600.0,2025年第1四半期,,,千代田区,2025,1,2005.0,20.0,2.0,1300000.0,66680,903780,1355.39892
中古マンション等,不動産取引価格情報,13101,東京都,千代田区,内神田,神田(東京),6,16000000,,15,1979年,ＳＲＣ,住宅,事務所,商業,80.0,700.0,2024年第4四半期,未改装,,千代田区,2024,4,1979.0,45.0,6.0,1066666.6666666667,66680,903780,1355.39892
中古マンション等,不動産取引価格情報,13101,東京都,千代田区,内神田,神田(東京),6,18000000,１Ｋ,15,1979年,ＳＲＣ,住宅,住宅,商業,80.0,700.0,2024年第3四半期,未改装,,千代田区,2024,3,1979.0,45.0,6.0,1200000.0,66680,903780,1355.39892
中古マンション等,不動産取引価格情報,13101,東京都,千代田区,内神田,神田(東京),3,31000000,１Ｋ,20,2005年,ＲＣ,住宅,その他,商業,80.0,800.0,2024年第3四半期,未改装,,千代田区,2024,3,2005.0,19.0,3.0,1550000.0,66680,903780,1355.39892
中古マンション等,不動産取引価格情報,13101,東京都,千代田区,内神田,神田(東京),6,14000000,１Ｋ,15,1979年,ＳＲＣ,住宅,住宅,商業,80.0,700.0,2024年第3四半期,,,千代田区,2024,3,1979.0,45.0,6.0,933333.3333333334,66680,903780,1355.39892
中古マンション等,不動産取引価格情報,13101,東京都,千代田区,内神田,神田(東京),6,19000000,１Ｒ,15,1979年,ＳＲＣ,住宅,その他,商業,80.0,700.0,2024年第2四半期,改装済み,,千代田区,2024,2,1979.0,45.0,6.0,1266666.6666666667,66680,903780,1355.39892
中古マンション等,不動産取引価格情報,13101,東京都,千代田区,内神田,神田(東京),2,28000000,１Ｋ,20,2005年,ＲＣ,,住宅,商業,80.0,600.0,2024年第2四半期,,,千代田区,2024,2,2005.0,19.0,2.0,1400000.0,66680,903780,1355.39892
中古マンション等,不動産取引価格情報,13101,東京都,千代田区,内神田,神田(東京),6,23000000,１Ｒ,20,1979年,ＳＲＣ,住宅,住宅,商業,80.0,700.0,2023年第4四半期,未改装,,千代田区,2023,4,1979.0,44.0,6.0,1150000.0,66680,903780,1355.39892
中古マンション等,不動産取引価格情報,13101,東京都,千代田区,内神田,神田(東京),3,24000000,,20,2005年,ＲＣ,,住宅,商業,80.0,800.0,2023年第1四半期,,,千代田区,2023,1,2005.0,18.0,3.0,1200000.0,66680,903780,1355.39892
中古マンション等,不動産取引価格情報,13101,東京都,千代田区,内神田,神田(東京),2,23000000,,20,2005年,ＲＣ,,住宅,商業,80.0,600.0,2022年第4四半期,,,千代田区,2022,4,2005.0,17.0,2.0,1150000.0,66680,903780,1355.39892
中古マンション等,不動産取引価格情報,13101,東京都,千代田区,内神田,神田(東京),3,20000000,１Ｋ,20,2005年,ＲＣ,住宅,住宅,商業,80.0,800.0,2022年第4四半期,未改装,,千代田区,2022,4,2005.0,17.0,3.0,1000000.0,66680,903780,1355.39892
中古マンション等,不動産取引価格情報,13101,東京都,千代田区,内神田,神田(東京),2,23000000,１Ｋ,20,2005年,ＲＣ,,住宅,商業,80.0,600.0,2022年第4四半期,未改装,,千代田区,2022,4,2005.0,17.0,2.0,1150000.0,66680,903780,1355.39892
中古マンション等,不動産取引価格情報,13101,東京都,千代田区,内神田,神田(東京),6,12000000,１Ｋ,20,1979年,ＳＲＣ,住宅,事務所,商業,80.0,700.0,2022年第1四半期,未改装,,千代田区,2022,1,1979.0,43.0,6.0,600000.0,66680,903780,1355.39892
中古マンション等,不動産取引価格情報,13101,東京都,千代田区,内神田,神田(東京),3,21000000,１Ｋ,20,2005年,ＲＣ,住宅,その他,商業,80.0,800.0,2021年第4四半期,,,千代田区,2021,4,2005.0,16.0,3.0,1050000.0,66680,903780,1355.39892
中古マンション等,不動産取引価格情報,13101,東京都,千代田区,内神田,神田(東京),3,21000000,１Ｋ,20,2005年,ＲＣ,住宅,住宅,商業,80.0,800.0,2021年第4四半期,未改装,,千代田区,2021,4,2005.0,16.0,3.0,1050000.0,66680,903780,1355.39892
中古マンション等,不動産取引価格情報,13101,東京都,千代田区,内神田,神田(東京),3,20000000,１Ｋ,20,2005年,ＲＣ,,住宅,商業,80.0,800.0,2021年第2四半期,,,千代田区,2021,2,2005.0,16.0,3.0,1000000.0,66680,903780,1355.39892
中古マンション等,不動産取引価格情報,13101,東京都,千代田区,内神田,神田(東京),3,29000000,１Ｋ,20,2005年,ＲＣ,住宅,住宅,商業,80.0,800.0,2021年第1四半期,,,千代田区,2021,1,2005.0,16.0,3.0,1450000.0,66680,903780,1355.39892
中古マンション等,不動産取引価格情報,13101,東京都,千代田区,鍛冶町,神田(東京),2,130000000,,50,2020年,ＲＣ,,,商業,80.0,600.0,2025年第2四半期,,,千代田区,2025,2,2020.0,5.0,2.0,2600000.0,66680,903780,1355.39892
中古マンション等,不動産取引価格情報,13101,東京都,千代田区,神田淡路町,淡路町,1,54000000,１ＬＤＫ,35,2003年,ＲＣ,住宅,住宅,商業,80.0,600.0,2025年第4四半期,改装済み,,千代田区,2025,4,2003.0,22.0,1.0,1542857.142857143,66680,903780,1355.39892
中古マンション等,不動産取引価格情報,13101,東京都,千代田区,神田淡路町,淡路町,1,66000000,１Ｋ,40,2003年,ＲＣ,住宅,住宅,商業,80.0,600.0,2024年第3四半期,未改装,,千代田区,2024,3,2003.0,21.0,1.0,1650000.0,66680,903780,1355.39892
中古マンション等,不動産取引価格情報,13101,東京都,千代田区,神田淡路町,淡路町,2,220000000,３ＬＤＫ,70,2013年,ＳＲＣ,住宅,住宅,商業,80.0,600.0,2022年第2四半期,改装済み,,千代田区,2022,2,2013.0,9.0,2.0,3142857.1428571427,66680,903780,1355.39892
中古マンション等,不動産取引価格情報,13101,東京都,千代田区,神田淡路町,淡路町,1,49000000,１ＬＤＫ,35,2003年,ＲＣ,住宅,住宅,商業,80.0,600.0,2021年第4四半期,改装済み,,千代田区,2021,4,2003.0,18.0,1.0,1400000.0,66680,903780,1355.39892
中古マンション等,不動産取引価格情報,13101,東京都,千代田区,神田淡路町,小川町(東京),1,31000000,１Ｋ,20,2003年,ＲＣ,,住宅,商業,80.0,500.0,2023年第2四半期,,,千代田区,2023,2,2003.0,20.0,1.0,1550000.0,66680,903780,1355.39892
中古マンション等,不動産取引価格情報,13101,東京都,千代田区,神田淡路町,小川町(東京),1,30000000,スタジオ,25,2003年,ＲＣ,住宅,住宅,商業,80.0,500.0,2023年第1四半期,未改装,,千代田区,2023,1,2003.0,20.0,1.0,1200000.0,66680,903780,1355.39892
中古マンション等,不動産取引価格情報,13101,東京都,千代田区,神田淡路町,小川町(東京),1,26000000,１Ｋ,25,2003年,ＲＣ,住宅,住宅,商業,80.0,500.0,2021年第4四半期,未改装,,千代田区,2021,4,2003.0,18.0,1.0,1040000.0,66680,903780,1355.39892
中古マンション等,不動産取引価格情報,13101,東京都,千代田区,神田淡路町,小川町(東京),1,28000000,１Ｋ,20,2003年,ＲＣ,住宅,住宅,商業,80.0,500.0,2021年第4四半期,改装済み,,千代田区,2021,4,2003.0,18.0,1.0,1400000.0,66680,903780,1355.39892
中古マンション等,不動産取引価格情報,13101,東京都,千代田区,神田淡路町,小川町(東京),1,37000000,２Ｋ,30,2003年,ＲＣ,,住宅,商業,80.0,500.0,2021年第2四半期,未改装,,千代田区,2021,2,2003.0,18.0,1.0,1233333.3333333333,66680,903780,1355.39892
中古マンション等,不動産取引価格情報,13101,東京都,千代田区,神田淡路町,新御茶ノ水,2,300000000,２ＬＤＫ,75,2013年,ＳＲＣ,住宅,住宅,商業,80.0,500.0,2025年第4四半期,改装済み,,千代田区,2025,4,2013.0,12.0,2.0,4000000.0,66680,903780,1355.39892
中古マンション等,不動産取引価格情報,13101,東京都,千代田区,神田淡路町,新御茶ノ水,2,210000000,,65,2013年,ＳＲＣ,住宅,,商業,80.0,500.0,2025年第1四半期,,,千代田区,2025,1,2013.0,12.0,2.0,3230769.230769231,66680,903780,1355.39892
中古マンション等,不動産取引価格情報,13101,東京都,千代田区,神田淡路町,新御茶ノ水,2,460000000,３ＬＤＫ,95,2013年,ＳＲＣ,住宅,住宅,商業,80.0,500.0,2025年第1四半期,改装済み,,千代田区,2025,1,2013.0,12.0,2.0,4842105.263157895,66680,903780,1355.39892
中古マンション等,不動産取引価格情報,13101,東京都,千代田区,神田淡路町,新御茶ノ水,4,430000000,２ＬＤＫ,80,2013年,ＳＲＣ,住宅,住宅,商業,80.0,500.0,2025年第1四半期,未改装,,千代田区,2025,1,2013.0,12.0,4.0,5375000.0,66680,903780,1355.39892
中古マンション等,不動産取引価格情報,13101,東京都,千代田区,神田淡路町,新御茶ノ水,2,190000000,１ＬＤＫ,60,2013年,ＳＲＣ,住宅,住宅,商業,80.0,500.0,2024年第2四半期,,,千代田区,2024,2,2013.0,11.0,2.0,3166666.6666666665,66680,903780,1355.39892
中古マンション等,不動産取引価格情報,13101,東京都,千代田区,神田淡路町,新御茶ノ水,2,250000000,３ＬＤＫ,70,2013年,ＳＲＣ,住宅,住宅,商業,80.0,500.0,2023年第4四半期,改装済み,,千代田区,2023,4,2013.0,10.0,2.0,3571428.5714285714,66680,903780,1355.39892
中古マンション等,不動産取引価格情報,13101,東京都,千代田区,神田淡路町,新御茶ノ水,2,280000000,２ＬＤＫ,80,2013年,ＳＲＣ,住宅,住宅,商業,80.0,500.0,2023年第2四半期,改装済み,,千代田区,2023,2,2013.0,10.0,2.0,3500000.0,66680,903780,1355.39892
中古マンション等,不動産取引価格情報,13101,東京都,千代田区,神田淡路町,新御茶ノ水,2,380000000,３ＬＤＫ,105,2013年,ＳＲＣ,住宅,住宅,商業,80.0,500.0,2023年第2四半期,未改装,,千代田区,2023,2,2013.0,10.0,2.0,3619047.619047619,66680,903780,1355.39892
中古マンション等,不動産取引価格情報,13101,東京都,千代田区,神田淡路町,新御茶ノ水,2,230000000,３ＬＤＫ,75,2013年,ＳＲＣ,住宅,住宅,商業,80.0,500.0,2022年第2四半期,未改装,,千代田区,2022,2,2013.0,9.0,2.0,3066666.6666666665,66680,903780,1355.39892
中古マンション等,不動産取引価格情報,13101,東京都,千代田区,神田淡路町,新御茶ノ水,2,290000000,２ＬＤＫ,90,2013年,ＳＲＣ,住宅,,商業,80.0,500.0,2022年第1四半期,改装済み,,千代田区,2022,1,2013.0,9.0,2.0,3222222.222222222,66680,903780,1355.39892
中古マンション等,不動産取引価格情報,13101,東京都,千代田区,神田淡路町,新御茶ノ水,2,170000000,２ＬＤＫ,60,2013年,ＳＲＣ,住宅,住宅,商業,80.0,500.0,2021年第3四半期,改装済み,,千代田区,2021,3,2013.0,8.0,2.0,2833333.3333333335,66680,903780,1355.39892
中古マンション等,不動産取引価格情報,13101,東京都,千代田区,神田和泉町,秋葉原,3,24000000,１Ｋ,20,2005年,ＲＣ,住宅,住宅,商業,80.0,500.0,2024年第4四半期,,,千代田区,2024,4,2005.0,19.0,3.0,1200000.0,66680,903780,1355.39892
中古マンション等,不動産取引価格情報,13101,東京都,千代田区,神田和泉町,秋葉原,3,28000000,１Ｋ,20,2005年,ＲＣ,住宅,住宅,商業,80.0,500.0,2024年第1四半期,改装済み,,千代田区,2024,1,2005.0,19.0,3.0,1400000.0,66680,903780,1355.39892
中古マンション等,不動産取引価格情報,13101,東京都,千代田区,神田和泉町,秋葉原,4,24000000,１Ｋ,20,2001年,ＳＲＣ,住宅,住宅,商業,80.0,500.0,2023年第4四半期,未改装,,千代田区,2023,4,2001.0,22.0,4.0,1200000.0,66680,903780,1355.39892
中古マンション等,不動産取引価格情報,13101,東京都,千代田区,神田和泉町,秋葉原,4,27000000,１Ｋ,20,2004年,ＲＣ,住宅,住宅,商業,80.0,500.0,2023年第3四半期,未改装,,千代田区,2023,3,2004.0,19.0,4.0,1350000.0,66680,903780,1355.39892
中古マンション等,不動産取引価格情報,13101,東京都,千代田区,神田和泉町,秋葉原,4,34000000,１ＤＫ,30,2004年,ＲＣ,,住宅,商業,80.0,500.0,2023年第2四半期,未改装,,千代田区,2023,2,2004.0,19.0,4.0,1133333.3333333333,66680,903780,1355.39892
中古マンション等,不動産取引価格情報,13101,東京都,千代田区,神田和泉町,秋葉原,4,24000000,１ＤＫ,20,2000年,ＲＣ,,住宅,商業,80.0,500.0,2023年第1四半期,未改装,,千代田区,2023,1,2000.0,23.0,4.0,1200000.0,66680,903780,1355.39892
中古マンション等,不動産取引価格情報,13101,東京都,千代田区,神田和泉町,秋葉原,4,24000000,１Ｋ,20,2000年,ＲＣ,住宅,住宅,商業,80.0,500.0,2021年第4四半期,未改装,,千代田区,2021,4,2000.0,21.0,4.0,1200000.0,66680,903780,1355.39892
中古マンション等,不動産取引価格情報,13101,東京都,千代田区,神田和泉町,秋葉原,3,27000000,１Ｋ,20,2005年,ＲＣ,住宅,住宅,商業,80.0,500.0,2021年第1四半期,,,千代田区,2021,1,2005.0,16.0,3.0,1350000.0,66680,903780,1355.39892
中古マンション等,不動産取引価格情報,13101,東京都,千代田区,神田和泉町,浅草橋,6,53000000,２ＬＤＫ,50,2000年,ＲＣ,,その他,商業,80.0,600.0,2022年第1四半期,未改装,,千代田区,2022,1,2000.0,22.0,6.0,1060000.0,66680,903780,1355.39892
中古マンション等,不動産取引価格情報,13101,東京都,千代田区,神田和泉町,浅草橋,6,57000000,２ＬＤＫ,50,2000年,ＲＣ,,住宅,商業,80.0,600.0,2021年第3四半期,改装済み,,千代田区,2021,3,2000.0,21.0,6.0,1140000.0,66680,903780,1355.39892
中古マンション等,不動産取引価格情報,13101,東京都,千代田区,神田小川町,淡路町,1,100000000,１ＬＤＫ,45,2010年,ＲＣ,住宅,住宅,商業,80.0,600.0,2024年第4四半期,未改装,,千代田区,2024,4,2010.0,14.0,1.0,2222222.222222222,66680,903780,1355.39892
中古マンション等,不動産取引価格情報,13101,東京都,千代田区,神田小川町,小川町(東京),3,12000000,１Ｋ,15,1980年,ＳＲＣ,住宅,住宅,商業,80.0,600.0,2025年第2四半期,未改装,,千代田区,2025,2,1980.0,45.0,3.0,800000.0,66680,903780,1355.39892
中古マンション等,不動産取引価格情報,13101,東京都,千代田区,神田小川町,小川町(東京),3,15000000,１Ｒ,15,1980年,ＳＲＣ,住宅,その他,商業,80.0,600.0,2024年第3四半期,未改装,,千代田区,2024,3,1980.0,44.0,3.0,1000000.0,66680,903780,1355.39892
中古マンション等,不動産取引価格情報,13101,東京都,千代田区,神田小川町,小川町(東京),3,12000000,,15,1980年,ＳＲＣ,事務所,事務所,商業,80.0,600.0,2024年第2四半期,未改装,,千代田区,2024,2,1980.0,44.0,3.0,800000.0,66680,903780,1355.39892
中古マンション等,不動産取引価格情報,13101,東京都,千代田区,神田小川町,小川町(東京),3,19000000,１Ｋ,20,1980年,ＳＲＣ,事務所,事務所,商業,80.0,600.0,2023年第4四半期,,,千代田区,2023,4,1980.0,43.0,3.0,950000.0,66680,903780,1355.39892
中古マンション等,不動産取引価格情報,13101,東京都,千代田区,神田小川町,小川町(東京),3,19000000,１Ｋ,20,1980年,ＳＲＣ,住宅,事務所,商業,80.0,600.0,2023年第1四半期,改装済み,,千代田区,2023,1,1980.0,43.0,3.0,950000.0,66680,903780,1355.39892
中古マンション等,不動産取引価格情報,13101,東京都,千代田区,神田小川町,小川町(東京),3,10000000,１Ｒ,15,1980年,ＳＲＣ,住宅,事務所,商業,80.0,600.0,2021年第1四半期,未改装,,千代田区,2021,1,1980.0,41.0,3.0,666666.6666666666,66680,903780,1355.39892
中古マンション等,不動産取引価格情報,13101,東京都,千代田区,神田小川町,小川町(東京),3,14000000,１Ｒ,15,1980年,ＳＲＣ,住宅,住宅,商業,80.0,600.0,2021年第1四半期,未改装,,千代田区,2021,1,1980.0,41.0,3.0,933333.3333333334,66680,903780,1355.39892
中古マンション等,不動産取引価格情報,13101,東京都,千代田区,神田小川町,小川町(東京),1,72000000,２ＬＤＫ,55,,,住宅,住宅,商業,80.0,500.0,2021年第1四半期,,,千代田区,2021,1,,,1.0,1309090.9090909092,66680,903780,1355.39892
中古マンション等,不動産取引価格情報,13101,東京都,千代田区,神田小川町,小川町(東京),3,14000000,１Ｒ,20,1980年,ＳＲＣ,住宅,その他,商業,80.0,600.0,2021年第1四半期,未改装,,千代田区,2021,1,1980.0,41.0,3.0,700000.0,66680,903780,1355.39892
中古マンション等,不動産取引価格情報,13101,東京都,千代田区,神田小川町,新御茶ノ水,4,20000000,１Ｋ,20,1982年,ＳＲＣ,住宅,住宅,商業,80.0,500.0,2025年第3四半期,,,千代田区,2025,3,1982.0,43.0,4.0,1000000.0,66680,903780,1355.39892
中古マンション等,不動産取引価格情報,13101,東京都,千代田区,神田小川町,新御茶ノ水,4,15000000,１Ｋ,15,1982年,ＳＲＣ,住宅,事務所,商業,80.0,500.0,2025年第1四半期,未改装,,千代田区,2025,1,1982.0,43.0,4.0,1000000.0,66680,903780,1355.39892
中古マンション等,不動産取引価格情報,13101,東京都,千代田区,神田小川町,新御茶ノ水,4,21000000,,20,1982年,ＳＲＣ,事務所,事務所,商業,80.0,500.0,2024年第2四半期,未改装,,千代田区,2024,2,1982.0,42.0,4.0,1050000.0,66680,903780,1355.39892
中古マンション等,不動産取引価格情報,13101,東京都,千代田区,神田小川町,新御茶ノ水,4,16000000,１Ｋ,15,1982年,ＳＲＣ,住宅,住宅,商業,80.0,500.0,2024年第1四半期,未改装,,千代田区,2024,1,1982.0,42.0,4.0,1066666.6666666667,66680,903780,1355.39892
中古マンション等,不動産取引価格情報,13101,東京都,千代田区,神田小川町,新御茶ノ水,4,14000000,１Ｒ,15,1982年,ＳＲＣ,住宅,事務所,商業,80.0,500.0,2023年第4四半期,未改装,,千代田区,2023,4,1982.0,41.0,4.0,933333.3333333334,66680,903780,1355.39892
中古マンション等,不動産取引価格情報,13101,東京都,千代田区,神田小川町,新御茶ノ水,3,16000000,１Ｒ,15,1982年,ＳＲＣ,,事務所,商業,80.0,500.0,2023年第4四半期,未改装,,千代田区,2023,4,1982.0,41.0,3.0,1066666.6666666667,66680,903780,1355.39892
中古マンション等,不動産取引価格情報,13101,東京都,千代田区,神田小川町,新御茶ノ水,4,18000000,１Ｋ,15,1982年,ＳＲＣ,住宅,住宅,商業,80.0,500.0,2023年第1四半期,未改装,,千代田区,2023,1,1982.0,41.0,4.0,1200000.0,66680,903780,1355.39892
中古マンション等,不動産取引価格情報,13101,東京都,千代田区,神田小川町,新御茶ノ水,4,39000000,１ＬＤＫ,35,1982年,ＳＲＣ,住宅,住宅,商業,80.0,500.0,2022年第4四半期,改装済み,,千代田区,2022,4,1982.0,40.0,4.0,1114285.7142857143,66680,903780,1355.39892
中古マンション等,不動産取引価格情報,13101,東京都,千代田区,神田小川町,新御茶ノ水,3,17000000,１Ｋ,15,1982年,ＳＲＣ,,住宅,商業,80.0,500.0,2022年第4四半期,,,千代田区,2022,4,1982.0,40.0,3.0,1133333.3333333333,66680,903780,1355.39892
中古マンション等,不動産取引価格情報,13101,東京都,千代田区,神田小川町,新御茶ノ水,4,14000000,１Ｋ,15,1982年,ＳＲＣ,住宅,住宅,商業,80.0,500.0,2022年第2四半期,未改装,,千代田区,2022,2,1982.0,40.0,4.0,933333.3333333334,66680,903780,1355.39892
中古マンション等,不動産取引価格情報,13101,東京都,千代田区,神田小川町,新御茶ノ水,3,16000000,１Ｋ,15,1982年,ＳＲＣ,住宅,住宅,商業,80.0,500.0,2021年第2四半期,改装済み,,千代田区,2021,2,1982.0,39.0,3.0,1066666.6666666667,66680,903780,1355.39892
中古マンション等,不動産取引価格情報,13101,東京都,千代田区,神田小川町,新御茶ノ水,1,47000000,１ＬＤＫ,35,2012年,ＲＣ,住宅,住宅,商業,80.0,600.0,2021年第2四半期,未改装,,千代田区,2021,2,2012.0,9.0,1.0,1342857.142857143,66680,903780,1355.39892
中古マンション等,不動産取引価格情報,13101,東京都,千代田区,神田小川町,神保町,4,670000000,オープンフロア,330,2017年,鉄骨造,事務所,事務所,商業,80.0,600.0,2025年第3四半期,未改装,,千代田区,2025,3,2017.0,8.0,4.0,2030303.0303030303,66680,903780,1355.39892
中古マンション等,不動産取引価格情報,13101,東京都,千代田区,神田小川町,神保町,4,54000000,１ＤＫ,40,2004年,ＳＲＣ,住宅,住宅,商業,80.0,600.0,2024年第3四半期,未改装,,千代田区,2024,3,2004.0,20.0,4.0,1350000.0,66680,903780,1355.39892
中古マンション等,不動産取引価格情報,13101,東京都,千代田区,神田小川町,神保町,4,38000000,１Ｋ,30,2004年,ＳＲＣ,住宅,住宅,商業,80.0,600.0,2022年第2四半期,未改装,,千代田区,2022,2,2004.0,18.0,4.0,1266666.6666666667,66680,903780,1355.39892
中古マンション等,不動産取引価格情報,13101,東京都,千代田区,神田鍛冶町,神田(東京),2,39000000,１ＤＫ,30,,,,住宅,商業,80.0,600.0,2021年第1四半期,未改装,,千代田区,2021,1,,,2.0,1300000.0,66680,903780,1355.39892
中古マンション等,不動産取引価格情報,13101,東京都,千代田区,神田紺屋町,神田(東京),3,130000000,オープンフロア,50,,,,事務所,,,,2025年第4四半期,未改装,,千代田区,2025,4,,,3.0,2600000.0,66680,903780,1355.39892
中古マンション等,不動産取引価格情報,13101,東京都,千代田区,神田佐久間町,秋葉原,5,19000000,１Ｋ,20,2001年,ＳＲＣ,,住宅,商業,80.0,600.0,2025年第1四半期,未改装,,千代田区,2025,1,2001.0,24.0,5.0,950000.0,66680,903780,1355.39892
中古マンション等,不動産取引価格情報,13101,東京都,千代田区,神田佐久間町,秋葉原,6,66000000,１ＬＤＫ,40,2008年,ＲＣ,住宅,住宅,商業,80.0,600.0,2024年第4四半期,改装済み,,千代田区,2024,4,2008.0,16.0,6.0,1650000.0,66680,903780,1355.39892
中古マンション等,不動産取引価格情報,13101,東京都,千代田区,神田佐久間町,秋葉原,6,34000000,１Ｋ,30,2008年,ＲＣ,住宅,住宅,商業,80.0,600.0,2024年第4四半期,,,千代田区,2024,4,2008.0,16.0,6.0,1133333.3333333333,66680,903780,1355.39892
中古マンション等,不動産取引価格情報,13101,東京都,千代田区,神田佐久間町,秋葉原,6,34000000,１Ｋ,30,2008年,ＲＣ,住宅,住宅,商業,80.0,600.0,2024年第3四半期,,,千代田区,2024,3,2008.0,16.0,6.0,1133333.3333333333,66680,903780,1355.39892
中古マンション等,不動産取引価格情報,13101,東京都,千代田区,神田佐久間町,秋葉原,4,54000000,１ＬＤＫ,45,2003年,ＳＲＣ,住宅,住宅,商業,80.0,800.0,2024年第1四半期,未改装,,千代田区,2024,1,2003.0,21.0,4.0,1200000.0,66680,903780,1355.39892
中古マンション等,不動産取引価格情報,13101,東京都,千代田区,神田佐久間町,秋葉原,6,38000000,１ＤＫ,30,2008年,ＲＣ,住宅,住宅,商業,80.0,600.0,2023年第4四半期,未改装,,千代田区,2023,4,2008.0,15.0,6.0,1266666.6666666667,66680,903780,1355.39892
中古マンション等,不動産取引価格情報,13101,東京都,千代田区,神田佐久間町,秋葉原,4,45000000,３ＬＤＫ,65,2000年,ＳＲＣ,住宅,住宅,商業,80.0,500.0,2023年第3四半期,未改装,,千代田区,2023,3,2000.0,23.0,4.0,692307.6923076923,66680,903780,1355.39892
中古マンション等,不動産取引価格情報,13101,東京都,千代田区,神田佐久間町,秋葉原,4,55000000,２ＤＫ,55,2003年,ＳＲＣ,住宅,住宅,商業,80.0,800.0,2023年第3四半期,未改装,,千代田区,2023,3,2003.0,20.0,4.0,1000000.0,66680,903780,1355.39892
中古マンション等,不動産取引価格情報,13101,東京都,千代田区,神田佐久間町,秋葉原,5,21000000,１Ｋ,20,2001年,ＳＲＣ,,住宅,商業,80.0,600.0,2023年第2四半期,未改装,,千代田区,2023,2,2001.0,22.0,5.0,1050000.0,66680,903780,1355.39892
中古マンション等,不動産取引価格情報,13101,東京都,千代田区,神田佐久間町,秋葉原,3,60000000,１ＬＤＫ,40,2019年,ＲＣ,,住宅,商業,80.0,600.0,2023年第1四半期,未改装,,千代田区,2023,1,2019.0,4.0,3.0,1500000.0,66680,903780,1355.39892
中古マンション等,不動産取引価格情報,13101,東京都,千代田区,神田佐久間町,秋葉原,5,36000000,１Ｒ,30,2018年,ＲＣ,住宅,住宅,商業,80.0,600.0,2023年第1四半期,未改装,,千代田区,2023,1,2018.0,5.0,5.0,1200000.0,66680,903780,1355.39892
中古マンション等,不動産取引価格情報,13101,東京都,千代田区,神田佐久間町,秋葉原,6,37000000,１Ｋ,30,2008年,ＲＣ,住宅,住宅,商業,80.0,600.0,2023年第1四半期,未改装,,千代田区,2023,1,2008.0,15.0,6.0,1233333.3333333333,66680,903780,1355.39892
中古マンション等,不動産取引価格情報,13101,東京都,千代田区,神田佐久間町,秋葉原,4,39000000,１Ｋ,30,2006年,ＲＣ,,住宅,商業,80.0,500.0,2022年第4四半期,未改装,,千代田区,2022,4,2006.0,16.0,4.0,1300000.0,66680,903780,1355.39892
中古マンション等,不動産取引価格情報,13101,東京都,千代田区,神田佐久間町,秋葉原,5,22000000,１Ｋ,15,2001年,ＳＲＣ,住宅,住宅,商業,80.0,600.0,2022年第3四半期,未改装,,千代田区,2022,3,2001.0,21.0,5.0,1466666.6666666667,66680,903780,1355.39892
中古マンション等,不動産取引価格情報,13101,東京都,千代田区,神田佐久間町,秋葉原,4,57000000,１ＬＤＫ,55,2006年,ＲＣ,,住宅,商業,80.0,500.0,2022年第2四半期,未改装,,千代田区,2022,2,2006.0,16.0,4.0,1036363.6363636364,66680,903780,1355.39892
中古マンション等,不動産取引価格情報,13101,東京都,千代田区,神田佐久間町,秋葉原,4,55000000,１ＬＤＫ,55,2006年,ＲＣ,,住宅,商業,80.0,500.0,2022年第2四半期,未改装,,千代田区,2022,2,2006.0,16.0,4.0,1000000.0,66680,903780,1355.39892
中古マンション等,不動産取引価格情報,13101,東京都,千代田区,神田佐久間町,秋葉原,5,52000000,１ＤＫ,40,2018年,ＲＣ,,住宅,商業,80.0,600.0,2022年第2四半期,未改装,,千代田区,2022,2,2018.0,4.0,5.0,1300000.0,66680,903780,1355.39892
中古マンション等,不動産取引価格情報,13101,東京都,千代田区,神田佐久間町,秋葉原,2,47000000,１ＬＤＫ,40,2012年,ＲＣ,,住宅,商業,80.0,500.0,2021年第1四半期,未改装,,千代田区,2021,1,2012.0,9.0,2.0,1175000.0,66680,903780,1355.39892
中古マンション等,不動産取引価格情報,13101,東京都,千代田区,神田佐久間町,浅草橋,5,97000000,１ＬＤＫ,55,2006年,ＲＣ,住宅,住宅,商業,80.0,600.0,2025年第4四半期,未改装,,千代田区,2025,4,2006.0,19.0,5.0,1763636.3636363635,66680,903780,1355.39892
中古マンション等,不動産取引価格情報,13101,東京都,千代田区,神田佐久間町,浅草橋,5,120000000,２ＬＤＫ,60,2016年,ＲＣ,,住宅,商業,80.0,600.0,2024年第2四半期,改装済み,,千代田区,2024,2,2016.0,8.0,5.0,2000000.0,66680,903780,1355.39892
中古マンション等,不動産取引価格情報,13101,東京都,千代田区,神田佐久間町,浅草橋,5,76000000,２ＬＤＫ,55,2006年,ＲＣ,,住宅,商業,80.0,600.0,2023年第4四半期,改装済み,,千代田区,2023,4,2006.0,17.0,5.0,1381818.1818181819,66680,903780,1355.39892
中古マンション等,不動産取引価格情報,13101,東京都,千代田区,神田佐久間町,浅草橋,5,63000000,１ＬＤＫ,55,2006年,ＲＣ,,住宅,商業,80.0,600.0,2023年第3四半期,未改装,,千代田区,2023,3,2006.0,17.0,5.0,1145454.5454545454,66680,903780,1355.39892
中古マンション等,不動産取引価格情報,13101,東京都,千代田区,神田佐久間町,浅草橋,5,58000000,１ＬＤＫ,55,2006年,ＲＣ,住宅,住宅,商業,80.0,600.0,2023年第2四半期,未改装,,千代田区,2023,2,2006.0,17.0,5.0,1054545.4545454546,66680,903780,1355.39892
中古マンション等,不動産取引価格情報,13101,東京都,千代田区,神田佐久間町,浅草橋,5,64000000,１ＬＤＫ,55,2006年,ＲＣ,住宅,住宅,商業,80.0,600.0,2023年第1四半期,未改装,,千代田区,2023,1,2006.0,17.0,5.0,1163636.3636363635,66680,903780,1355.39892
中古マンション等,不動産取引価格情報,13101,東京都,千代田区,神田佐久間町,浅草橋,5,40000000,１ＤＫ,30,2006年,ＲＣ,住宅,住宅,商業,80.0,600.0,2022年第3四半期,未改装,,千代田区,2022,3,2006.0,16.0,5.0,1333333.3333333333,66680,903780,1355.39892
中古マンション等,不動産取引価格情報,13101,東京都,千代田区,神田佐久間町,浅草橋,5,53000000,２ＬＤＫ,55,2006年,ＲＣ,住宅,住宅,商業,80.0,600.0,2022年第3四半期,未改装,,千代田区,2022,3,2006.0,16.0,5.0,963636.3636363636,66680,903780,1355.39892
中古マンション等,不動産取引価格情報,13101,東京都,千代田区,神田猿楽町,神保町,6,50000000,２ＤＫ,40,2009年,ＲＣ,住宅,住宅,商業,80.0,600.0,2025年第3四半期,未改装,,千代田区,2025,3,2009.0,16.0,6.0,1250000.0,66680,903780,1355.39892
中古マンション等,不動産取引価格情報,13101,東京都,千代田区,神田猿楽町,神保町,5,140000000,２ＬＤＫ,55,2018年,ＲＣ,住宅,住宅,商業,80.0,600.0,2025年第2四半期,未改装,,千代田区,2025,2,2018.0,7.0,5.0,2545454.5454545454,66680,903780,1355.39892
中古マンション等,不動産取引価格情報,13101,東京都,千代田区,神田猿楽町,神保町,6,29000000,１Ｋ,20,2009年,ＲＣ,,住宅,商業,80.0,600.0,2024年第3四半期,,,千代田区,2024,3,2009.0,15.0,6.0,1450000.0,66680,903780,1355.39892
中古マンション等,不動産取引価格情報,13101,東京都,千代田区,神田猿楽町,神保町,3,130000000,１ＬＤＫ,55,2016年,ＲＣ,住宅,住宅,商業,80.0,600.0,2024年第2四半期,未改装,,千代田区,2024,2,2016.0,8.0,3.0,2363636.3636363638,66680,903780,1355.39892
中古マンション等,不動産取引価格情報,13101,東京都,千代田区,神田猿楽町,神保町,6,48000000,２ＤＫ,40,2009年,ＲＣ,住宅,住宅,商業,80.0,600.0,2024年第1四半期,未改装,,千代田区,2024,1,2009.0,15.0,6.0,1200000.0,66680,903780,1355.39892
中古マンション等,不動産取引価格情報,13101,東京都,千代田区,神田猿楽町,神保町,6,36000000,１Ｋ,25,2009年,ＲＣ,住宅,住宅,商業,80.0,600.0,2024年第1四半期,未改装,,千代田区,2024,1,2009.0,15.0,6.0,1440000.0,66680,903780,1355.39892
中古マンション等,不動産取引価格情報,13101,東京都,千代田区,神田猿楽町,神保町,5,140000000,２ＤＫ,70,2018年,ＲＣ,住宅,住宅,商業,80.0,600.0,2024年第1四半期,改装済み,,千代田区,2024,1,2018.0,6.0,5.0,2000000.0,66680,903780,1355.39892
中古マンション等,不動産取引価格情報,13101,東京都,千代田区,神田猿楽町,神保町,5,140000000,３ＬＤＫ,65,2018年,ＲＣ,,住宅,商業,80.0,600.0,2023年第4四半期,未改装,,千代田区,2023,4,2018.0,5.0,5.0,2153846.153846154,66680,903780,1355.39892
中古マンション等,不動産取引価格情報,13101,東京都,千代田区,神田猿楽町,神保町,5,34000000,１Ｋ,25,2009年,ＲＣ,,住宅,商業,80.0,600.0,2023年第2四半期,未改装,,千代田区,2023,2,2009.0,14.0,5.0,1360000.0,66680,903780,1355.39892
中古マンション等,不動産取引価格情報,13101,東京都,千代田区,神田猿楽町,神保町,3,130000000,２ＬＤＫ,55,2016年,ＲＣ,,住宅,商業,80.0,600.0,2023年第1四半期,改装済み,,千代田区,2023,1,2016.0,7.0,3.0,2363636.3636363638,66680,903780,1355.39892
中古マンション等,不動産取引価格情報,13101,東京都,千代田区,神田猿楽町,神保町,6,33000000,１Ｋ,25,2009年,ＲＣ,住宅,住宅,商業,80.0,600.0,2022年第2四半期,未改装,,千代田区,2022,2,2009.0,13.0,6.0,1320000.0,66680,903780,1355.39892
中古マンション等,不動産取引価格情報,13101,東京都,千代田区,神田猿楽町,神保町,6,27000000,１ＤＫ,25,2009年,ＲＣ,,住宅,商業,80.0,600.0,2021年第3四半期,未改装,,千代田区,2021,3,2009.0,12.0,6.0,1080000.0,66680,903780,1355.39892
中古マンション等,不動産取引価格情報,13101,東京都,千代田区,神田猿楽町,神保町,5,130000000,３ＬＤＫ,65,2018年,ＲＣ,住宅,住宅,商業,80.0,600.0,2021年第3四半期,未改装,,千代田区,2021,3,2018.0,3.0,5.0,2000000.0,66680,903780,1355.39892
中古マンション等,不動産取引価格情報,13101,東京都,千代田区,神田猿楽町,神保町,5,66000000,１ＬＤＫ,40,2018年,ＲＣ,,その他,商業,80.0,600.0,2021年第1四半期,未改装,,千代田区,2021,1,2018.0,3.0,5.0,1650000.0,66680,903780,1355.39892
中古マンション等,不動産取引価格情報,13101,東京都,千代田区,神田猿楽町,水道橋,4,38000000,１Ｋ,25,2013年,ＲＣ,,その他,商業,80.0,600.0,2025年第3四半期,未改装,,千代田区,2025,3,2013.0,12.0,4.0,1520000.0,66680,903780,1355.39892
中古マンション等,不動産取引価格情報,13101,東京都,千代田区,神田猿楽町,水道橋,4,30000000,,30,2002年,ＳＲＣ,住宅,住宅,商業,80.0,500.0,2025年第3四半期,改装済み,,千代田区,2025,3,2002.0,23.0,4.0,1000000.0,66680,903780,1355.39892
中古マンション等,不動産取引価格情報,13101,東京都,千代田区,神田猿楽町,水道橋,5,81000000,２ＬＤＫ,65,1977年,ＳＲＣ,住宅,住宅,商業,80.0,500.0,2025年第3四半期,未改装,,千代田区,2025,3,1977.0,48.0,5.0,1246153.8461538462,66680,903780,1355.39892
中古マンション等,不動産取引価格情報,13101,東京都,千代田区,神田猿楽町,水道橋,5,34000000,１Ｋ,20,2007年,ＲＣ,住宅,住宅,商業,80.0,500.0,2025年第1四半期,未改装,,千代田区,2025,1,2007.0,18.0,5.0,1700000.0,66680,903780,1355.39892
中古マンション等,不動産取引価格情報,13101,東京都,千代田区,神田猿楽町,水道橋,5,28000000,１Ｋ,20,2007年,ＲＣ,,その他,商業,80.0,500.0,2024年第3四半期,,,千代田区,2024,3,2007.0,17.0,5.0,1400000.0,66680,903780,1355.39892
中古マンション等,不動産取引価格情報,13101,東京都,千代田区,神田猿楽町,水道橋,4,29000000,１Ｋ,25,2013年,ＲＣ,住宅,住宅,商業,80.0,600.0,2024年第2四半期,未改装,,千代田区,2024,2,2013.0,11.0,4.0,1160000.0,66680,903780,1355.39892
中古マンション等,不動産取引価格情報,13101,東京都,千代田区,神田猿楽町,水道橋,5,80000000,,85,1977年,ＳＲＣ,住宅,住宅,商業,80.0,500.0,2024年第2四半期,,,千代田区,2024,2,1977.0,47.0,5.0,941176.4705882353,66680,903780,1355.39892
中古マンション等,不動産取引価格情報,13101,東京都,千代田区,神田猿楽町,水道橋,5,36000000,１Ｋ,25,2014年,ＲＣ,,住宅,商業,80.0,500.0,2023年第4四半期,未改装,,千代田区,2023,4,2014.0,9.0,5.0,1440000.0,66680,903780,1355.39892
中古マンション等,不動産取引価格情報,13101,東京都,千代田区,神田猿楽町,水道橋,4,41000000,１ＬＤＫ,40,2013年,ＲＣ,住宅,その他,商業,80.0,500.0,2023年第2四半期,,,千代田区,2023,2,2013.0,10.0,4.0,1025000.0,66680,903780,1355.39892
中古マンション等,不動産取引価格情報,13101,東京都,千代田区,神田猿楽町,水道橋,5,25000000,,20,2007年,ＲＣ,住宅,住宅,商業,80.0,500.0,2023年第1四半期,,,千代田区,2023,1,2007.0,16.0,5.0,1250000.0,66680,903780,1355.39892
中古マンション等,不動産取引価格情報,13101,東京都,千代田区,神田猿楽町,水道橋,4,30000000,１Ｋ,25,2013年,ＲＣ,,住宅,商業,80.0,600.0,2022年第4四半期,,,千代田区,2022,4,2013.0,9.0,4.0,1200000.0,66680,903780,1355.39892
中古マンション等,不動産取引価格情報,13101,東京都,千代田区,神田猿楽町,水道橋,4,30000000,１Ｋ,25,2013年,ＲＣ,住宅,住宅,商業,80.0,600.0,2022年第3四半期,,,千代田区,2022,3,2013.0,9.0,4.0,1200000.0,66680,903780,1355.39892
中古マンション等,不動産取引価格情報,13101,東京都,千代田区,神田猿楽町,水道橋,7,29000000,１Ｋ,20,2009年,ＲＣ,住宅,住宅,商業,80.0,600.0,2022年第2四半期,未改装,,千代田区,2022,2,2009.0,13.0,7.0,1450000.0,66680,903780,1355.39892
中古マンション等,不動産取引価格情報,13101,東京都,千代田区,神田猿楽町,水道橋,5,38000000,１Ｋ,25,2014年,ＲＣ,住宅,住宅,商業,80.0,500.0,2022年第2四半期,未改装,,千代田区,2022,2,2014.0,8.0,5.0,1520000.0,66680,903780,1355.39892
中古マンション等,不動産取引価格情報,13101,東京都,千代田区,神田猿楽町,水道橋,4,28000000,１Ｋ,25,2013年,ＲＣ,住宅,住宅,商業,80.0,600.0,2021年第4四半期,未改装,,千代田区,2021,4,2013.0,8.0,4.0,1120000.0,66680,903780,1355.39892
中古マンション等,不動産取引価格情報,13101,東京都,千代田区,神田猿楽町,水道橋,7,30000000,１Ｋ,20,2009年,ＲＣ,,住宅,商業,80.0,600.0,2021年第4四半期,未改装,,千代田区,2021,4,2009.0,12.0,7.0,1500000.0,66680,903780,1355.39892
中古マンション等,不動産取引価格情報,13101,東京都,千代田区,神田猿楽町,水道橋,7,27000000,１Ｋ,20,2009年,ＲＣ,,住宅,商業,80.0,600.0,2021年第3四半期,未改装,,千代田区,2021,3,2009.0,12.0,7.0,1350000.0,66680,903780,1355.39892
中古マンション等,不動産取引価格情報,13101,東京都,千代田区,神田猿楽町,水道橋,7,28000000,１Ｋ,20,2009年,ＲＣ,住宅,住宅,商業,80.0,600.0,2021年第2四半期,未改装,,千代田区,2021,2,2009.0,12.0,7.0,1400000.0,66680,903780,1355.39892
中古マンション等,不動産取引価格情報,13101,東京都,千代田区,神田神保町,九段下,2,130000000,２ＬＤＫ,55,1998年,ＳＲＣ,住宅,住宅,商業,80.0,500.0,2025年第1四半期,改装済み,,千代田区,2025,1,1998.0,27.0,2.0,2363636.3636363638,66680,903780,1355.39892
中古マンション等,不動産取引価格情報,13101,東京都,千代田区,神田神保町,九段下,3,120000000,１ＬＤＫ,50,2000年,ＳＲＣ,住宅,住宅,商業,80.0,500.0,2025年第1四半期,未改装,,千代田区,2025,1,2000.0,25.0,3.0,2400000.0,66680,903780,1355.39892
中古マンション等,不動産取引価格情報,13101,東京都,千代田区,神田神保町,九段下,3,34000000,１Ｋ,20,2011年,ＲＣ,住宅,住宅,商業,80.0,800.0,2025年第1四半期,未改装,,千代田区,2025,1,2011.0,14.0,3.0,1700000.0,66680,903780,1355.39892
中古マンション等,不動産取引価格情報,13101,東京都,千代田区,神田神保町,九段下,3,30000000,１Ｋ,20,2011年,ＲＣ,住宅,住宅,商業,80.0,800.0,2025年第1四半期,,,千代田区,2025,1,2011.0,14.0,3.0,1500000.0,66680,903780,1355.39892
中古マンション等,不動産取引価格情報,13101,東京都,千代田区,神田神保町,九段下,3,64000000,１ＬＤＫ,40,2011年,ＲＣ,住宅,住宅,商業,80.0,600.0,2024年第3四半期,未改装,,千代田区,2024,3,2011.0,13.0,3.0,1600000.0,66680,903780,1355.39892
中古マンション等,不動産取引価格情報,13101,東京都,千代田区,神田神保町,九段下,3,110000000,２ＬＤＫ,55,,,,住宅,,,,2024年第3四半期,改装済み,,千代田区,2024,3,,,3.0,2000000.0,66680,903780,1355.39892
中古マンション等,不動産取引価格情報,13101,東京都,千代田区,神田神保町,九段下,2,45000000,１ＤＫ,30,1998年,ＳＲＣ,,住宅,商業,80.0,500.0,2024年第1四半期,,,千代田区,2024,1,1998.0,26.0,2.0,1500000.0,66680,903780,1355.39892
中古マンション等,不動産取引価格情報,13101,東京都,千代田区,神田神保町,九段下,3,39000000,１Ｋ,25,2011年,ＲＣ,住宅,住宅,商業,80.0,800.0,2023年第4四半期,未改装,,千代田区,2023,4,2011.0,12.0,3.0,1560000.0,66680,903780,1355.39892
中古マンション等,不動産取引価格情報,13101,東京都,千代田区,神田神保町,九段下,3,52000000,,40,2011年,ＲＣ,住宅,住宅,商業,80.0,800.0,2023年第3四半期,,,千代田区,2023,3,2011.0,12.0,3.0,1300000.0,66680,903780,1355.39892
中古マンション等,不動産取引価格情報,13101,東京都,千代田区,神田神保町,九段下,2,22000000,１Ｋ,20,1997年,ＳＲＣ,,住宅,商業,80.0,600.0,2023年第2四半期,,,千代田区,2023,2,1997.0,26.0,2.0,1100000.0,66680,903780,1355.39892
中古マンション等,不動産取引価格情報,13101,東京都,千代田区,神田神保町,九段下,3,36000000,,30,2011年,ＲＣ,住宅,住宅,商業,80.0,800.0,2022年第4四半期,未改装,,千代田区,2022,4,2011.0,11.0,3.0,1200000.0,66680,903780,1355.39892
中古マンション等,不動産取引価格情報,13101,東京都,千代田区,神田神保町,九段下,3,1100000,１Ｋ,20,1978年,ＲＣ,住宅,事務所,商業,80.0,500.0,2022年第2四半期,未改装,,千代田区,2022,2,1978.0,44.0,3.0,55000.0,66680,903780,1355.39892
中古マンション等,不動産取引価格情報,13101,東京都,千代田区,神田神保町,九段下,3,55000000,１ＬＤＫ,40,2011年,ＲＣ,住宅,住宅,商業,80.0,800.0,2022年第1四半期,未改装,,千代田区,2022,1,2011.0,11.0,3.0,1375000.0,66680,903780,1355.39892
中古マンション等,不動産取引価格情報,13101,東京都,千代田区,神田神保町,九段下,3,10000000,１Ｒ,20,1978年,ＳＲＣ,,住宅,商業,80.0,500.0,2022年第1四半期,未改装,,千代田区,2022,1,1978.0,44.0,3.0,500000.0,66680,903780,1355.39892
中古マンション等,不動産取引価格情報,13101,東京都,千代田区,神田神保町,九段下,3,48000000,１Ｒ,35,2000年,ＳＲＣ,住宅,住宅,商業,80.0,500.0,2022年第1四半期,未改装,,千代田区,2022,1,2000.0,22.0,3.0,1371428.5714285714,66680,903780,1355.39892
中古マンション等,不動産取引価格情報,13101,東京都,千代田区,神田神保町,九段下,3,51000000,１ＬＤＫ,40,2000年,ＳＲＣ,住宅,住宅,商業,80.0,500.0,2021年第4四半期,未改装,,千代田区,2021,4,2000.0,21.0,3.0,1275000.0,66680,903780,1355.39892
中古マンション等,不動産取引価格情報,13101,東京都,千代田区,神田神保町,九段下,2,21000000,１Ｋ,20,1997年,ＳＲＣ,住宅,住宅,商業,80.0,600.0,2021年第3四半期,未改装,,千代田区,2021,3,1997.0,24.0,2.0,1050000.0,66680,903780,1355.39892
中古マンション等,不動産取引価格情報,13101,東京都,千代田区,神田神保町,九段下,3,40000000,,40,2011年,ＲＣ,住宅,住宅,商業,80.0,600.0,2021年第2四半期,,,千代田区,2021,2,2011.0,10.0,3.0,1000000.0,66680,903780,1355.39892
中古マンション等,不動産取引価格情報,13101,東京都,千代田区,神田神保町,九段下,2,21000000,１Ｋ,20,1997年,ＳＲＣ,住宅,住宅,商業,80.0,600.0,2021年第1四半期,未改装,,千代田区,2021,1,1997.0,24.0,2.0,1050000.0,66680,903780,1355.39892
中古マンション等,不動産取引価格情報,13101,東京都,千代田区,神田神保町,神保町,0,360000000,,110,2003年,ＳＲＣ,住宅,,商業,80.0,600.0,2025年第4四半期,,,千代田区,2025,4,2003.0,22.0,0.0,3272727.272727273,66680,903780,1355.39892
中古マンション等,不動産取引価格情報,13101,東京都,千代田区,神田神保町,神保町,1,30000000,１Ｋ,20,2001年,ＳＲＣ,住宅,住宅,商業,80.0,600.0,2025年第4四半期,未改装,,千代田区,2025,4,2001.0,24.0,1.0,1500000.0,66680,903780,1355.39892
中古マンション等,不動産取引価格情報,13101,東京都,千代田区,神田神保町,神保町,0,180000000,,65,2003年,ＳＲＣ,住宅,,商業,80.0,600.0,2025年第2四半期,,,千代田区,2025,2,2003.0,22.0,0.0,2769230.769230769,66680,903780,1355.39892
中古マンション等,不動産取引価格情報,13101,東京都,千代田区,神田神保町,神保町,0,230000000,２ＬＤＫ,65,2003年,ＳＲＣ,住宅,住宅,商業,80.0,600.0,2025年第2四半期,改装済み,,千代田区,2025,2,2003.0,22.0,0.0,3538461.5384615385,66680,903780,1355.39892
中古マンション等,不動産取引価格情報,13101,東京都,千代田区,神田神保町,神保町,2,31000000,１Ｋ,25,1984年,ＳＲＣ,住宅,住宅,商業,80.0,700.0,2025年第2四半期,改装済み,,千代田区,2025,2,1984.0,41.0,2.0,1240000.0,66680,903780,1355.39892
中古マンション等,不動産取引価格情報,13101,東京都,千代田区,神田神保町,神保町,2,36000000,１Ｋ,30,,,,事務所,,,,2025年第2四半期,改装済み,,千代田区,2025,2,,,2.0,1200000.0,66680,903780,1355.39892
中古マンション等,不動産取引価格情報,13101,東京都,千代田区,神田神保町,神保町,3,50000000,１ＬＤＫ,30,2007年,ＳＲＣ,住宅,住宅,商業,80.0,500.0,2025年第1四半期,未改装,,千代田区,2025,1,2007.0,18.0,3.0,1666666.6666666667,66680,903780,1355.39892
中古マンション等,不動産取引価格情報,13101,東京都,千代田区,神田神保町,神保町,0,170000000,２ＬＤＫ,60,2003年,ＳＲＣ,住宅,住宅,商業,80.0,600.0,2025年第1四半期,未改装,,千代田区,2025,1,2003.0,22.0,0.0,2833333.3333333335,66680,903780,1355.39892
中古マンション等,不動産取引価格情報,13101,東京都,千代田区,神田神保町,神保町,2,62000000,１ＬＤＫ,30,2023年,ＲＣ,住宅,住宅,商業,80.0,500.0,2025年第1四半期,未改装,,千代田区,2025,1,2023.0,2.0,2.0,2066666.6666666667,66680,903780,1355.39892
中古マンション等,不動産取引価格情報,13101,東京都,千代田区,神田神保町,神保町,1,35000000,１Ｋ,25,2001年,ＳＲＣ,住宅,住宅,商業,80.0,600.0,2025年第1四半期,未改装,,千代田区,2025,1,2001.0,24.0,1.0,1400000.0,66680,903780,1355.39892
中古マンション等,不動産取引価格情報,13101,東京都,千代田区,神田神保町,神保町,2,38000000,１Ｋ,30,1984年,ＳＲＣ,住宅,住宅,商業,80.0,700.0,2025年第1四半期,改装済み,,千代田区,2025,1,1984.0,41.0,2.0,1266666.6666666667,66680,903780,1355.39892
中古マンション等,不動産取引価格情報,13101,東京都,千代田区,神田神保町,神保町,0,560000000,,140,2003年,ＳＲＣ,住宅,,商業,80.0,600.0,2024年第4四半期,,,千代田区,2024,4,2003.0,21.0,0.0,4000000.0,66680,903780,1355.39892
中古マンション等,不動産取引価格情報,13101,東京都,千代田区,神田神保町,神保町,2,110000000,,40,2002年,鉄骨造,事務所,事務所,商業,80.0,700.0,2024年第4四半期,未改装,,千代田区,2024,4,2002.0,22.0,2.0,2750000.0,66680,903780,1355.39892
中古マンション等,不動産取引価格情報,13101,東京都,千代田区,神田神保町,神保町,2,46000000,１ＬＤＫ,35,2014年,ＲＣ,住宅,住宅,商業,80.0,500.0,2024年第4四半期,改装済み,,千代田区,2024,4,2014.0,10.0,2.0,1314285.7142857143,66680,903780,1355.39892
中古マンション等,不動産取引価格情報,13101,東京都,千代田区,神田神保町,神保町,2,160000000,オープンフロア,95,1984年,ＳＲＣ,,店舗,商業,80.0,700.0,2024年第4四半期,,,千代田区,2024,4,1984.0,40.0,2.0,1684210.5263157894,66680,903780,1355.39892
中古マンション等,不動産取引価格情報,13101,東京都,千代田区,神田神保町,神保町,2,70000000,１ＬＤＫ,30,2023年,ＲＣ,住宅,住宅,商業,80.0,500.0,2024年第4四半期,未改装,,千代田区,2024,4,2023.0,1.0,2.0,2333333.3333333335,66680,903780,1355.39892
中古マンション等,不動産取引価格情報,13101,東京都,千代田区,神田神保町,神保町,0,150000000,２ＬＤＫ,70,2003年,ＳＲＣ,住宅,住宅,商業,80.0,600.0,2024年第3四半期,未改装,,千代田区,2024,3,2003.0,21.0,0.0,2142857.1428571427,66680,903780,1355.39892
中古マンション等,不動産取引価格情報,13101,東京都,千代田区,神田神保町,神保町,2,130000000,１ＬＤＫ,50,,,,住宅,,,,2024年第3四半期,改装済み,,千代田区,2024,3,,,2.0,2600000.0,66680,903780,1355.39892
中古マンション等,不動産取引価格情報,13101,東京都,千代田区,神田神保町,神保町,1,110000000,１ＬＤＫ,50,2003年,ＳＲＣ,,住宅,商業,80.0,600.0,2024年第1四半期,未改装,,千代田区,2024,1,2003.0,21.0,1.0,2200000.0,66680,903780,1355.39892
中古マンション等,不動産取引価格情報,13101,東京都,千代田区,神田神保町,神保町,2,46000000,１Ｋ,25,2023年,ＲＣ,,住宅,商業,80.0,500.0,2024年第1四半期,未改装,,千代田区,2024,1,2023.0,1.0,2.0,1840000.0,66680,903780,1355.39892
中古マンション等,不動産取引価格情報,13101,東京都,千代田区,神田神保町,神保町,1,160000000,２ＬＤＫ,65,2003年,ＳＲＣ,住宅,住宅,商業,80.0,600.0,2024年第1四半期,未改装,,千代田区,2024,1,2003.0,21.0,1.0,2461538.4615384615,66680,903780,1355.39892
中古マンション等,不動産取引価格情報,13101,東京都,千代田区,神田神保町,神保町,1,100000000,１ＬＤＫ,50,2003年,ＳＲＣ,住宅,住宅,商業,80.0,600.0,2024年第1四半期,未改装,,千代田区,2024,1,2003.0,21.0,1.0,2000000.0,66680,903780,1355.39892
中古マンション等,不動産取引価格情報,13101,東京都,千代田区,神田神保町,神保町,2,18000000,１Ｋ,20,1982年,ＲＣ,住宅,事務所,商業,80.0,600.0,2024年第1四半期,改装済み,,千代田区,2024,1,1982.0,42.0,2.0,900000.0,66680,903780,1355.39892
中古マンション等,不動産取引価格情報,13101,東京都,千代田区,神田神保町,神保町,0,450000000,３ＬＤＫ,130,2003年,ＳＲＣ,,住宅,商業,80.0,600.0,2024年第1四半期,,,千代田区,2024,1,2003.0,21.0,0.0,3461538.4615384615,66680,903780,1355.39892
中古マンション等,不動産取引価格情報,13101,東京都,千代田区,神田神保町,神保町,1,160000000,３ＬＤＫ,70,2003年,ＳＲＣ,住宅,住宅,商業,80.0,600.0,2023年第4四半期,未改装,,千代田区,2023,4,2003.0,20.0,1.0,2285714.285714286,66680,903780,1355.39892
中古マンション等,不動産取引価格情報,13101,東京都,千代田区,神田神保町,神保町,3,63000000,１ＬＤＫ,45,2015年,ＲＣ,,住宅,商業,80.0,500.0,2023年第4四半期,未改装,,千代田区,2023,4,2015.0,8.0,3.0,1400000.0,66680,903780,1355.39892
中古マンション等,不動産取引価格情報,13101,東京都,千代田区,神田神保町,神保町,1,190000000,２ＬＤＫ,70,2003年,ＳＲＣ,住宅,住宅,商業,80.0,600.0,2023年第3四半期,改装済み,,千代田区,2023,3,2003.0,20.0,1.0,2714285.714285714,66680,903780,1355.39892
中古マンション等,不動産取引価格情報,13101,東京都,千代田区,神田神保町,神保町,2,28000000,１Ｋ,20,2004年,ＳＲＣ,住宅,住宅,商業,80.0,600.0,2023年第3四半期,未改装,,千代田区,2023,3,2004.0,19.0,2.0,1400000.0,66680,903780,1355.39892
中古マンション等,不動産取引価格情報,13101,東京都,千代田区,神田神保町,神保町,0,97000000,１ＬＤＫ,50,2003年,ＳＲＣ,住宅,住宅,商業,80.0,600.0,2023年第2四半期,未改装,,千代田区,2023,2,2003.0,20.0,0.0,1940000.0,66680,903780,1355.39892
中古マンション等,不動産取引価格情報,13101,東京都,千代田区,神田神保町,神保町,2,51000000,１ＬＤＫ,30,2014年,ＲＣ,,住宅,商業,80.0,500.0,2023年第2四半期,未改装,,千代田区,2023,2,2014.0,9.0,2.0,1700000.0,66680,903780,1355.39892
中古マンション等,不動産取引価格情報,13101,東京都,千代田区,神田神保町,神保町,1,110000000,１ＬＤＫ,50,2003年,ＳＲＣ,住宅,住宅,商業,80.0,600.0,2023年第1四半期,改装済み,,千代田区,2023,1,2003.0,20.0,1.0,2200000.0,66680,903780,1355.39892
中古マンション等,不動産取引価格情報,13101,東京都,千代田区,神田神保町,神保町,2,190000000,オープンフロア,150,1982年,ＲＣ,事務所,事務所,商業,80.0,600.0,2022年第4四半期,未改装,,千代田区,2022,4,1982.0,40.0,2.0,1266666.6666666667,66680,903780,1355.39892
中古マンション等,不動産取引価格情報,13101,東京都,千代田区,神田神保町,神保町,3,57000000,１ＬＤＫ,45,2014年,ＲＣ,住宅,住宅,商業,80.0,500.0,2022年第4四半期,未改装,,千代田区,2022,4,2014.0,8.0,3.0,1266666.6666666667,66680,903780,1355.39892
中古マンション等,不動産取引価格情報,13101,東京都,千代田区,神田神保町,神保町,2,54000000,１ＬＤＫ,35,2015年,ＲＣ,,住宅,商業,80.0,700.0,2022年第3四半期,未改装,,千代田区,2022,3,2015.0,7.0,2.0,1542857.142857143,66680,903780,1355.39892
中古マンション等,不動産取引価格情報,13101,東京都,千代田区,神田神保町,神保町,2,28000000,１Ｋ,20,2004年,ＳＲＣ,住宅,住宅,商業,80.0,600.0,2022年第3四半期,未改装,,千代田区,2022,3,2004.0,18.0,2.0,1400000.0,66680,903780,1355.39892
中古マンション等,不動産取引価格情報,13101,東京都,千代田区,神田神保町,神保町,1,100000000,１ＤＫ,50,2003年,ＳＲＣ,,住宅,商業,80.0,600.0,2022年第2四半期,改装済み,,千代田区,2022,2,2003.0,19.0,1.0,2000000.0,66680,903780,1355.39892
中古マンション等,不動産取引価格情報,13101,東京都,千代田区,神田神保町,神保町,3,31000000,１ＬＤＫ,30,2007年,ＳＲＣ,,住宅,商業,80.0,500.0,2022年第2四半期,未改装,,千代田区,2022,2,2007.0,15.0,3.0,1033333.3333333334,66680,903780,1355.39892
中古マンション等,不動産取引価格情報,13101,東京都,千代田区,神田神保町,神保町,2,50000000,１ＬＤＫ,35,2009年,ＲＣ,,住宅,商業,80.0,500.0,2022年第1四半期,未改装,,千代田区,2022,1,2009.0,13.0,2.0,1428571.4285714286,66680,903780,1355.39892
中古マンション等,不動産取引価格情報,13101,東京都,千代田区,神田神保町,神保町,2,31000000,１Ｋ,20,2004年,ＳＲＣ,,住宅,商業,80.0,600.0,2022年第1四半期,未改装,,千代田区,2022,1,2004.0,18.0,2.0,1550000.0,66680,903780,1355.39892
中古マンション等,不動産取引価格情報,13101,東京都,千代田区,神田神保町,神保町,2,27000000,１Ｋ,20,2004年,ＳＲＣ,,住宅,商業,80.0,600.0,2022年第1四半期,未改装,,千代田区,2022,1,2004.0,18.0,2.0,1350000.0,66680,903780,1355.39892
中古マンション等,不動産取引価格情報,13101,東京都,千代田区,神田神保町,神保町,2,65000000,２ＬＤＫ,50,1984年,ＳＲＣ,住宅,住宅,商業,80.0,700.0,2022年第1四半期,改装済み,,千代田区,2022,1,1984.0,38.0,2.0,1300000.0,66680,903780,1355.39892
中古マンション等,不動産取引価格情報,13101,東京都,千代田区,神田神保町,神保町,1,75000000,１ＬＤＫ,50,2003年,ＳＲＣ,住宅,住宅,商業,80.0,600.0,2021年第4四半期,未改装,,千代田区,2021,4,2003.0,18.0,1.0,1500000.0,66680,903780,1355.39892
中古マンション等,不動産取引価格情報,13101,東京都,千代田区,神田神保町,神保町,2,81000000,２ＬＤＫ,55,2008年,ＲＣ,住宅,事務所,商業,80.0,600.0,2021年第4四半期,未改装,,千代田区,2021,4,2008.0,13.0,2.0,1472727.2727272727,66680,903780,1355.39892
中古マンション等,不動産取引価格情報,13101,東京都,千代田区,神田神保町,神保町,3,54000000,１ＬＤＫ,40,2009年,ＲＣ,住宅,住宅,商業,80.0,500.0,2021年第4四半期,未改装,,千代田区,2021,4,2009.0,12.0,3.0,1350000.0,66680,903780,1355.39892
中古マンション等,不動産取引価格情報,13101,東京都,千代田区,神田神保町,神保町,1,77000000,２ＬＤＫ,50,2005年,ＲＣ,,住宅,商業,80.0,600.0,2021年第3四半期,改装済み,,千代田区,2021,3,2005.0,16.0,1.0,1540000.0,66680,903780,1355.39892
中古マンション等,不動産取引価格情報,13101,東京都,千代田区,神田神保町,神保町,1,140000000,２ＬＤＫ,70,2003年,ＳＲＣ,住宅,住宅,商業,80.0,600.0,2021年第3四半期,未改装,,千代田区,2021,3,2003.0,18.0,1.0,2000000.0,66680,903780,1355.39892
中古マンション等,不動産取引価格情報,13101,東京都,千代田区,神田神保町,神保町,2,47000000,１ＬＤＫ,35,2014年,ＲＣ,住宅,住宅,商業,80.0,500.0,2021年第2四半期,未改装,,千代田区,2021,2,2014.0,7.0,2.0,1342857.142857143,66680,903780,1355.39892
中古マンション等,不動産取引価格情報,13101,東京都,千代田区,神田神保町,神保町,1,150000000,２ＬＤＫ,70,2003年,ＳＲＣ,,住宅,商業,80.0,600.0,2021年第2四半期,未改装,,千代田区,2021,2,2003.0,18.0,1.0,2142857.1428571427,66680,903780,1355.39892
中古マンション等,不動産取引価格情報,13101,東京都,千代田区,神田神保町,神保町,1,220000000,３ＬＤＫ,100,2003年,ＳＲＣ,住宅,住宅,商業,80.0,600.0,2021年第2四半期,未改装,,千代田区,2021,2,2003.0,18.0,1.0,2200000.0,66680,903780,1355.39892
中古マンション等,不動産取引価格情報,13101,東京都,千代田区,神田神保町,神保町,2,45000000,１ＬＤＫ,30,2014年,ＲＣ,住宅,住宅,商業,80.0,500.0,2021年第1四半期,,,千代田区,2021,1,2014.0,7.0,2.0,1500000.0,66680,903780,1355.39892
中古マンション等,不動産取引価格情報,13101,東京都,千代田区,神田須田町,秋葉原,3,50000000,,45,2004年,ＳＲＣ,事務所,事務所,商業,80.0,800.0,2025年第3四半期,未改装,,千代田区,2025,3,2004.0,21.0,3.0,1111111.111111111,66680,903780,1355.39892
中古マンション等,不動産取引価格情報,13101,東京都,千代田区,神田須田町,秋葉原,2,30000000,１Ｋ,20,2004年,ＳＲＣ,,住宅,商業,80.0,800.0,2025年第2四半期,未改装,,千代田区,2025,2,2004.0,21.0,2.0,1500000.0,66680,903780,1355.39892
中古マンション等,不動産取引価格情報,13101,東京都,千代田区,神田須田町,秋葉原,4,30000000,１ＤＫ,25,2012年,ＲＣ,住宅,住宅,商業,80.0,800.0,2024年第3四半期,,,千代田区,2024,3,2012.0,12.0,4.0,1200000.0,66680,903780,1355.39892
中古マンション等,不動産取引価格情報,13101,東京都,千代田区,神田須田町,秋葉原,4,25000000,１Ｋ,20,2003年,ＲＣ,住宅,住宅,商業,80.0,800.0,2024年第3四半期,未改装,,千代田区,2024,3,2003.0,21.0,4.0,1250000.0,66680,903780,1355.39892
中古マンション等,不動産取引価格情報,13101,東京都,千代田区,神田須田町,秋葉原,4,28000000,１Ｋ,20,2012年,ＲＣ,住宅,住宅,商業,80.0,800.0,2023年第3四半期,,,千代田区,2023,3,2012.0,11.0,4.0,1400000.0,66680,903780,1355.39892
中古マンション等,不動産取引価格情報,13101,東京都,千代田区,神田須田町,秋葉原,4,28000000,１Ｋ,20,2012年,ＲＣ,住宅,その他,商業,80.0,800.0,2023年第2四半期,未改装,,千代田区,2023,2,2012.0,11.0,4.0,1400000.0,66680,903780,1355.39892
中古マンション等,不動産取引価格情報,13101,東京都,千代田区,神田須田町,秋葉原,4,27000000,１Ｋ,25,2012年,ＲＣ,住宅,住宅,商業,80.0,800.0,2022年第3四半期,未改装,,千代田区,2022,3,2012.0,10.0,4.0,1080000.0,66680,903780,1355.39892
中古マンション等,不動産取引価格情報,13101,東京都,千代田区,神田須田町,秋葉原,4,26000000,１Ｋ,20,2012年,ＲＣ,住宅,住宅,商業,80.0,800.0,2022年第2四半期,未改装,,千代田区,2022,2,2012.0,10.0,4.0,1300000.0,66680,903780,1355.39892
中古マンション等,不動産取引価格情報,13101,東京都,千代田区,神田須田町,秋葉原,3,80000000,２ＤＫ,60,2004年,ＳＲＣ,住宅,住宅,商業,80.0,800.0,2022年第1四半期,改装済み,,千代田区,2022,1,2004.0,18.0,3.0,1333333.3333333333,66680,903780,1355.39892
中古マンション等,不動産取引価格情報,13101,東京都,千代田区,神田須田町,秋葉原,4,25000000,１Ｋ,25,2012年,ＲＣ,,住宅,商業,80.0,800.0,2021年第1四半期,,,千代田区,2021,1,2012.0,9.0,4.0,1000000.0,66680,903780,1355.39892
中古マンション等,不動産取引価格情報,13101,東京都,千代田区,神田須田町,淡路町,1,200000000,３ＬＤＫ,65,2015年,ＲＣ,住宅,住宅,商業,80.0,800.0,2025年第3四半期,未改装,,千代田区,2025,3,2015.0,10.0,1.0,3076923.076923077,66680,903780,1355.39892
中古マンション等,不動産取引価格情報,13101,東京都,千代田区,神田須田町,淡路町,2,73000000,,35,2016年,ＲＣ,住宅,住宅,商業,80.0,600.0,2025年第1四半期,未改装,,千代田区,2025,1,2016.0,9.0,2.0,2085714.2857142857,66680,903780,1355.39892
中古マンション等,不動産取引価格情報,13101,東京都,千代田区,神田須田町,淡路町,2,52000000,１ＬＤＫ,35,2016年,ＲＣ,,住宅,商業,80.0,600.0,2024年第3四半期,未改装,,千代田区,2024,3,2016.0,8.0,2.0,1485714.2857142857,66680,903780,1355.39892
中古マンション等,不動産取引価格情報,13101,東京都,千代田区,神田須田町,淡路町,2,73000000,１ＬＤＫ,40,2016年,ＲＣ,住宅,住宅,商業,80.0,600.0,2024年第3四半期,未改装,,千代田区,2024,3,2016.0,8.0,2.0,1825000.0,66680,903780,1355.39892
中古マンション等,不動産取引価格情報,13101,東京都,千代田区,神田須田町,淡路町,2,95000000,２ＬＤＫ,60,2016年,ＲＣ,住宅,住宅,商業,80.0,600.0,2024年第2四半期,未改装,,千代田区,2024,2,2016.0,8.0,2.0,1583333.3333333333,66680,903780,1355.39892
中古マンション等,不動産取引価格情報,13101,東京都,千代田区,神田須田町,淡路町,2,58000000,１ＬＤＫ,35,2016年,ＲＣ,住宅,住宅,商業,80.0,600.0,2023年第4四半期,改装済み,,千代田区,2023,4,2016.0,7.0,2.0,1657142.857142857,66680,903780,1355.39892
中古マンション等,不動産取引価格情報,13101,東京都,千代田区,神田須田町,淡路町,2,65000000,１ＬＤＫ,40,2016年,ＲＣ,,住宅,商業,80.0,600.0,2022年第4四半期,未改装,,千代田区,2022,4,2016.0,6.0,2.0,1625000.0,66680,903780,1355.39892
中古マンション等,不動産取引価格情報,13101,東京都,千代田区,神田須田町,淡路町,1,130000000,３ＬＤＫ,65,2015年,ＲＣ,住宅,住宅,商業,80.0,800.0,2022年第4四半期,改装済み,,千代田区,2022,4,2015.0,7.0,1.0,2000000.0,66680,903780,1355.39892
中古マンション等,不動産取引価格情報,13101,東京都,千代田区,神田須田町,淡路町,2,110000000,２ＬＤＫ,55,2018年,ＲＣ,住宅,事務所,商業,80.0,600.0,2022年第1四半期,改装済み,,千代田区,2022,1,2018.0,4.0,2.0,2000000.0,66680,903780,1355.39892
中古マンション等,不動産取引価格情報,13101,東京都,千代田区,神田須田町,淡路町,2,41000000,,25,2018年,ＲＣ,住宅,住宅,商業,80.0,600.0,2021年第4四半期,未改装,,千代田区,2021,4,2018.0,3.0,2.0,1640000.0,66680,903780,1355.39892
中古マンション等,不動産取引価格情報,13101,東京都,千代田区,神田須田町,淡路町,2,40000000,１Ｋ,25,2018年,ＲＣ,住宅,住宅,商業,80.0,600.0,2021年第4四半期,未改装,,千代田区,2021,4,2018.0,3.0,2.0,1600000.0,66680,903780,1355.39892
中古マンション等,不動産取引価格情報,13101,東京都,千代田区,神田須田町,淡路町,3,24000000,１Ｋ,20,2004年,ＲＣ,,住宅,商業,80.0,600.0,2021年第1四半期,未改装,,千代田区,2021,1,2004.0,17.0,3.0,1200000.0,66680,903780,1355.39892
中古マンション等,不動産取引価格情報,13101,東京都,千代田区,神田須田町,淡路町,2,98000000,２ＬＤＫ,55,2018年,ＲＣ,住宅,住宅,商業,80.0,600.0,2021年第1四半期,未改装,,千代田区,2021,1,2018.0,3.0,2.0,1781818.1818181819,66680,903780,1355.39892
中古マンション等,不動産取引価格情報,13101,東京都,千代田区,神田須田町,岩本町,1,28000000,１Ｋ,20,,,,住宅,,,,2025年第3四半期,改装済み,,千代田区,2025,3,,,1.0,1400000.0,66680,903780,1355.39892
中古マンション等,不動産取引価格情報,13101,東京都,千代田区,神田須田町,岩本町,1,90000000,２ＬＤＫ,50,2004年,ＳＲＣ,住宅,住宅,商業,80.0,800.0,2025年第2四半期,未改装,,千代田区,2025,2,2004.0,21.0,1.0,1800000.0,66680,903780,1355.39892
中古マンション等,不動産取引価格情報,13101,東京都,千代田区,神田須田町,岩本町,1,25000000,１Ｋ,20,2004年,ＳＲＣ,,住宅,商業,80.0,800.0,2024年第3四半期,未改装,,千代田区,2024,3,2004.0,20.0,1.0,1250000.0,66680,903780,1355.39892
中古マンション等,不動産取引価格情報,13101,東京都,千代田区,神田須田町,岩本町,1,23000000,１Ｋ,20,2004年,ＳＲＣ,住宅,住宅,商業,80.0,800.0,2024年第2四半期,改装済み,,千代田区,2024,2,2004.0,20.0,1.0,1150000.0,66680,903780,1355.39892
中古マンション等,不動産取引価格情報,13101,東京都,千代田区,神田須田町,岩本町,1,26000000,１Ｋ,20,2004年,ＳＲＣ,住宅,住宅,商業,80.0,800.0,2023年第3四半期,,,千代田区,2023,3,2004.0,19.0,1.0,1300000.0,66680,903780,1355.39892
中古マンション等,不動産取引価格情報,13101,東京都,千代田区,神田須田町,岩本町,1,78000000,２ＬＤＫ,55,2004年,ＳＲＣ,住宅,住宅,商業,80.0,800.0,2023年第3四半期,改装済み,,千代田区,2023,3,2004.0,19.0,1.0,1418181.8181818181,66680,903780,1355.39892
中古マンション等,不動産取引価格情報,13101,東京都,千代田区,神田須田町,岩本町,1,26000000,１Ｋ,20,2004年,ＳＲＣ,住宅,,商業,80.0,800.0,2021年第4四半期,未改装,,千代田区,2021,4,2004.0,17.0,1.0,1300000.0,66680,903780,1355.39892
中古マンション等,不動産取引価格情報,13101,東京都,千代田区,神田須田町,岩本町,1,26000000,,20,2004年,ＳＲＣ,,住宅,商業,80.0,800.0,2021年第4四半期,,,千代田区,2021,4,2004.0,17.0,1.0,1300000.0,66680,903780,1355.39892
中古マンション等,不動産取引価格情報,13101,東京都,千代田区,神田須田町,岩本町,1,60000000,２ＬＤＫ,55,2004年,ＳＲＣ,,住宅,商業,80.0,800.0,2021年第3四半期,未改装,,千代田区,2021,3,2004.0,17.0,1.0,1090909.0909090908,66680,903780,1355.39892
中古マンション等,不動産取引価格情報,13101,東京都,千代田区,神田須田町,岩本町,1,44000000,１ＬＤＫ,30,2004年,ＳＲＣ,,住宅,商業,80.0,800.0,2021年第1四半期,改装済み,,千代田区,2021,1,2004.0,17.0,1.0,1466666.6666666667,66680,903780,1355.39892
中古マンション等,不動産取引価格情報,13101,東京都,千代田区,神田須田町,小川町(東京),2,29000000,１Ｋ,20,2002年,ＲＣ,,住宅,商業,80.0,600.0,2022年第2四半期,未改装,,千代田区,2022,2,2002.0,20.0,2.0,1450000.0,66680,903780,1355.39892
中古マンション等,不動産取引価格情報,13101,東京都,千代田区,神田須田町,小川町(東京),2,26000000,１Ｋ,25,2002年,ＲＣ,,住宅,商業,80.0,600.0,2021年第2四半期,未改装,,千代田区,2021,2,2002.0,19.0,2.0,1040000.0,66680,903780,1355.39892
中古マンション等,不動産取引価格情報,13101,東京都,千代田区,神田須田町,神田(東京),4,310000000,オープンフロア,85,,,,事務所,,,,2025年第2四半期,未改装,,千代田区,2025,2,,,4.0,3647058.8235294116,66680,903780,1355.39892
中古マンション等,不動産取引価格情報,13101,東京都,千代田区,神田須田町,神田(東京),1,37000000,,30,2016年,ＲＣ,住宅,住宅,商業,80.0,800.0,2024年第3四半期,,,千代田区,2024,3,2016.0,8.0,1.0,1233333.3333333333,66680,903780,1355.39892
中古マンション等,不動産取引価格情報,13101,東京都,千代田区,神田須田町,神田(東京),0,300000000,,115,2016年,鉄骨造,事務所,事務所,商業,80.0,800.0,2024年第2四半期,,,千代田区,2024,2,2016.0,8.0,0.0,2608695.652173913,66680,903780,1355.39892
中古マンション等,不動産取引価格情報,13101,東京都,千代田区,神田須田町,神田(東京),0,300000000,オープンフロア,115,2016年,鉄骨造,事務所,事務所,商業,80.0,800.0,2024年第1四半期,改装済み,,千代田区,2024,1,2016.0,8.0,0.0,2608695.652173913,66680,903780,1355.39892
中古マンション等,不動産取引価格情報,13101,東京都,千代田区,神田須田町,神田(東京),1,30000000,１Ｋ,25,2016年,ＲＣ,住宅,住宅,商業,80.0,800.0,2024年第1四半期,,,千代田区,2024,1,2016.0,8.0,1.0,1200000.0,66680,903780,1355.39892
中古マンション等,不動産取引価格情報,13101,東京都,千代田区,神田須田町,神田(東京),1,37000000,,30,2016年,ＲＣ,住宅,住宅,商業,80.0,800.0,2024年第1四半期,,,千代田区,2024,1,2016.0,8.0,1.0,1233333.3333333333,66680,903780,1355.39892
中古マンション等,不動産取引価格情報,13101,東京都,千代田区,神田須田町,神田(東京),2,25000000,１ＤＫ,30,2005年,ＲＣ,住宅,住宅,商業,80.0,600.0,2023年第4四半期,未改装,,千代田区,2023,4,2005.0,18.0,2.0,833333.3333333334,66680,903780,1355.39892
中古マンション等,不動産取引価格情報,13101,東京都,千代田区,神田須田町,神田(東京),2,100000000,２ＬＤＫ,55,2018年,ＲＣ,住宅,住宅,商業,80.0,600.0,2023年第4四半期,改装済み,,千代田区,2023,4,2018.0,5.0,2.0,1818181.8181818181,66680,903780,1355.39892
中古マンション等,不動産取引価格情報,13101,東京都,千代田区,神田須田町,神田(東京),0,300000000,,85,2016年,鉄骨造,,事務所,商業,80.0,800.0,2023年第3四半期,,,千代田区,2023,3,2016.0,7.0,0.0,3529411.7647058824,66680,903780,1355.39892
中古マンション等,不動産取引価格情報,13101,東京都,千代田区,神田須田町,神田(東京),1,48000000,,40,2016年,ＲＣ,住宅,住宅,商業,80.0,800.0,2023年第3四半期,,,千代田区,2023,3,2016.0,7.0,1.0,1200000.0,66680,903780,1355.39892
中古マンション等,不動産取引価格情報,13101,東京都,千代田区,神田須田町,神田(東京),2,46000000,１Ｋ,25,2018年,ＲＣ,住宅,住宅,商業,80.0,600.0,2023年第3四半期,,,千代田区,2023,3,2018.0,5.0,2.0,1840000.0,66680,903780,1355.39892
中古マンション等,不動産取引価格情報,13101,東京都,千代田区,神田須田町,神田(東京),3,29000000,１Ｋ,20,2005年,ＳＲＣ,住宅,その他,商業,80.0,700.0,2023年第2四半期,改装済み,,千代田区,2023,2,2005.0,18.0,3.0,1450000.0,66680,903780,1355.39892
中古マンション等,不動産取引価格情報,13101,東京都,千代田区,神田須田町,神田(東京),1,31000000,,25,2016年,ＲＣ,住宅,住宅,商業,80.0,800.0,2023年第2四半期,,,千代田区,2023,2,2016.0,7.0,1.0,1240000.0,66680,903780,1355.39892
中古マンション等,不動産取引価格情報,13101,東京都,千代田区,神田須田町,神田(東京),1,32000000,,25,2016年,ＲＣ,住宅,住宅,商業,80.0,800.0,2023年第1四半期,,,千代田区,2023,1,2016.0,7.0,1.0,1280000.0,66680,903780,1355.39892
中古マンション等,不動産取引価格情報,13101,東京都,千代田区,神田須田町,神田(東京),2,93000000,２ＤＫ,55,2018年,ＲＣ,住宅,その他,商業,80.0,600.0,2023年第1四半期,未改装,,千代田区,2023,1,2018.0,5.0,2.0,1690909.0909090908,66680,903780,1355.39892
中古マンション等,不動産取引価格情報,13101,東京都,千代田区,神田須田町,神田(東京),1,43000000,,35,2016年,ＲＣ,住宅,住宅,商業,80.0,800.0,2023年第1四半期,,,千代田区,2023,1,2016.0,7.0,1.0,1228571.4285714286,66680,903780,1355.39892
中古マンション等,不動産取引価格情報,13101,東京都,千代田区,神田須田町,神田(東京),1,96000000,２ＬＤＫ,55,2018年,ＲＣ,,住宅,商業,80.0,600.0,2022年第4四半期,未改装,,千代田区,2022,4,2018.0,4.0,1.0,1745454.5454545454,66680,903780,1355.39892
中古マンション等,不動産取引価格情報,13101,東京都,千代田区,神田須田町,神田(東京),2,70000000,１ＬＤＫ,40,2018年,ＲＣ,住宅,住宅,商業,80.0,600.0,2022年第4四半期,未改装,,千代田区,2022,4,2018.0,4.0,2.0,1750000.0,66680,903780,1355.39892
中古マンション等,不動産取引価格情報,13101,東京都,千代田区,神田須田町,神田(東京),1,47000000,,35,2016年,ＲＣ,,住宅,商業,80.0,800.0,2022年第4四半期,,,千代田区,2022,4,2016.0,6.0,1.0,1342857.142857143,66680,903780,1355.39892
中古マンション等,不動産取引価格情報,13101,東京都,千代田区,神田須田町,神田(東京),1,39000000,１ＬＤＫ,35,2016年,ＲＣ,住宅,住宅,商業,80.0,800.0,2022年第3四半期,未改装,,千代田区,2022,3,2016.0,6.0,1.0,1114285.7142857143,66680,903780,1355.39892
中古マンション等,不動産取引価格情報,13101,東京都,千代田区,神田須田町,神田(東京),2,44000000,１Ｋ,25,2018年,ＲＣ,住宅,住宅,商業,80.0,600.0,2022年第2四半期,未改装,,千代田区,2022,2,2018.0,4.0,2.0,1760000.0,66680,903780,1355.39892
中古マンション等,不動産取引価格情報,13101,東京都,千代田区,神田須田町,神田(東京),4,26000000,１Ｋ,20,2005年,ＲＣ,住宅,住宅,商業,80.0,600.0,2022年第1四半期,改装済み,,千代田区,2022,1,2005.0,17.0,4.0,1300000.0,66680,903780,1355.39892
中古マンション等,不動産取引価格情報,13101,東京都,千代田区,神田須田町,神田(東京),2,20000000,１Ｋ,20,2005年,ＲＣ,,住宅,商業,80.0,600.0,2022年第1四半期,改装済み,,千代田区,2022,1,2005.0,17.0,2.0,1000000.0,66680,903780,1355.39892
中古マンション等,不動産取引価格情報,13101,東京都,千代田区,神田駿河台,御茶ノ水,1,20000000,１Ｒ,15,1977年,ＳＲＣ,住宅,その他,商業,80.0,500.0,2025年第3四半期,未改装,,千代田区,2025,3,1977.0,48.0,1.0,1333333.3333333333,66680,903780,1355.39892
中古マンション等,不動産取引価格情報,13101,東京都,千代田区,神田駿河台,御茶ノ水,1,16000000,１Ｒ,15,1977年,ＳＲＣ,住宅,住宅,商業,80.0,500.0,2025年第3四半期,改装済み,,千代田区,2025,3,1977.0,48.0,1.0,1066666.6666666667,66680,903780,1355.39892
中古マンション等,不動産取引価格情報,13101,東京都,千代田区,神田駿河台,御茶ノ水,4,18000000,１Ｋ,15,1975年,ＳＲＣ,住宅,住宅,商業,80.0,500.0,2025年第2四半期,改装済み,,千代田区,2025,2,1975.0,50.0,4.0,1200000.0,66680,903780,1355.39892
中古マンション等,不動産取引価格情報,13101,東京都,千代田区,神田駿河台,御茶ノ水,1,19000000,１Ｒ,15,1977年,ＳＲＣ,住宅,事務所,商業,80.0,500.0,2025年第1四半期,未改装,,千代田区,2025,1,1977.0,48.0,1.0,1266666.6666666667,66680,903780,1355.39892
中古マンション等,不動産取引価格情報,13101,東京都,千代田区,神田駿河台,御茶ノ水,6,24000000,１ＬＤＫ,20,,,,事務所,,,,2024年第4四半期,改装済み,,千代田区,2024,4,,,6.0,1200000.0,66680,903780,1355.39892
中古マンション等,不動産取引価格情報,13101,東京都,千代田区,神田駿河台,御茶ノ水,1,16000000,１Ｋ,15,1977年,ＳＲＣ,住宅,住宅,商業,80.0,500.0,2024年第3四半期,未改装,,千代田区,2024,3,1977.0,47.0,1.0,1066666.6666666667,66680,903780,1355.39892
中古マンション等,不動産取引価格情報,13101,東京都,千代田区,神田駿河台,御茶ノ水,1,15000000,１Ｋ,15,1977年,ＳＲＣ,,住宅,商業,80.0,500.0,2024年第1四半期,未改装,,千代田区,2024,1,1977.0,47.0,1.0,1000000.0,66680,903780,1355.39892
中古マンション等,不動産取引価格情報,13101,東京都,千代田区,神田駿河台,御茶ノ水,1,15000000,１Ｋ,15,1977年,ＳＲＣ,,住宅,商業,80.0,500.0,2024年第1四半期,未改装,,千代田区,2024,1,1977.0,47.0,1.0,1000000.0,66680,903780,1355.39892
中古マンション等,不動産取引価格情報,13101,東京都,千代田区,神田駿河台,御茶ノ水,1,17000000,１Ｋ,15,1977年,ＳＲＣ,住宅,住宅,商業,80.0,500.0,2023年第4四半期,改装済み,,千代田区,2023,4,1977.0,46.0,1.0,1133333.3333333333,66680,903780,1355.39892
中古マンション等,不動産取引価格情報,13101,東京都,千代田区,神田駿河台,御茶ノ水,1,16000000,１Ｋ,15,1977年,ＳＲＣ,住宅,事務所,商業,80.0,500.0,2023年第4四半期,改装済み,,千代田区,2023,4,1977.0,46.0,1.0,1066666.6666666667,66680,903780,1355.39892
中古マンション等,不動産取引価格情報,13101,東京都,千代田区,神田駿河台,御茶ノ水,4,14000000,１Ｋ,15,1975年,ＳＲＣ,住宅,住宅,商業,80.0,500.0,2023年第4四半期,未改装,,千代田区,2023,4,1975.0,48.0,4.0,933333.3333333334,66680,903780,1355.39892
中古マンション等,不動産取引価格情報,13101,東京都,千代田区,神田駿河台,御茶ノ水,4,16000000,１Ｋ,20,1975年,ＳＲＣ,,住宅,商業,80.0,500.0,2023年第2四半期,未改装,,千代田区,2023,2,1975.0,48.0,4.0,800000.0,66680,903780,1355.39892
中古マンション等,不動産取引価格情報,13101,東京都,千代田区,神田駿河台,御茶ノ水,1,15000000,１Ｋ,15,1977年,ＳＲＣ,住宅,その他,商業,80.0,500.0,2023年第1四半期,改装済み,,千代田区,2023,1,1977.0,46.0,1.0,1000000.0,66680,903780,1355.39892
中古マンション等,不動産取引価格情報,13101,東京都,千代田区,神田駿河台,御茶ノ水,4,14000000,１Ｋ,15,1975年,ＳＲＣ,住宅,住宅,商業,80.0,500.0,2021年第4四半期,未改装,,千代田区,2021,4,1975.0,46.0,4.0,933333.3333333334,66680,903780,1355.39892
中古マンション等,不動産取引価格情報,13101,東京都,千代田区,神田駿河台,御茶ノ水,1,14000000,１Ｒ,15,1977年,ＳＲＣ,住宅,事務所,商業,80.0,500.0,2021年第2四半期,未改装,,千代田区,2021,2,1977.0,44.0,1.0,933333.3333333334,66680,903780,1355.39892
中古マンション等,不動産取引価格情報,13101,東京都,千代田区,神田駿河台,御茶ノ水,4,18000000,１Ｋ,20,1975年,ＳＲＣ,住宅,事務所,商業,80.0,500.0,2021年第1四半期,改装済み,,千代田区,2021,1,1975.0,46.0,4.0,900000.0,66680,903780,1355.39892
中古マンション等,不動産取引価格情報,13101,東京都,千代田区,神田駿河台,水道橋,6,140000000,２ＬＤＫ,60,2018年,ＲＣ,住宅,住宅,商業,80.0,500.0,2022年第4四半期,,,千代田区,2022,4,2018.0,4.0,6.0,2333333.3333333335,66680,903780,1355.39892
中古マンション等,不動産取引価格情報,13101,東京都,千代田区,神田駿河台,水道橋,5,130000000,２ＬＤＫ,60,2018年,ＲＣ,,住宅,商業,80.0,500.0,2022年第2四半期,未改装,,千代田区,2022,2,2018.0,4.0,5.0,2166666.6666666665,66680,903780,1355.39892
中古マンション等,不動産取引価格情報,13101,東京都,千代田区,神田多町,淡路町,2,39000000,１Ｋ,20,2004年,ＲＣ,住宅,住宅,商業,80.0,700.0,2025年第3四半期,未改装,,千代田区,2025,3,2004.0,21.0,2.0,1950000.0,66680,903780,1355.39892
中古マンション等,不動産取引価格情報,13101,東京都,千代田区,神田多町,淡路町,2,32000000,２ＬＤＫ,45,2004年,ＲＣ,,事務所,商業,80.0,700.0,2024年第1四半期,,,千代田区,2024,1,2004.0,20.0,2.0,711111.1111111111,66680,903780,1355.39892
中古マンション等,不動産取引価格情報,13101,東京都,千代田区,神田多町,淡路町,2,96000000,２ＬＤＫ,55,2012年,ＲＣ,,住宅,商業,80.0,700.0,2023年第3四半期,未改装,,千代田区,2023,3,2012.0,11.0,2.0,1745454.5454545454,66680,903780,1355.39892
中古マンション等,不動産取引価格情報,13101,東京都,千代田区,神田多町,淡路町,2,68000000,１ＬＤＫ,35,2012年,ＲＣ,住宅,住宅,商業,80.0,700.0,2023年第3四半期,改装済み,,千代田区,2023,3,2012.0,11.0,2.0,1942857.142857143,66680,903780,1355.39892
中古マンション等,不動産取引価格情報,13101,東京都,千代田区,神田多町,小川町(東京),2,29000000,１Ｋ,20,2007年,ＲＣ,住宅,その他,商業,80.0,600.0,2025年第2四半期,未改装,,千代田区,2025,2,2007.0,18.0,2.0,1450000.0,66680,903780,1355.39892
中古マンション等,不動産取引価格情報,13101,東京都,千代田区,神田多町,小川町(東京),2,38000000,,25,2007年,ＲＣ,住宅,その他,商業,80.0,600.0,2024年第4四半期,未改装,,千代田区,2024,4,2007.0,17.0,2.0,1520000.0,66680,903780,1355.39892
中古マンション等,不動産取引価格情報,13101,東京都,千代田区,神田多町,小川町(東京),2,26000000,１Ｋ,20,2004年,ＳＲＣ,住宅,住宅,商業,80.0,600.0,2024年第4四半期,,,千代田区,2024,4,2004.0,20.0,2.0,1300000.0,66680,903780,1355.39892
中古マンション等,不動産取引価格情報,13101,東京都,千代田区,神田多町,小川町(東京),2,43000000,１ＬＤＫ,35,2007年,ＲＣ,住宅,住宅,商業,80.0,600.0,2023年第3四半期,未改装,,千代田区,2023,3,2007.0,16.0,2.0,1228571.4285714286,66680,903780,1355.39892
中古マンション等,不動産取引価格情報,13101,東京都,千代田区,神田多町,小川町(東京),2,28000000,１Ｋ,20,2004年,ＳＲＣ,,住宅,商業,80.0,600.0,2022年第4四半期,未改装,,千代田区,2022,4,2004.0,18.0,2.0,1400000.0,66680,903780,1355.39892
中古マンション等,不動産取引価格情報,13101,東京都,千代田区,神田多町,小川町(東京),2,39000000,１Ｋ,30,2007年,ＲＣ,,住宅,商業,80.0,600.0,2022年第2四半期,未改装,,千代田区,2022,2,2007.0,15.0,2.0,1300000.0,66680,903780,1355.39892
中古マンション等,不動産取引価格情報,13101,東京都,千代田区,神田多町,小川町(東京),2,42000000,１ＤＫ,30,2004年,ＳＲＣ,住宅,住宅,商業,80.0,600.0,2022年第2四半期,改装済み,,千代田区,2022,2,2004.0,18.0,2.0,1400000.0,66680,903780,1355.39892
中古マンション等,不動産取引価格情報,13101,東京都,千代田区,神田多町,小川町(東京),1,25000000,１Ｋ,20,2005年,ＳＲＣ,住宅,住宅,商業,80.0,600.0,2022年第1四半期,未改装,,千代田区,2022,1,2005.0,17.0,1.0,1250000.0,66680,903780,1355.39892
中古マンション等,不動産取引価格情報,13101,東京都,千代田区,神田多町,小川町(東京),2,26000000,１Ｋ,20,2004年,ＳＲＣ,住宅,住宅,商業,80.0,600.0,2022年第1四半期,未改装,,千代田区,2022,1,2004.0,18.0,2.0,1300000.0,66680,903780,1355.39892
中古マンション等,不動産取引価格情報,13101,東京都,千代田区,神田多町,小川町(東京),2,38000000,１Ｋ,30,2007年,ＲＣ,,住宅,商業,80.0,600.0,2021年第4四半期,未改装,,千代田区,2021,4,2007.0,14.0,2.0,1266666.6666666667,66680,903780,1355.39892
中古マンション等,不動産取引価格情報,13101,東京都,千代田区,神田多町,小川町(東京),1,24000000,１Ｋ,20,2005年,ＳＲＣ,住宅,住宅,商業,80.0,600.0,2021年第4四半期,,,千代田区,2021,4,2005.0,16.0,1.0,1200000.0,66680,903780,1355.39892
中古マンション等,不動産取引価格情報,13101,東京都,千代田区,神田多町,小川町(東京),2,27000000,１Ｋ,20,2004年,ＳＲＣ,住宅,住宅,商業,80.0,600.0,2021年第3四半期,改装済み,,千代田区,2021,3,2004.0,17.0,2.0,1350000.0,66680,903780,1355.39892
中古マンション等,不動産取引価格情報,13101,東京都,千代田区,神田多町,小川町(東京),1,25000000,１Ｋ,20,2005年,ＳＲＣ,,住宅,商業,80.0,600.0,2021年第2四半期,,,千代田区,2021,2,2005.0,16.0,1.0,1250000.0,66680,903780,1355.39892
中古マンション等,不動産取引価格情報,13101,東京都,千代田区,神田多町,小川町(東京),1,25000000,１Ｋ,20,2005年,ＳＲＣ,住宅,住宅,商業,80.0,600.0,2021年第2四半期,未改装,,千代田区,2021,2,2005.0,16.0,1.0,1250000.0,66680,903780,1355.39892
中古マンション等,不動産取引価格情報,13101,東京都,千代田区,神田多町,小川町(東京),2,27000000,１Ｋ,20,2004年,ＳＲＣ,住宅,住宅,商業,80.0,600.0,2021年第1四半期,未改装,,千代田区,2021,1,2004.0,17.0,2.0,1350000.0,66680,903780,1355.39892
中古マンション等,不動産取引価格情報,13101,東京都,千代田区,神田多町,神田(東京),2,31000000,１Ｋ,20,2007年,ＲＣ,住宅,住宅,商業,80.0,700.0,2025年第3四半期,改装済み,,千代田区,2025,3,2007.0,18.0,2.0,1550000.0,66680,903780,1355.39892
中古マンション等,不動産取引価格情報,13101,東京都,千代田区,神田多町,神田(東京),2,45000000,１Ｋ,25,2007年,ＲＣ,住宅,その他,商業,80.0,700.0,2025年第3四半期,,,千代田区,2025,3,2007.0,18.0,2.0,1800000.0,66680,903780,1355.39892
中古マンション等,不動産取引価格情報,13101,東京都,千代田区,神田多町,神田(東京),3,67000000,１ＤＫ,30,2021年,ＲＣ,住宅,住宅,商業,80.0,600.0,2025年第2四半期,未改装,,千代田区,2025,2,2021.0,4.0,3.0,2233333.3333333335,66680,903780,1355.39892
中古マンション等,不動産取引価格情報,13101,東京都,千代田区,神田多町,神田(東京),2,28000000,１Ｋ,25,2005年,ＳＲＣ,住宅,住宅,商業,80.0,700.0,2025年第1四半期,未改装,,千代田区,2025,1,2005.0,20.0,2.0,1120000.0,66680,903780,1355.39892
中古マンション等,不動産取引価格情報,13101,東京都,千代田区,神田多町,神田(東京),2,48000000,１ＤＫ,30,2007年,ＲＣ,住宅,住宅,商業,80.0,700.0,2024年第4四半期,未改装,,千代田区,2024,4,2007.0,17.0,2.0,1600000.0,66680,903780,1355.39892
中古マンション等,不動産取引価格情報,13101,東京都,千代田区,神田多町,神田(東京),2,28000000,１Ｋ,25,2005年,ＳＲＣ,住宅,住宅,商業,80.0,700.0,2024年第2四半期,,,千代田区,2024,2,2005.0,19.0,2.0,1120000.0,66680,903780,1355.39892
中古マンション等,不動産取引価格情報,13101,東京都,千代田区,神田多町,神田(東京),2,40000000,１Ｋ,30,2007年,ＲＣ,住宅,住宅,商業,80.0,700.0,2023年第3四半期,未改装,,千代田区,2023,3,2007.0,16.0,2.0,1333333.3333333333,66680,903780,1355.39892
中古マンション等,不動産取引価格情報,13101,東京都,千代田区,神田多町,神田(東京),2,39000000,１Ｋ,25,2007年,ＲＣ,住宅,住宅,商業,80.0,700.0,2023年第2四半期,未改装,,千代田区,2023,2,2007.0,16.0,2.0,1560000.0,66680,903780,1355.39892
中古マンション等,不動産取引価格情報,13101,東京都,千代田区,神田多町,神田(東京),4,46000000,１ＬＤＫ,40,2004年,ＲＣ,住宅,,商業,80.0,700.0,2022年第4四半期,未改装,,千代田区,2022,4,2004.0,18.0,4.0,1150000.0,66680,903780,1355.39892
中古マンション等,不動産取引価格情報,13101,東京都,千代田区,神田多町,神田(東京),2,34000000,１Ｋ,20,2007年,ＲＣ,住宅,住宅,商業,80.0,700.0,2022年第4四半期,改装済み,,千代田区,2022,4,2007.0,15.0,2.0,1700000.0,66680,903780,1355.39892
中古マンション等,不動産取引価格情報,13101,東京都,千代田区,神田多町,神田(東京),2,33000000,１Ｋ,20,2007年,ＲＣ,住宅,住宅,商業,80.0,700.0,2022年第2四半期,未改装,,千代田区,2022,2,2007.0,15.0,2.0,1650000.0,66680,903780,1355.39892
中古マンション等,不動産取引価格情報,13101,東京都,千代田区,神田多町,神田(東京),2,38000000,１Ｋ,25,2007年,ＲＣ,,住宅,商業,80.0,700.0,2022年第2四半期,未改装,,千代田区,2022,2,2007.0,15.0,2.0,1520000.0,66680,903780,1355.39892
中古マンション等,不動産取引価格情報,13101,東京都,千代田区,神田多町,神田(東京),2,30000000,１Ｋ,20,2007年,ＲＣ,住宅,住宅,商業,80.0,700.0,2022年第1四半期,未改装,,千代田区,2022,1,2007.0,15.0,2.0,1500000.0,66680,903780,1355.39892
中古マンション等,不動産取引価格情報,13101,東京都,千代田区,神田多町,神田(東京),2,33000000,１Ｋ,20,2007年,ＲＣ,住宅,住宅,商業,80.0,700.0,2022年第1四半期,改装済み,,千代田区,2022,1,2007.0,15.0,2.0,1650000.0,66680,903780,1355.39892
中古マンション等,不動産取引価格情報,13101,東京都,千代田区,神田多町,神田(東京),2,39000000,１ＬＤＫ,30,2007年,ＲＣ,住宅,住宅,商業,80.0,700.0,2022年第1四半期,,,千代田区,2022,1,2007.0,15.0,2.0,1300000.0,66680,903780,1355.39892
中古マンション等,不動産取引価格情報,13101,東京都,千代田区,神田多町,神田(東京),4,58000000,１ＬＤＫ,50,2004年,ＲＣ,住宅,住宅,商業,80.0,700.0,2022年第1四半期,未改装,,千代田区,2022,1,2004.0,18.0,4.0,1160000.0,66680,903780,1355.39892
中古マンション等,不動産取引価格情報,13101,東京都,千代田区,神田多町,神田(東京),2,32000000,１Ｋ,20,2007年,ＲＣ,住宅,住宅,商業,80.0,700.0,2022年第1四半期,未改装,,千代田区,2022,1,2007.0,15.0,2.0,1600000.0,66680,903780,1355.39892
中古マンション等,不動産取引価格情報,13101,東京都,千代田区,神田多町,神田(東京),2,31000000,１Ｋ,20,2007年,ＲＣ,住宅,住宅,商業,80.0,700.0,2021年第4四半期,未改装,,千代田区,2021,4,2007.0,14.0,2.0,1550000.0,66680,903780,1355.39892
中古マンション等,不動産取引価格情報,13101,東京都,千代田区,神田多町,神田(東京),2,38000000,１Ｋ,30,2007年,ＲＣ,住宅,住宅,商業,80.0,700.0,2021年第2四半期,未改装,,千代田区,2021,2,2007.0,14.0,2.0,1266666.6666666667,66680,903780,1355.39892
中古マンション等,不動産取引価格情報,13101,東京都,千代田区,神田司町,淡路町,4,34000000,１Ｋ,20,2005年,ＳＲＣ,住宅,その他,商業,80.0,600.0,2025年第1四半期,未改装,,千代田区,2025,1,2005.0,20.0,4.0,1700000.0,66680,903780,1355.39892
中古マンション等,不動産取引価格情報,13101,東京都,千代田区,神田司町,淡路町,2,40000000,１Ｋ,30,2017年,ＲＣ,住宅,住宅,商業,80.0,600.0,2024年第4四半期,未改装,,千代田区,2024,4,2017.0,7.0,2.0,1333333.3333333333,66680,903780,1355.39892
中古マンション等,不動産取引価格情報,13101,東京都,千代田区,神田司町,淡路町,3,27000000,１Ｋ,25,2005年,ＳＲＣ,,住宅,商業,80.0,600.0,2024年第1四半期,未改装,,千代田区,2024,1,2005.0,19.0,3.0,1080000.0,66680,903780,1355.39892
中古マンション等,不動産取引価格情報,13101,東京都,千代田区,神田司町,淡路町,4,37000000,１Ｋ,30,2005年,ＳＲＣ,住宅,住宅,商業,80.0,600.0,2024年第1四半期,未改装,,千代田区,2024,1,2005.0,19.0,4.0,1233333.3333333333,66680,903780,1355.39892
中古マンション等,不動産取引価格情報,13101,東京都,千代田区,神田司町,淡路町,2,37000000,１Ｋ,25,2017年,ＲＣ,,住宅,商業,80.0,600.0,2023年第4四半期,未改装,,千代田区,2023,4,2017.0,6.0,2.0,1480000.0,66680,903780,1355.39892
中古マンション等,不動産取引価格情報,13101,東京都,千代田区,神田司町,淡路町,2,42000000,１ＤＫ,30,2017年,ＲＣ,住宅,住宅,商業,80.0,600.0,2023年第3四半期,,,千代田区,2023,3,2017.0,6.0,2.0,1400000.0,66680,903780,1355.39892
中古マンション等,不動産取引価格情報,13101,東京都,千代田区,神田司町,淡路町,2,36000000,１Ｋ,25,2017年,ＲＣ,住宅,住宅,商業,80.0,600.0,2023年第3四半期,未改装,,千代田区,2023,3,2017.0,6.0,2.0,1440000.0,66680,903780,1355.39892
中古マンション等,不動産取引価格情報,13101,東京都,千代田区,神田司町,淡路町,4,28000000,１Ｋ,20,2005年,ＳＲＣ,住宅,住宅,商業,80.0,600.0,2023年第1四半期,未改装,,千代田区,2023,1,2005.0,18.0,4.0,1400000.0,66680,903780,1355.39892
中古マンション等,不動産取引価格情報,13101,東京都,千代田区,神田司町,淡路町,3,39000000,１Ｋ,30,2005年,ＳＲＣ,,住宅,商業,80.0,600.0,2022年第4四半期,改装済み,,千代田区,2022,4,2005.0,17.0,3.0,1300000.0,66680,903780,1355.39892
中古マンション等,不動産取引価格情報,13101,東京都,千代田区,神田司町,淡路町,4,30000000,１Ｋ,20,2005年,ＳＲＣ,住宅,住宅,商業,80.0,600.0,2022年第3四半期,改装済み,,千代田区,2022,3,2005.0,17.0,4.0,1500000.0,66680,903780,1355.39892
中古マンション等,不動産取引価格情報,13101,東京都,千代田区,神田司町,淡路町,4,30000000,１Ｋ,20,2005年,ＳＲＣ,住宅,住宅,商業,80.0,600.0,2022年第3四半期,改装済み,,千代田区,2022,3,2005.0,17.0,4.0,1500000.0,66680,903780,1355.39892
中古マンション等,不動産取引価格情報,13101,東京都,千代田区,神田司町,淡路町,3,100000000,３ＬＤＫ,60,2015年,ＲＣ,住宅,住宅,商業,80.0,700.0,2022年第3四半期,未改装,,千代田区,2022,3,2015.0,7.0,3.0,1666666.6666666667,66680,903780,1355.39892
中古マンション等,不動産取引価格情報,13101,東京都,千代田区,神田司町,淡路町,3,28000000,１Ｋ,20,2005年,ＳＲＣ,住宅,住宅,商業,80.0,600.0,2021年第4四半期,未改装,,千代田区,2021,4,2005.0,16.0,3.0,1400000.0,66680,903780,1355.39892
中古マンション等,不動産取引価格情報,13101,東京都,千代田区,神田司町,淡路町,3,38000000,１ＤＫ,30,2005年,ＳＲＣ,,住宅,商業,80.0,600.0,2021年第3四半期,改装済み,,千代田区,2021,3,2005.0,16.0,3.0,1266666.6666666667,66680,903780,1355.39892
中古マンション等,不動産取引価格情報,13101,東京都,千代田区,神田司町,淡路町,3,25000000,１Ｋ,20,2005年,ＳＲＣ,住宅,住宅,商業,80.0,600.0,2021年第3四半期,未改装,,千代田区,2021,3,2005.0,16.0,3.0,1250000.0,66680,903780,1355.39892
中古マンション等,不動産取引価格情報,13101,東京都,千代田区,神田司町,淡路町,3,42000000,１ＬＤＫ,35,2015年,ＲＣ,,住宅,商業,80.0,700.0,2021年第1四半期,,,千代田区,2021,1,2015.0,6.0,3.0,1200000.0,66680,903780,1355.39892
中古マンション等,不動産取引価格情報,13101,東京都,千代田区,神田司町,淡路町,2,38000000,１Ｋ,30,2017年,,,住宅,商業,80.0,600.0,2021年第1四半期,,,千代田区,2021,1,2017.0,4.0,2.0,1266666.6666666667,66680,903780,1355.39892
中古マンション等,不動産取引価格情報,13101,東京都,千代田区,神田富山町,神田(東京),4,44000000,１ＬＤＫ,40,2011年,ＳＲＣ,,その他,商業,80.0,600.0,2023年第3四半期,未改装,,千代田区,2023,3,2011.0,12.0,4.0,1100000.0,66680,903780,1355.39892
中古マンション等,不動産取引価格情報,13101,東京都,千代田区,神田富山町,神田(東京),3,50000000,１ＬＤＫ,40,2012年,ＲＣ,,住宅,商業,80.0,600.0,2023年第2四半期,未改装,,千代田区,2023,2,2012.0,11.0,3.0,1250000.0,66680,903780,1355.39892
中古マンション等,不動産取引価格情報,13101,東京都,千代田区,神田富山町,神田(東京),3,35000000,１ＤＫ,30,2012年,ＲＣ,住宅,住宅,商業,80.0,600.0,2023年第1四半期,,,千代田区,2023,1,2012.0,11.0,3.0,1166666.6666666667,66680,903780,1355.39892
中古マンション等,不動産取引価格情報,13101,東京都,千代田区,神田富山町,神田(東京),3,54000000,１ＬＤＫ,40,2011年,ＳＲＣ,,住宅,商業,80.0,600.0,2022年第2四半期,未改装,,千代田区,2022,2,2011.0,11.0,3.0,1350000.0,66680,903780,1355.39892
中古マンション等,不動産取引価格情報,13101,東京都,千代田区,神田富山町,神田(東京),4,21000000,１Ｋ,20,2011年,ＳＲＣ,住宅,住宅,商業,80.0,600.0,2022年第1四半期,,,千代田区,2022,1,2011.0,11.0,4.0,1050000.0,66680,903780,1355.39892
中古マンション等,不動産取引価格情報,13101,東京都,千代田区,神田富山町,神田(東京),4,52000000,１ＬＤＫ,40,2011年,ＳＲＣ,住宅,住宅,商業,80.0,600.0,2021年第4四半期,改装済み,,千代田区,2021,4,2011.0,10.0,4.0,1300000.0,66680,903780,1355.39892
中古マンション等,不動産取引価格情報,13101,東京都,千代田区,神田富山町,神田(東京),3,45000000,１ＬＤＫ,40,2012年,ＲＣ,,住宅,商業,80.0,600.0,2021年第1四半期,改装済み,,千代田区,2021,1,2012.0,9.0,3.0,1125000.0,66680,903780,1355.39892
中古マンション等,不動産取引価格情報,13101,東京都,千代田区,神田錦町,大手町(東京),4,47000000,１Ｋ,25,2017年,ＲＣ,住宅,住宅,商業,80.0,600.0,2025年第4四半期,未改装,,千代田区,2025,4,2017.0,8.0,4.0,1880000.0,66680,903780,1355.39892
中古マンション等,不動産取引価格情報,13101,東京都,千代田区,神田錦町,大手町(東京),5,80000000,１ＬＤＫ,50,2007年,ＲＣ,住宅,住宅,商業,80.0,600.0,2025年第2四半期,未改装,,千代田区,2025,2,2007.0,18.0,5.0,1600000.0,66680,903780,1355.39892
中古マンション等,不動産取引価格情報,13101,東京都,千代田区,神田錦町,大手町(東京),6,70000000,１ＬＤＫ,35,,,住宅,住宅,,,,2025年第2四半期,未改装,,千代田区,2025,2,,,6.0,2000000.0,66680,903780,1355.39892
中古マンション等,不動産取引価格情報,13101,東京都,千代田区,神田錦町,大手町(東京),6,34000000,１Ｋ,20,,,,住宅,,,,2025年第1四半期,未改装,,千代田区,2025,1,,,6.0,1700000.0,66680,903780,1355.39892
中古マンション等,不動産取引価格情報,13101,東京都,千代田区,神田錦町,大手町(東京),6,34000000,１Ｋ,20,2003年,ＳＲＣ,住宅,その他,商業,80.0,600.0,2025年第1四半期,未改装,,千代田区,2025,1,2003.0,22.0,6.0,1700000.0,66680,903780,1355.39892
中古マンション等,不動産取引価格情報,13101,東京都,千代田区,神田錦町,大手町(東京),4,69000000,１ＬＤＫ,35,2017年,ＲＣ,住宅,住宅,商業,80.0,600.0,2024年第3四半期,未改装,,千代田区,2024,3,2017.0,7.0,4.0,1971428.5714285714,66680,903780,1355.39892
中古マンション等,不動産取引価格情報,13101,東京都,千代田区,神田錦町,大手町(東京),6,33000000,１Ｋ,20,2003年,ＳＲＣ,住宅,住宅,商業,80.0,600.0,2024年第1四半期,改装済み,,千代田区,2024,1,2003.0,21.0,6.0,1650000.0,66680,903780,1355.39892
中古マンション等,不動産取引価格情報,13101,東京都,千代田区,神田錦町,大手町(東京),6,74000000,２ＬＤＫ,45,,,住宅,住宅,,,,2023年第1四半期,未改装,,千代田区,2023,1,,,6.0,1644444.4444444445,66680,903780,1355.39892
中古マンション等,不動産取引価格情報,13101,東京都,千代田区,神田錦町,大手町(東京),6,75000000,２ＬＤＫ,45,2018年,ＲＣ,住宅,住宅,商業,80.0,600.0,2022年第4四半期,未改装,,千代田区,2022,4,2018.0,4.0,6.0,1666666.6666666667,66680,903780,1355.39892
中古マンション等,不動産取引価格情報,13101,東京都,千代田区,神田錦町,大手町(東京),6,30000000,１Ｋ,20,2003年,ＳＲＣ,,その他,商業,80.0,600.0,2021年第4四半期,未改装,,千代田区,2021,4,2003.0,18.0,6.0,1500000.0,66680,903780,1355.39892
中古マンション等,不動産取引価格情報,13101,東京都,千代田区,神田錦町,小川町(東京),4,28000000,１Ｋ,20,2002年,ＳＲＣ,住宅,住宅,商業,80.0,600.0,2025年第2四半期,,,千代田区,2025,2,2002.0,23.0,4.0,1400000.0,66680,903780,1355.39892
中古マンション等,不動産取引価格情報,13101,東京都,千代田区,神田錦町,小川町(東京),4,32000000,１Ｋ,25,2002年,ＳＲＣ,住宅,住宅,商業,80.0,600.0,2024年第3四半期,未改装,,千代田区,2024,3,2002.0,22.0,4.0,1280000.0,66680,903780,1355.39892
中古マンション等,不動産取引価格情報,13101,東京都,千代田区,神田錦町,小川町(東京),4,31000000,１Ｋ,25,2002年,ＳＲＣ,,住宅,商業,80.0,600.0,2023年第4四半期,未改装,,千代田区,2023,4,2002.0,21.0,4.0,1240000.0,66680,903780,1355.39892
中古マンション等,不動産取引価格情報,13101,東京都,千代田区,神田錦町,小川町(東京),4,29000000,１Ｋ,20,2003年,ＳＲＣ,住宅,住宅,商業,80.0,600.0,2023年第4四半期,未改装,,千代田区,2023,4,2003.0,20.0,4.0,1450000.0,66680,903780,1355.39892
中古マンション等,不動産取引価格情報,13101,東京都,千代田区,神田錦町,小川町(東京),4,26000000,１Ｋ,20,2003年,ＳＲＣ,住宅,住宅,商業,80.0,600.0,2023年第4四半期,改装済み,,千代田区,2023,4,2003.0,20.0,4.0,1300000.0,66680,903780,1355.39892
中古マンション等,不動産取引価格情報,13101,東京都,千代田区,神田錦町,小川町(東京),4,30000000,１Ｋ,20,2003年,ＳＲＣ,,住宅,商業,80.0,600.0,2023年第2四半期,未改装,,千代田区,2023,2,2003.0,20.0,4.0,1500000.0,66680,903780,1355.39892
中古マンション等,不動産取引価格情報,13101,東京都,千代田区,神田錦町,小川町(東京),6,65000000,２ＤＫ,40,2015年,ＲＣ,,住宅,商業,80.0,600.0,2023年第2四半期,,,千代田区,2023,2,2015.0,8.0,6.0,1625000.0,66680,903780,1355.39892
中古マンション等,不動産取引価格情報,13101,東京都,千代田区,神田錦町,小川町(東京),5,48000000,２ＤＫ,30,2015年,ＲＣ,,,商業,80.0,600.0,2023年第1四半期,未改装,,千代田区,2023,1,2015.0,8.0,5.0,1600000.0,66680,903780,1355.39892
中古マンション等,不動産取引価格情報,13101,東京都,千代田区,神田錦町,小川町(東京),4,38000000,１Ｋ,30,2002年,ＳＲＣ,,住宅,商業,80.0,600.0,2022年第4四半期,未改装,,千代田区,2022,4,2002.0,20.0,4.0,1266666.6666666667,66680,903780,1355.39892
中古マンション等,不動産取引価格情報,13101,東京都,千代田区,神田錦町,小川町(東京),4,24000000,１Ｋ,20,2003年,ＳＲＣ,住宅,住宅,商業,80.0,600.0,2022年第4四半期,未改装,,千代田区,2022,4,2003.0,19.0,4.0,1200000.0,66680,903780,1355.39892
中古マンション等,不動産取引価格情報,13101,東京都,千代田区,神田錦町,小川町(東京),4,26000000,１Ｋ,20,2003年,ＳＲＣ,住宅,住宅,商業,80.0,600.0,2022年第3四半期,改装済み,,千代田区,2022,3,2003.0,19.0,4.0,1300000.0,66680,903780,1355.39892
中古マンション等,不動産取引価格情報,13101,東京都,千代田区,神田錦町,小川町(東京),4,25000000,１Ｋ,20,,ＳＲＣ,,住宅,商業,80.0,600.0,2022年第1四半期,未改装,,千代田区,2022,1,,,4.0,1250000.0,66680,903780,1355.39892
中古マンション等,不動産取引価格情報,13101,東京都,千代田区,神田錦町,小川町(東京),4,22000000,１Ｋ,20,2003年,ＳＲＣ,住宅,その他,商業,80.0,600.0,2022年第1四半期,,,千代田区,2022,1,2003.0,19.0,4.0,1100000.0,66680,903780,1355.39892
中古マンション等,不動産取引価格情報,13101,東京都,千代田区,神田錦町,小川町(東京),4,26000000,１Ｋ,20,2003年,ＳＲＣ,住宅,住宅,商業,80.0,600.0,2021年第3四半期,,,千代田区,2021,3,2003.0,18.0,4.0,1300000.0,66680,903780,1355.39892
中古マンション等,不動産取引価格情報,13101,東京都,千代田区,神田錦町,小川町(東京),4,25000000,１Ｋ,20,2002年,ＳＲＣ,住宅,住宅,商業,80.0,600.0,2021年第3四半期,未改装,,千代田区,2021,3,2002.0,19.0,4.0,1250000.0,66680,903780,1355.39892
中古マンション等,不動産取引価格情報,13101,東京都,千代田区,神田錦町,小川町(東京),5,84000000,２ＬＤＫ,55,2018年,ＲＣ,住宅,住宅,商業,80.0,600.0,2021年第3四半期,未改装,,千代田区,2021,3,2018.0,3.0,5.0,1527272.7272727273,66680,903780,1355.39892
中古マンション等,不動産取引価格情報,13101,東京都,千代田区,神田錦町,小川町(東京),4,26000000,１Ｋ,20,2002年,ＳＲＣ,住宅,住宅,商業,80.0,600.0,2021年第2四半期,未改装,,千代田区,2021,2,2002.0,19.0,4.0,1300000.0,66680,903780,1355.39892
中古マンション等,不動産取引価格情報,13101,東京都,千代田区,神田錦町,小川町(東京),4,23000000,１Ｋ,20,2003年,ＳＲＣ,,住宅,商業,80.0,600.0,2021年第2四半期,未改装,,千代田区,2021,2,2003.0,18.0,4.0,1150000.0,66680,903780,1355.39892
中古マンション等,不動産取引価格情報,13101,東京都,千代田区,神田錦町,小川町(東京),4,27000000,１Ｋ,20,2003年,ＳＲＣ,住宅,,商業,80.0,600.0,2021年第2四半期,未改装,,千代田区,2021,2,2003.0,18.0,4.0,1350000.0,66680,903780,1355.39892
中古マンション等,不動産取引価格情報,13101,東京都,千代田区,神田錦町,小川町(東京),4,27000000,１Ｋ,20,2003年,ＳＲＣ,住宅,住宅,商業,80.0,600.0,2021年第1四半期,未改装,,千代田区,2021,1,2003.0,18.0,4.0,1350000.0,66680,903780,1355.39892
中古マンション等,不動産取引価格情報,13101,東京都,千代田区,神田錦町,新御茶ノ水,4,56000000,１ＬＤＫ,45,2003年,ＳＲＣ,,住宅,商業,80.0,600.0,2023年第4四半期,未改装,,千代田区,2023,4,2003.0,20.0,4.0,1244444.4444444445,66680,903780,1355.39892
中古マンション等,不動産取引価格情報,13101,東京都,千代田区,神田錦町,神保町,5,28000000,２ＬＤＫ,50,2002年,ＲＣ,,住宅,商業,80.0,600.0,2025年第3四半期,未改装,,千代田区,2025,3,2002.0,23.0,5.0,560000.0,66680,903780,1355.39892
中古マンション等,不動産取引価格情報,13101,東京都,千代田区,神田錦町,神保町,3,31000000,１Ｋ,20,2000年,ＳＲＣ,住宅,住宅,商業,80.0,600.0,2025年第1四半期,改装済み,,千代田区,2025,1,2000.0,25.0,3.0,1550000.0,66680,903780,1355.39892
中古マンション等,不動産取引価格情報,13101,東京都,千代田区,神田錦町,神保町,5,65000000,１ＬＤＫ,50,2002年,ＲＣ,住宅,住宅,商業,80.0,600.0,2022年第3四半期,未改装,,千代田区,2022,3,2002.0,20.0,5.0,1300000.0,66680,903780,1355.39892
中古マンション等,不動産取引価格情報,13101,東京都,千代田区,神田錦町,神保町,5,27000000,１Ｋ,20,2000年,ＳＲＣ,住宅,事務所,商業,80.0,600.0,2022年第2四半期,未改装,,千代田区,2022,2,2000.0,22.0,5.0,1350000.0,66680,903780,1355.39892
中古マンション等,不動産取引価格情報,13101,東京都,千代田区,神田錦町,神保町,5,60000000,２ＬＤＫ,50,2002年,ＲＣ,住宅,住宅,商業,80.0,600.0,2021年第1四半期,未改装,,千代田区,2021,1,2002.0,19.0,5.0,1200000.0,66680,903780,1355.39892
中古マンション等,不動産取引価格情報,13101,東京都,千代田区,神田錦町,竹橋,5,46000000,１ＤＫ,30,2019年,ＲＣ,住宅,住宅,商業,80.0,600.0,2023年第4四半期,未改装,,千代田区,2023,4,2019.0,4.0,5.0,1533333.3333333333,66680,903780,1355.39892
中古マンション等,不動産取引価格情報,13101,東京都,千代田区,神田練塀町,秋葉原,4,23000000,１Ｋ,15,1986年,ＳＲＣ,住宅,事務所,商業,80.0,800.0,2025年第3四半期,未改装,,千代田区,2025,3,1986.0,39.0,4.0,1533333.3333333333,66680,903780,1355.39892
中古マンション等,不動産取引価格情報,13101,東京都,千代田区,神田練塀町,秋葉原,2,100000000,１ＬＤＫ,50,2006年,ＲＣ,,住宅,商業,80.0,600.0,2024年第2四半期,未改装,,千代田区,2024,2,2006.0,18.0,2.0,2000000.0,66680,903780,1355.39892
中古マンション等,不動産取引価格情報,13101,東京都,千代田区,神田練塀町,秋葉原,2,80000000,,50,2006年,ＲＣ,,住宅,商業,80.0,600.0,2024年第1四半期,未改装,,千代田区,2024,1,2006.0,18.0,2.0,1600000.0,66680,903780,1355.39892
中古マンション等,不動産取引価格情報,13101,東京都,千代田区,神田練塀町,秋葉原,2,67000000,１ＬＤＫ,40,2006年,ＲＣ,,事務所,商業,80.0,600.0,2022年第1四半期,未改装,,千代田区,2022,1,2006.0,16.0,2.0,1675000.0,66680,903780,1355.39892
中古マンション等,不動産取引価格情報,13101,東京都,千代田区,神田練塀町,秋葉原,2,60000000,１ＬＤＫ,40,2006年,ＲＣ,住宅,住宅,商業,80.0,600.0,2021年第1四半期,未改装,,千代田区,2021,1,2006.0,15.0,2.0,1500000.0,66680,903780,1355.39892
中古マンション等,不動産取引価格情報,13101,東京都,千代田区,神田東紺屋町,岩本町,3,24000000,１Ｋ,20,2005年,ＳＲＣ,,,商業,80.0,800.0,2022年第2四半期,未改装,,千代田区,2022,2,2005.0,17.0,3.0,1200000.0,66680,903780,1355.39892
中古マンション等,不動産取引価格情報,13101,東京都,千代田区,神田東紺屋町,神田(東京),4,26000000,１Ｋ,20,2005年,ＳＲＣ,住宅,住宅,商業,80.0,800.0,2023年第1四半期,未改装,,千代田区,2023,1,2005.0,18.0,4.0,1300000.0,66680,903780,1355.39892
中古マンション等,不動産取引価格情報,13101,東京都,千代田区,神田東紺屋町,神田(東京),4,24000000,１Ｋ,20,2005年,ＳＲＣ,,住宅,商業,80.0,800.0,2021年第4四半期,未改装,,千代田区,2021,4,2005.0,16.0,4.0,1200000.0,66680,903780,1355.39892
中古マンション等,不動産取引価格情報,13101,東京都,千代田区,神田東松下町,岩本町,2,48000000,１ＤＫ,35,2003年,ＲＣ,住宅,住宅,商業,80.0,600.0,2025年第3四半期,改装済み,,千代田区,2025,3,2003.0,22.0,2.0,1371428.5714285714,66680,903780,1355.39892
中古マンション等,不動産取引価格情報,13101,東京都,千代田区,神田東松下町,岩本町,2,22000000,１Ｋ,25,2003年,ＲＣ,住宅,住宅,商業,80.0,600.0,2024年第3四半期,未改装,,千代田区,2024,3,2003.0,21.0,2.0,880000.0,66680,903780,1355.39892
中古マンション等,不動産取引価格情報,13101,東京都,千代田区,神田東松下町,岩本町,2,23000000,１Ｋ,20,2003年,ＲＣ,,住宅,商業,80.0,600.0,2023年第1四半期,,,千代田区,2023,1,2003.0,20.0,2.0,1150000.0,66680,903780,1355.39892
中古マンション等,不動産取引価格情報,13101,東京都,千代田区,神田東松下町,岩本町,2,23000000,１Ｋ,20,2005年,ＲＣ,住宅,住宅,商業,80.0,600.0,2022年第3四半期,未改装,,千代田区,2022,3,2005.0,17.0,2.0,1150000.0,66680,903780,1355.39892
中古マンション等,不動産取引価格情報,13101,東京都,千代田区,神田東松下町,岩本町,2,19000000,１Ｋ,25,2003年,ＲＣ,住宅,住宅,商業,80.0,600.0,2021年第2四半期,未改装,,千代田区,2021,2,2003.0,18.0,2.0,760000.0,66680,903780,1355.39892
中古マンション等,不動産取引価格情報,13101,東京都,千代田区,神田東松下町,神田(東京),4,79000000,２ＬＤＫ,50,2002年,ＲＣ,住宅,住宅,商業,80.0,600.0,2025年第1四半期,,,千代田区,2025,1,2002.0,23.0,4.0,1580000.0,66680,903780,1355.39892
中古マンション等,不動産取引価格情報,13101,東京都,千代田区,神田三崎町,水道橋,5,27000000,１Ｋ,20,2005年,ＲＣ,住宅,住宅,商業,80.0,500.0,2025年第3四半期,未改装,,千代田区,2025,3,2005.0,20.0,5.0,1350000.0,66680,903780,1355.39892
中古マンション等,不動産取引価格情報,13101,東京都,千代田区,神田三崎町,水道橋,3,66000000,１ＬＤＫ,35,2013年,ＲＣ,住宅,住宅,商業,80.0,500.0,2025年第2四半期,未改装,,千代田区,2025,2,2013.0,12.0,3.0,1885714.2857142857,66680,903780,1355.39892
中古マンション等,不動産取引価格情報,13101,東京都,千代田区,神田三崎町,水道橋,5,45000000,１ＬＤＫ,40,2011年,ＲＣ,住宅,住宅,商業,80.0,500.0,2024年第4四半期,,,千代田区,2024,4,2011.0,13.0,5.0,1125000.0,66680,903780,1355.39892
中古マンション等,不動産取引価格情報,13101,東京都,千代田区,神田三崎町,水道橋,3,52000000,１ＬＤＫ,40,,,,住宅,,,,2024年第3四半期,未改装,,千代田区,2024,3,,,3.0,1300000.0,66680,903780,1355.39892
中古マンション等,不動産取引価格情報,13101,東京都,千代田区,神田三崎町,水道橋,2,34000000,１Ｋ,30,1998年,ＳＲＣ,,その他,商業,80.0,500.0,2023年第2四半期,未改装,,千代田区,2023,2,1998.0,25.0,2.0,1133333.3333333333,66680,903780,1355.39892
中古マンション等,不動産取引価格情報,13101,東京都,千代田区,神田三崎町,水道橋,5,30000000,１Ｋ,20,2005年,ＲＣ,住宅,その他,商業,80.0,500.0,2023年第1四半期,改装済み,,千代田区,2023,1,2005.0,18.0,5.0,1500000.0,66680,903780,1355.39892
中古マンション等,不動産取引価格情報,13101,東京都,千代田区,神田三崎町,水道橋,5,25000000,１Ｋ,20,2005年,ＲＣ,住宅,住宅,商業,80.0,500.0,2022年第4四半期,未改装,,千代田区,2022,4,2005.0,17.0,5.0,1250000.0,66680,903780,1355.39892
中古マンション等,不動産取引価格情報,13101,東京都,千代田区,神田三崎町,水道橋,5,50000000,１ＤＫ,40,2011年,ＲＣ,,住宅,商業,80.0,500.0,2022年第2四半期,未改装,,千代田区,2022,2,2011.0,11.0,5.0,1250000.0,66680,903780,1355.39892
中古マンション等,不動産取引価格情報,13101,東京都,千代田区,神田三崎町,水道橋,5,28000000,１Ｋ,20,2005年,ＲＣ,住宅,住宅,商業,80.0,500.0,2022年第2四半期,未改装,,千代田区,2022,2,2005.0,17.0,5.0,1400000.0,66680,903780,1355.39892
中古マンション等,不動産取引価格情報,13101,東京都,千代田区,神田三崎町,水道橋,6,32000000,１Ｋ,25,2011年,ＲＣ,,住宅,商業,80.0,500.0,2022年第1四半期,未改装,,千代田区,2022,1,2011.0,11.0,6.0,1280000.0,66680,903780,1355.39892
中古マンション等,不動産取引価格情報,13101,東京都,千代田区,神田三崎町,水道橋,3,35000000,１Ｋ,25,2015年,ＲＣ,住宅,住宅,商業,80.0,500.0,2022年第1四半期,未改装,,千代田区,2022,1,2015.0,7.0,3.0,1400000.0,66680,903780,1355.39892
中古マンション等,不動産取引価格情報,13101,東京都,千代田区,神田三崎町,水道橋,3,25000000,１ＤＫ,30,2013年,ＲＣ,住宅,住宅,商業,80.0,500.0,2021年第3四半期,未改装,,千代田区,2021,3,2013.0,8.0,3.0,833333.3333333334,66680,903780,1355.39892
中古マンション等,不動産取引価格情報,13101,東京都,千代田区,神田美土代町,淡路町,1,43000000,１Ｋ,25,2017年,ＲＣ,住宅,住宅,商業,80.0,600.0,2021年第3四半期,未改装,,千代田区,2021,3,2017.0,4.0,1.0,1720000.0,66680,903780,1355.39892
中古マンション等,不動産取引価格情報,13101,東京都,千代田区,神田美土代町,小川町(東京),1,80000000,１ＬＤＫ,40,2017年,ＲＣ,住宅,住宅,商業,80.0,600.0,2025年第1四半期,未改装,,千代田区,2025,1,2017.0,8.0,1.0,2000000.0,66680,903780,1355.39892
中古マンション等,不動産取引価格情報,13101,東京都,千代田区,神田美土代町,小川町(東京),1,68000000,１ＬＤＫ,40,2017年,ＲＣ,住宅,住宅,商業,80.0,600.0,2023年第1四半期,未改装,,千代田区,2023,1,2017.0,6.0,1.0,1700000.0,66680,903780,1355.39892
中古マンション等,不動産取引価格情報,13101,東京都,千代田区,神田美土代町,小川町(東京),1,54000000,１ＬＤＫ,40,2017年,ＲＣ,,,商業,80.0,600.0,2022年第2四半期,未改装,,千代田区,2022,2,2017.0,5.0,1.0,1350000.0,66680,903780,1355.39892
中古マンション等,不動産取引価格情報,13101,東京都,千代田区,神田美土代町,小川町(東京),1,89000000,２ＬＤＫ,50,2017年,ＲＣ,住宅,住宅,商業,80.0,600.0,2021年第4四半期,未改装,,千代田区,2021,4,2017.0,4.0,1.0,1780000.0,66680,903780,1355.39892
中古マンション等,不動産取引価格情報,13101,東京都,千代田区,紀尾井町,麹町,2,130000000,オープンフロア,90,2003年,ＳＲＣ,事務所,事務所,商業,80.0,600.0,2021年第1四半期,改装済み,,千代田区,2021,1,2003.0,18.0,2.0,1444444.4444444445,66680,903780,1355.39892
中古マンション等,不動産取引価格情報,13101,東京都,千代田区,紀尾井町,永田町,0,720000000,２ＬＤＫ,105,,ＳＲＣ,,住宅,２種住居,60.0,300.0,2025年第3四半期,未改装,,千代田区,2025,3,,,0.0,6857142.857142857,66680,903780,1355.39892
中古マンション等,不動産取引価格情報,13101,東京都,千代田区,九段北,市ケ谷,5,180000000,,65,2018年,ＲＣ,住宅,住宅,商業,80.0,500.0,2024年第4四半期,未改装,,千代田区,2024,4,2018.0,6.0,5.0,2769230.769230769,66680,903780,1355.39892
中古マンション等,不動産取引価格情報,13101,東京都,千代田区,九段北,市ケ谷,2,220000000,３ＬＤＫ,65,2015年,ＲＣ,住宅,その他,商業,80.0,500.0,2024年第1四半期,改装済み,,千代田区,2024,1,2015.0,9.0,2.0,3384615.3846153845,66680,903780,1355.39892
中古マンション等,不動産取引価格情報,13101,東京都,千代田区,九段北,市ケ谷,11,20000000,１Ｋ,20,1979年,ＲＣ,住宅,事務所,商業,80.0,500.0,2023年第4四半期,改装済み,,千代田区,2023,4,1979.0,44.0,11.0,1000000.0,66680,903780,1355.39892
中古マンション等,不動産取引価格情報,13101,東京都,千代田区,九段北,市ケ谷,2,110000000,２ＬＤＫ,70,1988年,ＳＲＣ,住宅,住宅,商業,80.0,700.0,2023年第3四半期,未改装,,千代田区,2023,3,1988.0,35.0,2.0,1571428.5714285714,66680,903780,1355.39892
中古マンション等,不動産取引価格情報,13101,東京都,千代田区,九段北,市ケ谷,4,59000000,１ＬＤＫ,45,2005年,鉄骨造,住宅,その他,商業,80.0,700.0,2023年第2四半期,未改装,,千代田区,2023,2,2005.0,18.0,4.0,1311111.111111111,66680,903780,1355.39892
中古マンション等,不動産取引価格情報,13101,東京都,千代田区,九段北,市ケ谷,3,47000000,１ＤＫ,40,2005年,鉄骨造,,その他,商業,80.0,700.0,2023年第2四半期,,,千代田区,2023,2,2005.0,18.0,3.0,1175000.0,66680,903780,1355.39892
中古マンション等,不動産取引価格情報,13101,東京都,千代田区,九段北,市ケ谷,5,58000000,オープンフロア,55,1976年,ＲＣ,事務所,事務所,商業,80.0,700.0,2023年第1四半期,改装済み,,千代田区,2023,1,1976.0,47.0,5.0,1054545.4545454546,66680,903780,1355.39892
中古マンション等,不動産取引価格情報,13101,東京都,千代田区,九段北,市ケ谷,11,24000000,１Ｋ,20,1979年,ＲＣ,住宅,住宅,商業,80.0,500.0,2022年第2四半期,改装済み,,千代田区,2022,2,1979.0,43.0,11.0,1200000.0,66680,903780,1355.39892
中古マンション等,不動産取引価格情報,13101,東京都,千代田区,九段北,市ケ谷,11,17000000,１Ｋ,20,1979年,ＲＣ,住宅,事務所,商業,80.0,500.0,2022年第1四半期,改装済み,,千代田区,2022,1,1979.0,43.0,11.0,850000.0,66680,903780,1355.39892
中古マンション等,不動産取引価格情報,13101,東京都,千代田区,九段北,市ケ谷,4,23000000,１Ｋ,20,1998年,ＲＣ,住宅,住宅,商業,80.0,500.0,2021年第3四半期,未改装,,千代田区,2021,3,1998.0,23.0,4.0,1150000.0,66680,903780,1355.39892
中古マンション等,不動産取引価格情報,13101,東京都,千代田区,九段北,市ケ谷,4,71000000,２ＬＤＫ,65,2005年,鉄骨造,住宅,住宅,商業,80.0,700.0,2021年第1四半期,未改装,,千代田区,2021,1,2005.0,16.0,4.0,1092307.6923076923,66680,903780,1355.39892
中古マンション等,不動産取引価格情報,13101,東京都,千代田区,九段北,九段下,1,260000000,オープンフロア,185,1991年,鉄骨造,事務所,事務所,商業,80.0,700.0,2025年第2四半期,未改装,,千代田区,2025,2,1991.0,34.0,1.0,1405405.4054054054,66680,903780,1355.39892
中古マンション等,不動産取引価格情報,13101,東京都,千代田区,九段北,九段下,1,220000000,オープンフロア,125,1991年,鉄骨造,事務所,事務所,商業,80.0,700.0,2025年第2四半期,,,千代田区,2025,2,1991.0,34.0,1.0,1760000.0,66680,903780,1355.39892
中古マンション等,不動産取引価格情報,13101,東京都,千代田区,九段北,九段下,2,40000000,１Ｋ,25,2012年,ＲＣ,住宅,住宅,商業,80.0,500.0,2025年第1四半期,未改装,,千代田区,2025,1,2012.0,13.0,2.0,1600000.0,66680,903780,1355.39892
中古マンション等,不動産取引価格情報,13101,東京都,千代田区,九段北,九段下,2,21000000,１Ｋ,20,1980年,ＳＲＣ,住宅,住宅,商業,80.0,500.0,2024年第3四半期,未改装,,千代田区,2024,3,1980.0,44.0,2.0,1050000.0,66680,903780,1355.39892
中古マンション等,不動産取引価格情報,13101,東京都,千代田区,九段北,九段下,2,33000000,１Ｋ,25,2012年,ＲＣ,,住宅,商業,80.0,500.0,2024年第1四半期,未改装,,千代田区,2024,1,2012.0,12.0,2.0,1320000.0,66680,903780,1355.39892
中古マンション等,不動産取引価格情報,13101,東京都,千代田区,九段北,九段下,6,350000000,３ＬＤＫ,125,2000年,ＳＲＣ,住宅,住宅,１種住居,60.0,400.0,2023年第4四半期,改装済み,,千代田区,2023,4,2000.0,23.0,6.0,2800000.0,66680,903780,1355.39892
中古マンション等,不動産取引価格情報,13101,東京都,千代田区,九段北,九段下,2,88000000,２ＤＫ,50,2012年,ＲＣ,住宅,住宅,商業,80.0,500.0,2023年第2四半期,改装済み,,千代田区,2023,2,2012.0,11.0,2.0,1760000.0,66680,903780,1355.39892
中古マンション等,不動産取引価格情報,13101,東京都,千代田区,九段北,九段下,2,39000000,１Ｋ,25,2012年,ＲＣ,住宅,住宅,商業,80.0,500.0,2023年第2四半期,改装済み,,千代田区,2023,2,2012.0,11.0,2.0,1560000.0,66680,903780,1355.39892
中古マンション等,不動産取引価格情報,13101,東京都,千代田区,九段北,九段下,1,25000000,,20,2000年,ＳＲＣ,,,商業,80.0,500.0,2022年第4四半期,,,千代田区,2022,4,2000.0,22.0,1.0,1250000.0,66680,903780,1355.39892
中古マンション等,不動産取引価格情報,13101,東京都,千代田区,九段北,九段下,1,21000000,１Ｋ,20,2000年,ＳＲＣ,,住宅,商業,80.0,500.0,2022年第3四半期,,,千代田区,2022,3,2000.0,22.0,1.0,1050000.0,66680,903780,1355.39892
中古マンション等,不動産取引価格情報,13101,東京都,千代田区,九段北,九段下,2,74000000,２ＬＤＫ,50,2012年,ＲＣ,,住宅,商業,80.0,500.0,2022年第2四半期,未改装,,千代田区,2022,2,2012.0,10.0,2.0,1480000.0,66680,903780,1355.39892
中古マンション等,不動産取引価格情報,13101,東京都,千代田区,九段北,九段下,2,57000000,２ＬＤＫ,50,2012年,ＲＣ,住宅,住宅,商業,80.0,500.0,2022年第1四半期,未改装,,千代田区,2022,1,2012.0,10.0,2.0,1140000.0,66680,903780,1355.39892
中古マンション等,不動産取引価格情報,13101,東京都,千代田区,九段北,九段下,2,35000000,１Ｋ,25,2012年,ＲＣ,住宅,,商業,80.0,500.0,2021年第4四半期,未改装,,千代田区,2021,4,2012.0,9.0,2.0,1400000.0,66680,903780,1355.39892
中古マンション等,不動産取引価格情報,13101,東京都,千代田区,九段北,九段下,6,190000000,２ＬＤＫ,80,2000年,ＳＲＣ,,住宅,１種住居,60.0,400.0,2021年第4四半期,未改装,,千代田区,2021,4,2000.0,21.0,6.0,2375000.0,66680,903780,1355.39892
中古マンション等,不動産取引価格情報,13101,東京都,千代田区,九段北,九段下,1,97000000,オープンフロア,90,1980年,ＳＲＣ,,店舗,商業,80.0,500.0,2021年第3四半期,改装済み,,千代田区,2021,3,1980.0,41.0,1.0,1077777.7777777778,66680,903780,1355.39892
中古マンション等,不動産取引価格情報,13101,東京都,千代田区,九段北,九段下,2,60000000,２ＬＤＫ,55,1980年,ＳＲＣ,住宅,住宅,商業,80.0,500.0,2021年第3四半期,改装済み,,千代田区,2021,3,1980.0,41.0,2.0,1090909.0909090908,66680,903780,1355.39892
中古マンション等,不動産取引価格情報,13101,東京都,千代田区,九段北,九段下,1,25000000,１Ｋ,20,2000年,ＳＲＣ,住宅,住宅,商業,80.0,500.0,2021年第2四半期,未改装,,千代田区,2021,2,2000.0,21.0,1.0,1250000.0,66680,903780,1355.39892
中古マンション等,不動産取引価格情報,13101,東京都,千代田区,九段北,九段下,1,23000000,１Ｋ,20,2000年,ＳＲＣ,,住宅,商業,80.0,500.0,2021年第2四半期,未改装,,千代田区,2021,2,2000.0,21.0,1.0,1150000.0,66680,903780,1355.39892
中古マンション等,不動産取引価格情報,13101,東京都,千代田区,九段北,九段下,2,22000000,１Ｒ,20,1980年,ＳＲＣ,住宅,住宅,商業,80.0,500.0,2021年第1四半期,改装済み,,千代田区,2021,1,1980.0,41.0,2.0,1100000.0,66680,903780,1355.39892
中古マンション等,不動産取引価格情報,13101,東京都,千代田区,九段南,市ケ谷,3,40000000,１Ｋ,35,1983年,ＳＲＣ,住宅,住宅,商業,80.0,700.0,2025年第4四半期,未改装,,千代田区,2025,4,1983.0,42.0,3.0,1142857.142857143,66680,903780,1355.39892
中古マンション等,不動産取引価格情報,13101,東京都,千代田区,九段南,市ケ谷,4,150000000,１ＬＤＫ,60,2008年,ＲＣ,,,商業,80.0,500.0,2025年第4四半期,,,千代田区,2025,4,2008.0,17.0,4.0,2500000.0,66680,903780,1355.39892
中古マンション等,不動産取引価格情報,13101,東京都,千代田区,九段南,市ケ谷,2,30000000,１Ｋ,30,1985年,ＳＲＣ,住宅,住宅,商業,80.0,700.0,2025年第4四半期,未改装,,千代田区,2025,4,1985.0,40.0,2.0,1000000.0,66680,903780,1355.39892
中古マンション等,不動産取引価格情報,13101,東京都,千代田区,九段南,市ケ谷,6,29000000,１Ｋ,20,2003年,ＲＣ,住宅,住宅,商業,80.0,500.0,2025年第3四半期,未改装,,千代田区,2025,3,2003.0,22.0,6.0,1450000.0,66680,903780,1355.39892
中古マンション等,不動産取引価格情報,13101,東京都,千代田区,九段南,市ケ谷,3,43000000,１Ｋ,35,1983年,ＳＲＣ,住宅,事務所,商業,80.0,700.0,2025年第1四半期,未改装,,千代田区,2025,1,1983.0,42.0,3.0,1228571.4285714286,66680,903780,1355.39892
中古マンション等,不動産取引価格情報,13101,東京都,千代田区,九段南,市ケ谷,2,340000000,３ＬＤＫ,85,2017年,ＲＣ,,住宅,商業,80.0,500.0,2024年第4四半期,未改装,,千代田区,2024,4,2017.0,7.0,2.0,4000000.0,66680,903780,1355.39892
中古マンション等,不動産取引価格情報,13101,東京都,千代田区,九段南,市ケ谷,2,96000000,１ＬＤＫ,40,2013年,ＲＣ,住宅,住宅,商業,80.0,500.0,2024年第3四半期,改装済み,,千代田区,2024,3,2013.0,11.0,2.0,2400000.0,66680,903780,1355.39892
中古マンション等,不動産取引価格情報,13101,東京都,千代田区,九段南,市ケ谷,2,32000000,１ＬＤＫ,30,1985年,ＳＲＣ,住宅,,商業,80.0,700.0,2024年第2四半期,未改装,,千代田区,2024,2,1985.0,39.0,2.0,1066666.6666666667,66680,903780,1355.39892
中古マンション等,不動産取引価格情報,13101,東京都,千代田区,九段南,市ケ谷,6,42000000,１Ｋ,35,2003年,ＲＣ,住宅,住宅,商業,80.0,500.0,2024年第2四半期,未改装,,千代田区,2024,2,2003.0,21.0,6.0,1200000.0,66680,903780,1355.39892
中古マンション等,不動産取引価格情報,13101,東京都,千代田区,九段南,市ケ谷,6,27000000,１Ｋ,20,2003年,ＲＣ,,住宅,商業,80.0,500.0,2024年第1四半期,改装済み,,千代田区,2024,1,2003.0,21.0,6.0,1350000.0,66680,903780,1355.39892
中古マンション等,不動産取引価格情報,13101,東京都,千代田区,九段南,市ケ谷,4,170000000,２ＬＤＫ,60,2008年,ＲＣ,住宅,住宅,商業,80.0,500.0,2024年第1四半期,改装済み,,千代田区,2024,1,2008.0,16.0,4.0,2833333.3333333335,66680,903780,1355.39892
中古マンション等,不動産取引価格情報,13101,東京都,千代田区,九段南,市ケ谷,5,46000000,,40,1998年,ＳＲＣ,住宅,,商業,80.0,700.0,2023年第4四半期,,,千代田区,2023,4,1998.0,25.0,5.0,1150000.0,66680,903780,1355.39892
中古マンション等,不動産取引価格情報,13101,東京都,千代田区,九段南,市ケ谷,2,39000000,１ＬＤＫ,30,1985年,ＳＲＣ,住宅,住宅,商業,80.0,700.0,2023年第4四半期,改装済み,,千代田区,2023,4,1985.0,38.0,2.0,1300000.0,66680,903780,1355.39892
中古マンション等,不動産取引価格情報,13101,東京都,千代田区,九段南,市ケ谷,4,70000000,１ＬＤＫ,60,2008年,ＲＣ,,住宅,商業,80.0,500.0,2023年第4四半期,未改装,,千代田区,2023,4,2008.0,15.0,4.0,1166666.6666666667,66680,903780,1355.39892
中古マンション等,不動産取引価格情報,13101,東京都,千代田区,九段南,市ケ谷,2,110000000,オープンフロア,70,1985年,ＳＲＣ,店舗,店舗,商業,80.0,700.0,2023年第3四半期,改装済み,,千代田区,2023,3,1985.0,38.0,2.0,1571428.5714285714,66680,903780,1355.39892
中古マンション等,不動産取引価格情報,13101,東京都,千代田区,九段南,市ケ谷,2,26000000,１Ｋ,30,1985年,ＳＲＣ,住宅,事務所,商業,80.0,700.0,2023年第2四半期,未改装,,千代田区,2023,2,1985.0,38.0,2.0,866666.6666666666,66680,903780,1355.39892
中古マンション等,不動産取引価格情報,13101,東京都,千代田区,九段南,市ケ谷,2,35000000,２Ｋ,35,1985年,ＳＲＣ,,住宅,商業,80.0,700.0,2023年第1四半期,未改装,,千代田区,2023,1,1985.0,38.0,2.0,1000000.0,66680,903780,1355.39892
中古マンション等,不動産取引価格情報,13101,東京都,千代田区,九段南,市ケ谷,2,43000000,２ＤＫ,35,1985年,ＳＲＣ,住宅,事務所,商業,80.0,700.0,2023年第1四半期,改装済み,,千代田区,2023,1,1985.0,38.0,2.0,1228571.4285714286,66680,903780,1355.39892
中古マンション等,不動産取引価格情報,13101,東京都,千代田区,九段南,市ケ谷,2,17000000,１Ｋ,15,1985年,ＳＲＣ,住宅,住宅,商業,80.0,700.0,2022年第4四半期,未改装,,千代田区,2022,4,1985.0,37.0,2.0,1133333.3333333333,66680,903780,1355.39892
中古マンション等,不動産取引価格情報,13101,東京都,千代田区,九段南,市ケ谷,3,67000000,３ＬＤＫ,75,1983年,ＳＲＣ,住宅,住宅,商業,80.0,700.0,2022年第4四半期,未改装,,千代田区,2022,4,1983.0,39.0,3.0,893333.3333333334,66680,903780,1355.39892
中古マンション等,不動産取引価格情報,13101,東京都,千代田区,九段南,市ケ谷,7,25000000,１Ｋ,20,2003年,ＳＲＣ,,住宅,商業,80.0,700.0,2021年第3四半期,未改装,,千代田区,2021,3,2003.0,18.0,7.0,1250000.0,66680,903780,1355.39892
中古マンション等,不動産取引価格情報,13101,東京都,千代田区,九段南,市ケ谷,2,100000000,２ＬＤＫ,55,2013年,ＲＣ,住宅,住宅,商業,80.0,500.0,2021年第3四半期,改装済み,,千代田区,2021,3,2013.0,8.0,2.0,1818181.8181818181,66680,903780,1355.39892
中古マンション等,不動産取引価格情報,13101,東京都,千代田区,九段南,市ケ谷,2,20000000,１Ｋ,20,1985年,ＳＲＣ,住宅,住宅,商業,80.0,700.0,2021年第2四半期,未改装,,千代田区,2021,2,1985.0,36.0,2.0,1000000.0,66680,903780,1355.39892
中古マンション等,不動産取引価格情報,13101,東京都,千代田区,九段南,九段下,9,110000000,１ＬＤＫ,50,2000年,ＳＲＣ,住宅,住宅,商業,80.0,500.0,2025年第4四半期,未改装,,千代田区,2025,4,2000.0,25.0,9.0,2200000.0,66680,903780,1355.39892
中古マンション等,不動産取引価格情報,13101,東京都,千代田区,九段南,九段下,8,250000000,２ＬＤＫ,80,2009年,ＳＲＣ,住宅,住宅,商業,,,2025年第4四半期,改装済み,,千代田区,2025,4,2009.0,16.0,8.0,3125000.0,66680,903780,1355.39892
中古マンション等,不動産取引価格情報,13101,東京都,千代田区,九段南,九段下,8,120000000,１ＬＤＫ,60,2000年,ＳＲＣ,住宅,住宅,商業,80.0,500.0,2025年第1四半期,未改装,,千代田区,2025,1,2000.0,25.0,8.0,2000000.0,66680,903780,1355.39892
中古マンション等,不動産取引価格情報,13101,東京都,千代田区,九段南,九段下,9,50000000,１Ｋ,30,2000年,ＳＲＣ,住宅,住宅,商業,80.0,500.0,2024年第3四半期,未改装,,千代田区,2024,3,2000.0,24.0,9.0,1666666.6666666667,66680,903780,1355.39892
中古マンション等,不動産取引価格情報,13101,東京都,千代田区,九段南,九段下,8,86000000,２ＬＤＫ,60,2000年,ＳＲＣ,住宅,住宅,商業,80.0,500.0,2024年第1四半期,未改装,,千代田区,2024,1,2000.0,24.0,8.0,1433333.3333333333,66680,903780,1355.39892
中古マンション等,不動産取引価格情報,13101,東京都,千代田区,九段南,九段下,7,28000000,１Ｋ,20,2003年,ＳＲＣ,,住宅,商業,80.0,700.0,2023年第1四半期,未改装,,千代田区,2023,1,2003.0,20.0,7.0,1400000.0,66680,903780,1355.39892
中古マンション等,不動産取引価格情報,13101,東京都,千代田区,九段南,九段下,8,67000000,１ＬＤＫ,40,2000年,ＳＲＣ,住宅,住宅,商業,80.0,500.0,2022年第4四半期,改装済み,,千代田区,2022,4,2000.0,22.0,8.0,1675000.0,66680,903780,1355.39892
中古マンション等,不動産取引価格情報,13101,東京都,千代田区,九段南,九段下,7,500000000,２ＬＤＫ,150,2004年,ＲＣ,,住宅,１種住居,60.0,400.0,2022年第2四半期,改装済み,,千代田区,2022,2,2004.0,18.0,7.0,3333333.3333333335,66680,903780,1355.39892
中古マンション等,不動産取引価格情報,13101,東京都,千代田区,九段南,半蔵門,8,820000000,,145,2004年,ＲＣ,住宅,,１種住居,60.0,400.0,2023年第1四半期,,,千代田区,2023,1,2004.0,19.0,8.0,5655172.413793104,66680,903780,1355.39892
中古マンション等,不動産取引価格情報,13101,東京都,千代田区,麹町,麹町,3,87000000,１ＤＫ,30,2023年,ＲＣ,,住宅,商業,80.0,500.0,2025年第3四半期,未改装,,千代田区,2025,3,2023.0,2.0,3.0,2900000.0,66680,903780,1355.39892
中古マンション等,不動産取引価格情報,13101,東京都,千代田区,麹町,麹町,3,170000000,１ＬＤＫ,50,2023年,ＲＣ,住宅,住宅,商業,80.0,500.0,2025年第2四半期,未改装,,千代田区,2025,2,2023.0,2.0,3.0,3400000.0,66680,903780,1355.39892
中古マンション等,不動産取引価格情報,13101,東京都,千代田区,麹町,麹町,3,310000000,３ＬＤＫ,75,2023年,ＲＣ,住宅,住宅,商業,80.0,500.0,2025年第1四半期,改装済み,,千代田区,2025,1,2023.0,2.0,3.0,4133333.3333333335,66680,903780,1355.39892
中古マンション等,不動産取引価格情報,13101,東京都,千代田区,麹町,麹町,3,81000000,１ＤＫ,30,2023年,ＲＣ,住宅,その他,商業,80.0,500.0,2024年第4四半期,未改装,,千代田区,2024,4,2023.0,1.0,3.0,2700000.0,66680,903780,1355.39892
中古マンション等,不動産取引価格情報,13101,東京都,千代田区,麹町,麹町,2,370000000,,120,2011年,ＲＣ,住宅,,商業,80.0,800.0,2024年第2四半期,,,千代田区,2024,2,2011.0,13.0,2.0,3083333.3333333335,66680,903780,1355.39892
中古マンション等,不動産取引価格情報,13101,東京都,千代田区,麹町,麹町,5,36000000,１Ｋ,25,2012年,ＲＣ,住宅,住宅,２種住居,60.0,400.0,2024年第1四半期,未改装,,千代田区,2024,1,2012.0,12.0,5.0,1440000.0,66680,903780,1355.39892
中古マンション等,不動産取引価格情報,13101,東京都,千代田区,麹町,麹町,2,32000000,１ＤＫ,20,2002年,ＲＣ,住宅,,商業,80.0,700.0,2023年第4四半期,,,千代田区,2023,4,2002.0,21.0,2.0,1600000.0,66680,903780,1355.39892
中古マンション等,不動産取引価格情報,13101,東京都,千代田区,麹町,麹町,5,28000000,１Ｋ,25,2012年,ＲＣ,住宅,住宅,２種住居,60.0,400.0,2023年第4四半期,未改装,,千代田区,2023,4,2012.0,11.0,5.0,1120000.0,66680,903780,1355.39892
中古マンション等,不動産取引価格情報,13101,東京都,千代田区,麹町,麹町,3,39000000,１Ｋ,30,2002年,ＲＣ,住宅,住宅,商業,80.0,700.0,2023年第3四半期,改装済み,,千代田区,2023,3,2002.0,21.0,3.0,1300000.0,66680,903780,1355.39892
中古マンション等,不動産取引価格情報,13101,東京都,千代田区,麹町,麹町,2,100000000,２ＬＤＫ,55,2022年,ＲＣ,住宅,住宅,２種住居,60.0,400.0,2023年第2四半期,未改装,,千代田区,2023,2,2022.0,1.0,2.0,1818181.8181818181,66680,903780,1355.39892
中古マンション等,不動産取引価格情報,13101,東京都,千代田区,麹町,麹町,2,76000000,１ＬＤＫ,40,2022年,ＲＣ,住宅,住宅,２種住居,60.0,400.0,2023年第2四半期,未改装,,千代田区,2023,2,2022.0,1.0,2.0,1900000.0,66680,903780,1355.39892
中古マンション等,不動産取引価格情報,13101,東京都,千代田区,麹町,麹町,0,130000000,,50,2019年,ＲＣ,住宅,住宅,商業,80.0,800.0,2023年第1四半期,,,千代田区,2023,1,2019.0,4.0,0.0,2600000.0,66680,903780,1355.39892
中古マンション等,不動産取引価格情報,13101,東京都,千代田区,麹町,麹町,2,37000000,１Ｋ,30,2002年,ＲＣ,,,商業,80.0,700.0,2022年第4四半期,未改装,,千代田区,2022,4,2002.0,20.0,2.0,1233333.3333333333,66680,903780,1355.39892
中古マンション等,不動産取引価格情報,13101,東京都,千代田区,麹町,麹町,1,350000000,２ＬＤＫ,130,2011年,ＲＣ,,住宅,商業,80.0,800.0,2022年第4四半期,未改装,,千代田区,2022,4,2011.0,11.0,1.0,2692307.6923076925,66680,903780,1355.39892
中古マンション等,不動産取引価格情報,13101,東京都,千代田区,麹町,麹町,1,110000000,オープンフロア,45,2011年,ＲＣ,事務所,事務所,商業,80.0,800.0,2022年第1四半期,未改装,,千代田区,2022,1,2011.0,11.0,1.0,2444444.4444444445,66680,903780,1355.39892
中古マンション等,不動産取引価格情報,13101,東京都,千代田区,麹町,麹町,1,320000000,３ＬＤＫ,130,2011年,ＲＣ,住宅,住宅,商業,80.0,800.0,2022年第1四半期,未改装,,千代田区,2022,1,2011.0,11.0,1.0,2461538.4615384615,66680,903780,1355.39892
中古マンション等,不動産取引価格情報,13101,東京都,千代田区,麹町,麹町,3,34000000,１Ｋ,30,2002年,ＲＣ,,その他,商業,80.0,700.0,2021年第4四半期,未改装,,千代田区,2021,4,2002.0,19.0,3.0,1133333.3333333333,66680,903780,1355.39892
中古マンション等,不動産取引価格情報,13101,東京都,千代田区,麹町,麹町,3,31000000,１Ｋ,20,2002年,ＲＣ,住宅,その他,商業,80.0,700.0,2021年第1四半期,未改装,,千代田区,2021,1,2002.0,19.0,3.0,1550000.0,66680,903780,1355.39892
中古マンション等,不動産取引価格情報,13101,東京都,千代田区,麹町,半蔵門,2,73000000,１ＬＤＫ,40,2003年,ＲＣ,住宅,住宅,商業,80.0,400.0,2025年第2四半期,改装済み,,千代田区,2025,2,2003.0,22.0,2.0,1825000.0,66680,903780,1355.39892
中古マンション等,不動産取引価格情報,13101,東京都,千代田区,麹町,半蔵門,0,90000000,６ＬＤＫ,130,1982年,ＳＲＣ,,住宅,商業,80.0,700.0,2024年第4四半期,未改装,,千代田区,2024,4,1982.0,42.0,0.0,692307.6923076923,66680,903780,1355.39892
中古マンション等,不動産取引価格情報,13101,東京都,千代田区,麹町,半蔵門,2,18000000,１Ｋ,15,1982年,ＳＲＣ,住宅,住宅,商業,80.0,700.0,2024年第2四半期,未改装,,千代田区,2024,2,1982.0,42.0,2.0,1200000.0,66680,903780,1355.39892
中古マンション等,不動産取引価格情報,13101,東京都,千代田区,麹町,半蔵門,0,75000000,２ＬＤＫ,55,1982年,ＳＲＣ,住宅,住宅,商業,80.0,700.0,2024年第2四半期,改装済み,,千代田区,2024,2,1982.0,42.0,0.0,1363636.3636363635,66680,903780,1355.39892
中古マンション等,不動産取引価格情報,13101,東京都,千代田区,麹町,半蔵門,0,90000000,３ＬＤＫ,70,1982年,ＳＲＣ,,住宅,商業,80.0,700.0,2024年第1四半期,未改装,,千代田区,2024,1,1982.0,42.0,0.0,1285714.2857142857,66680,903780,1355.39892
中古マンション等,不動産取引価格情報,13101,東京都,千代田区,麹町,半蔵門,0,140000000,３ＬＤＫ,80,1991年,ＳＲＣ,事務所,事務所,商業,80.0,600.0,2024年第1四半期,未改装,,千代田区,2024,1,1991.0,33.0,0.0,1750000.0,66680,903780,1355.39892
中古マンション等,不動産取引価格情報,13101,東京都,千代田区,麹町,半蔵門,2,70000000,２ＬＤＫ,70,1982年,ＳＲＣ,住宅,住宅,商業,80.0,700.0,2023年第4四半期,未改装,,千代田区,2023,4,1982.0,41.0,2.0,1000000.0,66680,903780,1355.39892
中古マンション等,不動産取引価格情報,13101,東京都,千代田区,麹町,半蔵門,0,55000000,１ＬＤＫ,45,1981年,ＳＲＣ,,住宅,商業,80.0,600.0,2023年第3四半期,未改装,,千代田区,2023,3,1981.0,42.0,0.0,1222222.2222222222,66680,903780,1355.39892
中古マンション等,不動産取引価格情報,13101,東京都,千代田区,麹町,半蔵門,2,44000000,１ＤＫ,30,2003年,ＲＣ,,住宅,商業,80.0,400.0,2023年第1四半期,未改装,,千代田区,2023,1,2003.0,20.0,2.0,1466666.6666666667,66680,903780,1355.39892
中古マンション等,不動産取引価格情報,13101,東京都,千代田区,麹町,半蔵門,2,32000000,,20,2004年,ＳＲＣ,,住宅,商業,80.0,500.0,2022年第3四半期,未改装,,千代田区,2022,3,2004.0,18.0,2.0,1600000.0,66680,903780,1355.39892
中古マンション等,不動産取引価格情報,13101,東京都,千代田区,麹町,半蔵門,2,10000000,１Ｋ,20,1982年,ＳＲＣ,住宅,その他,商業,80.0,700.0,2021年第3四半期,,,千代田区,2021,3,1982.0,39.0,2.0,500000.0,66680,903780,1355.39892
中古マンション等,不動産取引価格情報,13101,東京都,千代田区,麹町,四ツ谷,2,110000000,１ＬＤＫ,50,2017年,ＲＣ,住宅,住宅,商業,80.0,800.0,2024年第3四半期,未改装,,千代田区,2024,3,2017.0,7.0,2.0,2200000.0,66680,903780,1355.39892
中古マンション等,不動産取引価格情報,13101,東京都,千代田区,麹町,四ツ谷,2,89000000,１ＬＤＫ,40,2019年,ＲＣ,住宅,住宅,商業,80.0,800.0,2024年第2四半期,未改装,,千代田区,2024,2,2019.0,5.0,2.0,2225000.0,66680,903780,1355.39892
中古マンション等,不動産取引価格情報,13101,東京都,千代田区,麹町,四ツ谷,5,37000000,１Ｋ,20,2014年,ＲＣ,,住宅,２種住居,60.0,400.0,2023年第4四半期,未改装,,千代田区,2023,4,2014.0,9.0,5.0,1850000.0,66680,903780,1355.39892
中古マンション等,不動産取引価格情報,13101,東京都,千代田区,麹町,四ツ谷,5,33000000,１Ｋ,20,2014年,ＲＣ,,住宅,２種住居,60.0,400.0,2022年第2四半期,未改装,,千代田区,2022,2,2014.0,8.0,5.0,1650000.0,66680,903780,1355.39892
中古マンション等,不動産取引価格情報,13101,東京都,千代田区,五番町,市ケ谷,3,160000000,３ＬＤＫ,75,1971年,ＳＲＣ,住宅,住宅,１種住居,60.0,400.0,2025年第4四半期,改装済み,,千代田区,2025,4,1971.0,54.0,3.0,2133333.3333333335,66680,903780,1355.39892
中古マンション等,不動産取引価格情報,13101,東京都,千代田区,五番町,市ケ谷,1,120000000,２ＬＤＫ,85,1979年,ＳＲＣ,住宅,住宅,商業,80.0,600.0,2024年第4四半期,未改装,,千代田区,2024,4,1979.0,45.0,1.0,1411764.705882353,66680,903780,1355.39892
中古マンション等,不動産取引価格情報,13101,東京都,千代田区,五番町,市ケ谷,3,38000000,１Ｋ,25,2000年,ＲＣ,住宅,住宅,１種住居,60.0,400.0,2024年第3四半期,未改装,,千代田区,2024,3,2000.0,24.0,3.0,1520000.0,66680,903780,1355.39892
中古マンション等,不動産取引価格情報,13101,東京都,千代田区,五番町,市ケ谷,3,66000000,３Ｋ,75,1971年,ＳＲＣ,住宅,事務所,１種住居,60.0,400.0,2024年第2四半期,未改装,,千代田区,2024,2,1971.0,53.0,3.0,880000.0,66680,903780,1355.39892
中古マンション等,不動産取引価格情報,13101,東京都,千代田区,五番町,市ケ谷,3,34000000,,25,2000年,ＲＣ,,住宅,１種住居,60.0,400.0,2024年第2四半期,未改装,,千代田区,2024,2,2000.0,24.0,3.0,1360000.0,66680,903780,1355.39892
中古マンション等,不動産取引価格情報,13101,東京都,千代田区,五番町,市ケ谷,3,100000000,２ＬＤＫ,50,1971年,ＳＲＣ,,住宅,１種住居,60.0,400.0,2023年第3四半期,改装済み,,千代田区,2023,3,1971.0,52.0,3.0,2000000.0,66680,903780,1355.39892
中古マンション等,不動産取引価格情報,13101,東京都,千代田区,五番町,市ケ谷,3,170000000,３ＬＤＫ,90,1971年,ＳＲＣ,,住宅,１種住居,60.0,400.0,2023年第3四半期,改装済み,,千代田区,2023,3,1971.0,52.0,3.0,1888888.888888889,66680,903780,1355.39892
中古マンション等,不動産取引価格情報,13101,東京都,千代田区,五番町,市ケ谷,3,180000000,３ＬＤＫ,95,2003年,ＳＲＣ,住宅,住宅,１種住居,60.0,400.0,2022年第4四半期,未改装,,千代田区,2022,4,2003.0,19.0,3.0,1894736.8421052631,66680,903780,1355.39892
中古マンション等,不動産取引価格情報,13101,東京都,千代田区,五番町,市ケ谷,4,60000000,２ＬＤＫ,50,1982年,ＳＲＣ,住宅,住宅,商業,80.0,500.0,2022年第3四半期,未改装,,千代田区,2022,3,1982.0,40.0,4.0,1200000.0,66680,903780,1355.39892
中古マンション等,不動産取引価格情報,13101,東京都,千代田区,五番町,市ケ谷,4,77000000,１ＬＤＫ,45,2014年,ＲＣ,住宅,住宅,２種住居,60.0,400.0,2022年第2四半期,未改装,,千代田区,2022,2,2014.0,8.0,4.0,1711111.111111111,66680,903780,1355.39892
中古マンション等,不動産取引価格情報,13101,東京都,千代田区,五番町,市ケ谷,3,160000000,３ＬＤＫ,90,1971年,ＳＲＣ,住宅,住宅,１種住居,60.0,400.0,2022年第1四半期,改装済み,,千代田区,2022,1,1971.0,51.0,3.0,1777777.7777777778,66680,903780,1355.39892
中古マンション等,不動産取引価格情報,13101,東京都,千代田区,五番町,市ケ谷,3,33000000,１Ｋ,25,2000年,ＲＣ,住宅,住宅,１種住居,60.0,400.0,2021年第4四半期,未改装,,千代田区,2021,4,2000.0,21.0,3.0,1320000.0,66680,903780,1355.39892
中古マンション等,不動産取引価格情報,13101,東京都,千代田区,五番町,市ケ谷,4,27000000,１ＤＫ,35,1982年,ＳＲＣ,住宅,その他,商業,80.0,500.0,2021年第4四半期,未改装,,千代田区,2021,4,1982.0,39.0,4.0,771428.5714285715,66680,903780,1355.39892
中古マンション等,不動産取引価格情報,13101,東京都,千代田区,五番町,市ケ谷,3,190000000,２ＬＤＫ,90,2003年,ＳＲＣ,住宅,住宅,１種住居,60.0,400.0,2021年第4四半期,改装済み,,千代田区,2021,4,2003.0,18.0,3.0,2111111.111111111,66680,903780,1355.39892
中古マンション等,不動産取引価格情報,13101,東京都,千代田区,五番町,市ケ谷,4,44000000,１ＬＤＫ,45,1982年,ＳＲＣ,,その他,商業,80.0,500.0,2021年第4四半期,未改装,,千代田区,2021,4,1982.0,39.0,4.0,977777.7777777778,66680,903780,1355.39892
中古マンション等,不動産取引価格情報,13101,東京都,千代田区,五番町,市ケ谷,3,49000000,１ＬＤＫ,50,1982年,ＳＲＣ,,その他,商業,80.0,500.0,2021年第4四半期,未改装,,千代田区,2021,4,1982.0,39.0,3.0,980000.0,66680,903780,1355.39892
中古マンション等,不動産取引価格情報,13101,東京都,千代田区,五番町,市ケ谷,1,45000000,２ＬＤＫ,65,1979年,ＳＲＣ,住宅,住宅,商業,80.0,600.0,2021年第2四半期,未改装,,千代田区,2021,2,1979.0,42.0,1.0,692307.6923076923,66680,903780,1355.39892
中古マンション等,不動産取引価格情報,13101,東京都,千代田区,五番町,市ケ谷,4,30000000,１Ｋ,30,1982年,ＳＲＣ,事務所,住宅,商業,80.0,500.0,2021年第1四半期,未改装,,千代田区,2021,1,1982.0,39.0,4.0,1000000.0,66680,903780,1355.39892
中古マンション等,不動産取引価格情報,13101,東京都,千代田区,三番町,市ケ谷,3,90000000,１ＬＤＫ,50,1985年,ＲＣ,住宅,住宅,商業,80.0,500.0,2025年第2四半期,未改装,,千代田区,2025,2,1985.0,40.0,3.0,1800000.0,66680,903780,1355.39892
中古マンション等,不動産取引価格情報,13101,東京都,千代田区,三番町,市ケ谷,5,120000000,２ＬＤＫ,80,1969年,ＳＲＣ,住宅,住宅,１種住居,60.0,400.0,2025年第1四半期,改装済み,,千代田区,2025,1,1969.0,56.0,5.0,1500000.0,66680,903780,1355.39892
中古マンション等,不動産取引価格情報,13101,東京都,千代田区,三番町,市ケ谷,7,460000000,,110,2024年,ＲＣ,住宅,その他,２種住居,80.0,500.0,2024年第4四半期,,,千代田区,2024,4,2024.0,0.0,7.0,4181818.1818181816,66680,903780,1355.39892
中古マンション等,不動産取引価格情報,13101,東京都,千代田区,三番町,市ケ谷,4,220000000,２ＬＤＫ,70,2017年,ＲＣ,,住宅,商業,80.0,500.0,2024年第2四半期,未改装,,千代田区,2024,2,2017.0,7.0,4.0,3142857.1428571427,66680,903780,1355.39892
中古マンション等,不動産取引価格情報,13101,東京都,千代田区,三番町,市ケ谷,6,32000000,１Ｋ,25,1970年,ＳＲＣ,住宅,住宅,１種住居,60.0,400.0,2024年第2四半期,改装済み,,千代田区,2024,2,1970.0,54.0,6.0,1280000.0,66680,903780,1355.39892
中古マンション等,不動産取引価格情報,13101,東京都,千代田区,三番町,市ケ谷,4,25000000,１ＤＫ,20,2003年,ＳＲＣ,,住宅,商業,80.0,500.0,2024年第1四半期,未改装,,千代田区,2024,1,2003.0,21.0,4.0,1250000.0,66680,903780,1355.39892
中古マンション等,不動産取引価格情報,13101,東京都,千代田区,三番町,市ケ谷,6,37000000,１Ｋ,35,1970年,ＳＲＣ,,住宅,１種住居,60.0,400.0,2024年第1四半期,改装済み,,千代田区,2024,1,1970.0,54.0,6.0,1057142.857142857,66680,903780,1355.39892
中古マンション等,不動産取引価格情報,13101,東京都,千代田区,三番町,市ケ谷,4,270000000,２ＤＫ,80,2017年,ＲＣ,,住宅,商業,80.0,500.0,2024年第1四半期,改装済み,,千代田区,2024,1,2017.0,7.0,4.0,3375000.0,66680,903780,1355.39892
中古マンション等,不動産取引価格情報,13101,東京都,千代田区,三番町,市ケ谷,3,31000000,１Ｋ,25,1985年,ＲＣ,住宅,事務所,商業,80.0,500.0,2023年第3四半期,改装済み,,千代田区,2023,3,1985.0,38.0,3.0,1240000.0,66680,903780,1355.39892
中古マンション等,不動産取引価格情報,13101,東京都,千代田区,三番町,市ケ谷,5,110000000,３ＬＤＫ,80,1969年,ＳＲＣ,,住宅,１種住居,60.0,400.0,2023年第2四半期,改装済み,,千代田区,2023,2,1969.0,54.0,5.0,1375000.0,66680,903780,1355.39892
中古マンション等,不動産取引価格情報,13101,東京都,千代田区,三番町,市ケ谷,6,24000000,,35,1970年,ＳＲＣ,住宅,住宅,１種住居,60.0,400.0,2022年第4四半期,未改装,,千代田区,2022,4,1970.0,52.0,6.0,685714.2857142857,66680,903780,1355.39892
中古マンション等,不動産取引価格情報,13101,東京都,千代田区,三番町,市ケ谷,5,59000000,２ＬＤＫ,55,1969年,ＳＲＣ,住宅,住宅,１種住居,60.0,400.0,2022年第4四半期,未改装,,千代田区,2022,4,1969.0,53.0,5.0,1072727.2727272727,66680,903780,1355.39892
中古マンション等,不動産取引価格情報,13101,東京都,千代田区,三番町,市ケ谷,5,57000000,１ＬＤＫ,45,1969年,ＳＲＣ,住宅,住宅,１種住居,60.0,400.0,2022年第4四半期,改装済み,,千代田区,2022,4,1969.0,53.0,5.0,1266666.6666666667,66680,903780,1355.39892
中古マンション等,不動産取引価格情報,13101,東京都,千代田区,三番町,市ケ谷,4,74000000,２ＬＤＫ,60,1969年,ＳＲＣ,,住宅,１種住居,60.0,400.0,2022年第4四半期,改装済み,,千代田区,2022,4,1969.0,53.0,4.0,1233333.3333333333,66680,903780,1355.39892
中古マンション等,不動産取引価格情報,13101,東京都,千代田区,三番町,市ケ谷,3,41000000,１ＤＫ,40,1985年,ＲＣ,住宅,事務所,商業,80.0,500.0,2022年第3四半期,未改装,,千代田区,2022,3,1985.0,37.0,3.0,1025000.0,66680,903780,1355.39892
中古マンション等,不動産取引価格情報,13101,東京都,千代田区,三番町,市ケ谷,3,77000000,２ＬＤＫ,55,,ＲＣ,,住宅,商業,80.0,500.0,2022年第3四半期,未改装,,千代田区,2022,3,,,3.0,1400000.0,66680,903780,1355.39892
中古マンション等,不動産取引価格情報,13101,東京都,千代田区,三番町,市ケ谷,6,44000000,１ＬＤＫ,45,1970年,ＳＲＣ,住宅,住宅,１種住居,60.0,400.0,2022年第1四半期,改装済み,,千代田区,2022,1,1970.0,52.0,6.0,977777.7777777778,66680,903780,1355.39892
中古マンション等,不動産取引価格情報,13101,東京都,千代田区,三番町,市ケ谷,6,22000000,１Ｒ,30,1970年,ＳＲＣ,住宅,その他,１種住居,60.0,400.0,2021年第4四半期,未改装,,千代田区,2021,4,1970.0,51.0,6.0,733333.3333333334,66680,903780,1355.39892
中古マンション等,不動産取引価格情報,13101,東京都,千代田区,三番町,市ケ谷,3,26000000,１Ｋ,25,1985年,ＲＣ,住宅,住宅,商業,80.0,500.0,2021年第3四半期,未改装,,千代田区,2021,3,1985.0,36.0,3.0,1040000.0,66680,903780,1355.39892
中古マンション等,不動産取引価格情報,13101,東京都,千代田区,三番町,市ケ谷,6,29000000,１ＤＫ,40,1970年,ＳＲＣ,住宅,住宅,１種住居,60.0,400.0,2021年第1四半期,未改装,,千代田区,2021,1,1970.0,51.0,6.0,725000.0,66680,903780,1355.39892
中古マンション等,不動産取引価格情報,13101,東京都,千代田区,三番町,半蔵門,6,57000000,１ＬＤＫ,35,1977年,ＳＲＣ,住宅,住宅,１種住居,60.0,400.0,2025年第4四半期,改装済み,,千代田区,2025,4,1977.0,48.0,6.0,1628571.4285714286,66680,903780,1355.39892
中古マンション等,不動産取引価格情報,13101,東京都,千代田区,三番町,半蔵門,3,220000000,２ＬＤＫ,60,2008年,ＲＣ,住宅,住宅,２種住居,80.0,500.0,2025年第4四半期,未改装,,千代田区,2025,4,2008.0,17.0,3.0,3666666.6666666665,66680,903780,1355.39892
中古マンション等,不動産取引価格情報,13101,東京都,千代田区,三番町,半蔵門,7,46000000,１ＤＫ,35,1970年,ＳＲＣ,事務所,事務所,１種住居,60.0,400.0,2025年第4四半期,未改装,,千代田区,2025,4,1970.0,55.0,7.0,1314285.7142857143,66680,903780,1355.39892
中古マンション等,不動産取引価格情報,13101,東京都,千代田区,三番町,半蔵門,5,320000000,２ＬＤＫ,85,2003年,ＲＣ,住宅,住宅,１種住居,60.0,400.0,2025年第3四半期,改装済み,,千代田区,2025,3,2003.0,22.0,5.0,3764705.882352941,66680,903780,1355.39892
中古マンション等,不動産取引価格情報,13101,東京都,千代田区,三番町,半蔵門,6,33000000,１Ｋ,20,2002年,ＲＣ,住宅,,１種住居,60.0,400.0,2025年第3四半期,未改装,,千代田区,2025,3,2002.0,23.0,6.0,1650000.0,66680,903780,1355.39892
中古マンション等,不動産取引価格情報,13101,東京都,千代田区,三番町,半蔵門,3,290000000,,85,2003年,ＲＣ,住宅,,２種住居,80.0,500.0,2025年第2四半期,,,千代田区,2025,2,2003.0,22.0,3.0,3411764.705882353,66680,903780,1355.39892
中古マンション等,不動産取引価格情報,13101,東京都,千代田区,三番町,半蔵門,7,280000000,,80,2018年,ＲＣ,住宅,住宅,２種住居,80.0,500.0,2025年第2四半期,,,千代田区,2025,2,2018.0,7.0,7.0,3500000.0,66680,903780,1355.39892
中古マンション等,不動産取引価格情報,13101,東京都,千代田区,三番町,半蔵門,6,800000000,１ＬＤＫ,70,2015年,ＲＣ,住宅,その他,２種住居,60.0,400.0,2025年第1四半期,未改装,,千代田区,2025,1,2015.0,10.0,6.0,11428571.42857143,66680,903780,1355.39892
中古マンション等,不動産取引価格情報,13101,東京都,千代田区,三番町,半蔵門,3,260000000,２ＬＤＫ,85,2003年,ＲＣ,住宅,住宅,２種住居,80.0,500.0,2025年第1四半期,未改装,,千代田区,2025,1,2003.0,22.0,3.0,3058823.529411765,66680,903780,1355.39892
中古マンション等,不動産取引価格情報,13101,東京都,千代田区,三番町,半蔵門,5,220000000,２ＬＤＫ,85,2003年,ＲＣ,,住宅,１種住居,60.0,400.0,2024年第3四半期,,,千代田区,2024,3,2003.0,21.0,5.0,2588235.294117647,66680,903780,1355.39892
中古マンション等,不動産取引価格情報,13101,東京都,千代田区,三番町,半蔵門,5,20000000,１Ｋ,15,1986年,ＲＣ,,住宅,２種住居,80.0,500.0,2024年第1四半期,未改装,,千代田区,2024,1,1986.0,38.0,5.0,1333333.3333333333,66680,903780,1355.39892
中古マンション等,不動産取引価格情報,13101,東京都,千代田区,三番町,半蔵門,3,320000000,２ＬＤＫ,125,2008年,ＲＣ,住宅,住宅,２種住居,80.0,500.0,2024年第1四半期,未改装,,千代田区,2024,1,2008.0,16.0,3.0,2560000.0,66680,903780,1355.39892
中古マンション等,不動産取引価格情報,13101,東京都,千代田区,三番町,半蔵門,4,300000000,３ＬＤＫ,85,2014年,ＲＣ,,住宅,２種住居,60.0,400.0,2023年第3四半期,,,千代田区,2023,3,2014.0,9.0,4.0,3529411.7647058824,66680,903780,1355.39892
中古マンション等,不動産取引価格情報,13101,東京都,千代田区,三番町,半蔵門,3,480000000,,320,2003年,ＲＣ,住宅,住宅,２種住居,80.0,500.0,2023年第3四半期,,,千代田区,2023,3,2003.0,20.0,3.0,1500000.0,66680,903780,1355.39892
中古マンション等,不動産取引価格情報,13101,東京都,千代田区,三番町,半蔵門,4,200000000,３ＬＤＫ,95,1971年,ＳＲＣ,住宅,住宅,２種住居,80.0,500.0,2023年第3四半期,改装済み,,千代田区,2023,3,1971.0,52.0,4.0,2105263.1578947366,66680,903780,1355.39892
中古マンション等,不動産取引価格情報,13101,東京都,千代田区,三番町,半蔵門,5,330000000,３ＬＤＫ,125,2003年,ＲＣ,,住宅,１種住居,60.0,400.0,2023年第2四半期,未改装,,千代田区,2023,2,2003.0,20.0,5.0,2640000.0,66680,903780,1355.39892
中古マンション等,不動産取引価格情報,13101,東京都,千代田区,三番町,半蔵門,4,15000000,１Ｋ,20,1986年,ＲＣ,住宅,住宅,２種住居,80.0,500.0,2022年第4四半期,未改装,,千代田区,2022,4,1986.0,36.0,4.0,750000.0,66680,903780,1355.39892
中古マンション等,不動産取引価格情報,13101,東京都,千代田区,三番町,半蔵門,4,180000000,２ＬＤＫ,100,2005年,ＲＣ,,住宅,１種住居,60.0,400.0,2022年第4四半期,,,千代田区,2022,4,2005.0,17.0,4.0,1800000.0,66680,903780,1355.39892
中古マンション等,不動産取引価格情報,13101,東京都,千代田区,三番町,半蔵門,4,160000000,２ＬＤＫ,55,2014年,ＲＣ,住宅,住宅,２種住居,60.0,400.0,2022年第4四半期,改装済み,,千代田区,2022,4,2014.0,8.0,4.0,2909090.909090909,66680,903780,1355.39892
中古マンション等,不動産取引価格情報,13101,東京都,千代田区,三番町,半蔵門,6,23000000,１Ｋ,20,1977年,ＲＣ,,住宅,１種住居,60.0,400.0,2022年第3四半期,改装済み,,千代田区,2022,3,1977.0,45.0,6.0,1150000.0,66680,903780,1355.39892
中古マンション等,不動産取引価格情報,13101,東京都,千代田区,三番町,半蔵門,4,20000000,１Ｋ,20,1986年,ＲＣ,,住宅,２種住居,80.0,500.0,2022年第2四半期,改装済み,,千代田区,2022,2,1986.0,36.0,4.0,1000000.0,66680,903780,1355.39892
中古マンション等,不動産取引価格情報,13101,東京都,千代田区,三番町,半蔵門,4,200000000,１ＬＤＫ,70,2005年,ＲＣ,住宅,住宅,１種住居,60.0,400.0,2022年第2四半期,改装済み,,千代田区,2022,2,2005.0,17.0,4.0,2857142.8571428573,66680,903780,1355.39892
中古マンション等,不動産取引価格情報,13101,東京都,千代田区,三番町,半蔵門,6,27000000,１Ｋ,20,2002年,ＲＣ,住宅,住宅,１種住居,60.0,400.0,2022年第2四半期,改装済み,,千代田区,2022,2,2002.0,20.0,6.0,1350000.0,66680,903780,1355.39892
中古マンション等,不動産取引価格情報,13101,東京都,千代田区,三番町,半蔵門,6,18000000,１Ｒ,20,1977年,ＲＣ,住宅,住宅,１種住居,60.0,400.0,2022年第1四半期,未改装,,千代田区,2022,1,1977.0,45.0,6.0,900000.0,66680,903780,1355.39892
中古マンション等,不動産取引価格情報,13101,東京都,千代田区,三番町,半蔵門,6,170000000,３ＬＤＫ,90,2001年,ＳＲＣ,住宅,住宅,２種住居,60.0,400.0,2022年第1四半期,改装済み,,千代田区,2022,1,2001.0,21.0,6.0,1888888.888888889,66680,903780,1355.39892
中古マンション等,不動産取引価格情報,13101,東京都,千代田区,三番町,半蔵門,5,33000000,１Ｋ,25,2005年,ＲＣ,,住宅,２種住居,60.0,400.0,2022年第1四半期,未改装,,千代田区,2022,1,2005.0,17.0,5.0,1320000.0,66680,903780,1355.39892
中古マンション等,不動産取引価格情報,13101,東京都,千代田区,三番町,半蔵門,3,190000000,２ＬＤＫ,85,2003年,ＲＣ,住宅,住宅,２種住居,80.0,500.0,2022年第1四半期,未改装,,千代田区,2022,1,2003.0,19.0,3.0,2235294.117647059,66680,903780,1355.39892
中古マンション等,不動産取引価格情報,13101,東京都,千代田区,三番町,半蔵門,4,140000000,２ＬＤＫ,90,1971年,ＳＲＣ,住宅,住宅,２種住居,80.0,500.0,2021年第4四半期,未改装,,千代田区,2021,4,1971.0,50.0,4.0,1555555.5555555555,66680,903780,1355.39892
中古マンション等,不動産取引価格情報,13101,東京都,千代田区,三番町,半蔵門,5,240000000,３ＬＤＫ,125,2003年,ＲＣ,住宅,住宅,１種住居,60.0,400.0,2021年第2四半期,改装済み,,千代田区,2021,2,2003.0,18.0,5.0,1920000.0,66680,903780,1355.39892
中古マンション等,不動産取引価格情報,13101,東京都,千代田区,三番町,半蔵門,4,150000000,,70,2014年,ＲＣ,住宅,その他,２種住居,60.0,400.0,2021年第2四半期,,,千代田区,2021,2,2014.0,7.0,4.0,2142857.1428571427,66680,903780,1355.39892
中古マンション等,不動産取引価格情報,13101,東京都,千代田区,三番町,半蔵門,4,120000000,２ＬＤＫ,65,2014年,ＲＣ,住宅,住宅,２種住居,60.0,400.0,2021年第1四半期,未改装,,千代田区,2021,1,2014.0,7.0,4.0,1846153.8461538462,66680,903780,1355.39892
中古マンション等,不動産取引価格情報,13101,東京都,千代田区,三番町,半蔵門,6,130000000,３ＬＤＫ,90,2001年,ＳＲＣ,住宅,住宅,２種住居,60.0,400.0,2021年第1四半期,未改装,,千代田区,2021,1,2001.0,20.0,6.0,1444444.4444444445,66680,903780,1355.39892
中古マンション等,不動産取引価格情報,13101,東京都,千代田区,三番町,半蔵門,4,230000000,３ＬＤＫ,95,2014年,ＲＣ,住宅,住宅,２種住居,60.0,400.0,2021年第1四半期,未改装,,千代田区,2021,1,2014.0,7.0,4.0,2421052.6315789474,66680,903780,1355.39892
中古マンション等,不動産取引価格情報,13101,東京都,千代田区,外神田,秋葉原,2,130000000,１ＬＤＫ,50,2004年,ＲＣ,,住宅,商業,80.0,800.0,2025年第3四半期,未改装,,千代田区,2025,3,2004.0,21.0,2.0,2600000.0,66680,903780,1355.39892
中古マンション等,不動産取引価格情報,13101,東京都,千代田区,外神田,秋葉原,2,280000000,２ＬＤＫ,90,2004年,ＲＣ,住宅,住宅,商業,80.0,800.0,2025年第2四半期,未改装,,千代田区,2025,2,2004.0,21.0,2.0,3111111.111111111,66680,903780,1355.39892
中古マンション等,不動産取引価格情報,13101,東京都,千代田区,外神田,秋葉原,2,160000000,,60,2004年,ＲＣ,,,商業,80.0,800.0,2025年第2四半期,,,千代田区,2025,2,2004.0,21.0,2.0,2666666.6666666665,66680,903780,1355.39892
中古マンション等,不動産取引価格情報,13101,東京都,千代田区,外神田,秋葉原,5,99000000,２ＬＤＫ,60,2004年,ＲＣ,住宅,住宅,商業,80.0,800.0,2024年第4四半期,未改装,,千代田区,2024,4,2004.0,20.0,5.0,1650000.0,66680,903780,1355.39892
中古マンション等,不動産取引価格情報,13101,東京都,千代田区,外神田,秋葉原,2,210000000,３ＬＤＫ,80,2004年,ＲＣ,住宅,住宅,商業,80.0,800.0,2024年第4四半期,,,千代田区,2024,4,2004.0,20.0,2.0,2625000.0,66680,903780,1355.39892
中古マンション等,不動産取引価格情報,13101,東京都,千代田区,外神田,秋葉原,5,130000000,２ＬＤＫ,70,2004年,ＲＣ,住宅,住宅,商業,80.0,800.0,2024年第2四半期,未改装,,千代田区,2024,2,2004.0,20.0,5.0,1857142.857142857,66680,903780,1355.39892
中古マンション等,不動産取引価格情報,13101,東京都,千代田区,外神田,秋葉原,2,60000000,１ＤＫ,45,2004年,ＲＣ,住宅,住宅,商業,80.0,800.0,2024年第2四半期,,,千代田区,2024,2,2004.0,20.0,2.0,1333333.3333333333,66680,903780,1355.39892
中古マンション等,不動産取引価格情報,13101,東京都,千代田区,外神田,秋葉原,6,99000000,２ＬＤＫ,50,2019年,ＲＣ,,住宅,,,,2024年第1四半期,未改装,,千代田区,2024,1,2019.0,5.0,6.0,1980000.0,66680,903780,1355.39892
中古マンション等,不動産取引価格情報,13101,東京都,千代田区,外神田,秋葉原,6,64000000,１Ｒ,40,2019年,ＲＣ,住宅,住宅,商業,80.0,600.0,2023年第3四半期,未改装,,千代田区,2023,3,2019.0,4.0,6.0,1600000.0,66680,903780,1355.39892
中古マンション等,不動産取引価格情報,13101,東京都,千代田区,外神田,秋葉原,6,88000000,２ＬＤＫ,50,2019年,ＲＣ,住宅,住宅,商業,80.0,600.0,2023年第2四半期,未改装,,千代田区,2023,2,2019.0,4.0,6.0,1760000.0,66680,903780,1355.39892
中古マンション等,不動産取引価格情報,13101,東京都,千代田区,外神田,秋葉原,2,150000000,３ＬＤＫ,90,2004年,ＲＣ,,住宅,商業,80.0,800.0,2023年第2四半期,未改装,,千代田区,2023,2,2004.0,19.0,2.0,1666666.6666666667,66680,903780,1355.39892
中古マンション等,不動産取引価格情報,13101,東京都,千代田区,外神田,秋葉原,3,22000000,１Ｋ,20,2003年,ＳＲＣ,住宅,その他,商業,80.0,600.0,2023年第1四半期,未改装,,千代田区,2023,1,2003.0,20.0,3.0,1100000.0,66680,903780,1355.39892
中古マンション等,不動産取引価格情報,13101,東京都,千代田区,外神田,秋葉原,2,81000000,１ＬＤＫ,45,2004年,ＲＣ,,事務所,商業,80.0,800.0,2023年第1四半期,未改装,,千代田区,2023,1,2004.0,19.0,2.0,1800000.0,66680,903780,1355.39892
中古マンション等,不動産取引価格情報,13101,東京都,千代田区,外神田,秋葉原,2,160000000,,95,2004年,ＲＣ,住宅,住宅,商業,80.0,800.0,2022年第4四半期,未改装,,千代田区,2022,4,2004.0,18.0,2.0,1684210.5263157894,66680,903780,1355.39892
中古マンション等,不動産取引価格情報,13101,東京都,千代田区,外神田,秋葉原,7,120000000,３ＬＤＫ,65,2022年,ＲＣ,住宅,住宅,商業,80.0,500.0,2022年第4四半期,未改装,,千代田区,2022,4,2022.0,0.0,7.0,1846153.8461538462,66680,903780,1355.39892
中古マンション等,不動産取引価格情報,13101,東京都,千代田区,外神田,秋葉原,2,130000000,２ＬＤＫ,75,2004年,ＲＣ,住宅,住宅,商業,80.0,800.0,2022年第4四半期,,,千代田区,2022,4,2004.0,18.0,2.0,1733333.3333333333,66680,903780,1355.39892
中古マンション等,不動産取引価格情報,13101,東京都,千代田区,外神田,秋葉原,2,140000000,２ＬＤＫ,80,2004年,ＲＣ,住宅,住宅,商業,80.0,800.0,2022年第4四半期,未改装,,千代田区,2022,4,2004.0,18.0,2.0,1750000.0,66680,903780,1355.39892
中古マンション等,不動産取引価格情報,13101,東京都,千代田区,外神田,秋葉原,6,45000000,１ＤＫ,30,2019年,ＲＣ,,住宅,,,,2022年第2四半期,未改装,,千代田区,2022,2,2019.0,3.0,6.0,1500000.0,66680,903780,1355.39892
中古マンション等,不動産取引価格情報,13101,東京都,千代田区,外神田,秋葉原,3,26000000,１Ｋ,20,2003年,ＳＲＣ,住宅,,商業,80.0,600.0,2022年第2四半期,未改装,,千代田区,2022,2,2003.0,19.0,3.0,1300000.0,66680,903780,1355.39892
中古マンション等,不動産取引価格情報,13101,東京都,千代田区,外神田,秋葉原,2,73000000,１ＬＤＫ,65,2004年,ＲＣ,住宅,住宅,商業,80.0,800.0,2022年第1四半期,未改装,,千代田区,2022,1,2004.0,18.0,2.0,1123076.923076923,66680,903780,1355.39892
中古マンション等,不動産取引価格情報,13101,東京都,千代田区,外神田,秋葉原,5,84000000,,55,2019年,ＲＣ,住宅,住宅,商業,80.0,600.0,2022年第1四半期,,,千代田区,2022,1,2019.0,3.0,5.0,1527272.7272727273,66680,903780,1355.39892
中古マンション等,不動産取引価格情報,13101,東京都,千代田区,外神田,秋葉原,2,150000000,４ＬＤＫ,125,2004年,ＲＣ,住宅,住宅,商業,80.0,800.0,2021年第3四半期,未改装,,千代田区,2021,3,2004.0,17.0,2.0,1200000.0,66680,903780,1355.39892
中古マンション等,不動産取引価格情報,13101,東京都,千代田区,外神田,秋葉原,6,46000000,１ＤＫ,30,2019年,ＲＣ,,住宅,,,,2021年第3四半期,,,千代田区,2021,3,2019.0,2.0,6.0,1533333.3333333333,66680,903780,1355.39892
中古マンション等,不動産取引価格情報,13101,東京都,千代田区,外神田,秋葉原,3,25000000,１Ｋ,20,2003年,ＳＲＣ,,住宅,商業,80.0,600.0,2021年第3四半期,,,千代田区,2021,3,2003.0,18.0,3.0,1250000.0,66680,903780,1355.39892
中古マンション等,不動産取引価格情報,13101,東京都,千代田区,外神田,秋葉原,2,73000000,１ＬＤＫ,55,2004年,ＲＣ,,住宅,商業,80.0,800.0,2021年第2四半期,,,千代田区,2021,2,2004.0,17.0,2.0,1327272.7272727273,66680,903780,1355.39892
中古マンション等,不動産取引価格情報,13101,東京都,千代田区,外神田,秋葉原,3,20000000,１Ｋ,20,2003年,ＳＲＣ,住宅,その他,商業,80.0,600.0,2021年第2四半期,未改装,,千代田区,2021,2,2003.0,18.0,3.0,1000000.0,66680,903780,1355.39892
中古マンション等,不動産取引価格情報,13101,東京都,千代田区,外神田,秋葉原,2,94000000,２ＬＤＫ,60,2004年,ＲＣ,住宅,住宅,商業,80.0,800.0,2021年第2四半期,改装済み,,千代田区,2021,2,2004.0,17.0,2.0,1566666.6666666667,66680,903780,1355.39892
中古マンション等,不動産取引価格情報,13101,東京都,千代田区,外神田,秋葉原,2,80000000,２ＬＤＫ,70,2004年,ＲＣ,,その他,商業,80.0,800.0,2021年第1四半期,未改装,,千代田区,2021,1,2004.0,17.0,2.0,1142857.142857143,66680,903780,1355.39892
中古マンション等,不動産取引価格情報,13101,東京都,千代田区,外神田,秋葉原,3,25000000,１Ｋ,20,2003年,ＳＲＣ,,その他,商業,80.0,600.0,2021年第1四半期,未改装,,千代田区,2021,1,2003.0,18.0,3.0,1250000.0,66680,903780,1355.39892
中古マンション等,不動産取引価格情報,13101,東京都,千代田区,外神田,御茶ノ水,4,30000000,１Ｋ,20,2004年,ＳＲＣ,,住宅,商業,80.0,500.0,2025年第4四半期,未改装,,千代田区,2025,4,2004.0,21.0,4.0,1500000.0,66680,903780,1355.39892
中古マンション等,不動産取引価格情報,13101,東京都,千代田区,外神田,御茶ノ水,5,44000000,,30,2010年,ＳＲＣ,,住宅,商業,80.0,500.0,2024年第1四半期,未改装,,千代田区,2024,1,2010.0,14.0,5.0,1466666.6666666667,66680,903780,1355.39892
中古マンション等,不動産取引価格情報,13101,東京都,千代田区,外神田,御茶ノ水,6,47000000,１ＬＤＫ,35,2013年,ＲＣ,住宅,住宅,商業,80.0,500.0,2023年第2四半期,未改装,,千代田区,2023,2,2013.0,10.0,6.0,1342857.142857143,66680,903780,1355.39892
中古マンション等,不動産取引価格情報,13101,東京都,千代田区,外神田,御茶ノ水,7,47000000,１ＬＤＫ,40,2013年,ＲＣ,住宅,住宅,商業,80.0,500.0,2022年第4四半期,未改装,,千代田区,2022,4,2013.0,9.0,7.0,1175000.0,66680,903780,1355.39892
中古マンション等,不動産取引価格情報,13101,東京都,千代田区,外神田,御茶ノ水,5,25000000,１Ｋ,20,2004年,ＳＲＣ,住宅,住宅,商業,80.0,500.0,2022年第2四半期,未改装,,千代田区,2022,2,2004.0,18.0,5.0,1250000.0,66680,903780,1355.39892
中古マンション等,不動産取引価格情報,13101,東京都,千代田区,外神田,御茶ノ水,4,28000000,１Ｋ,20,2004年,ＳＲＣ,住宅,住宅,商業,80.0,500.0,2021年第3四半期,未改装,,千代田区,2021,3,2004.0,17.0,4.0,1400000.0,66680,903780,1355.39892
中古マンション等,不動産取引価格情報,13101,東京都,千代田区,外神田,御茶ノ水,7,42000000,１ＤＫ,40,2013年,ＲＣ,住宅,住宅,商業,80.0,500.0,2021年第2四半期,未改装,,千代田区,2021,2,2013.0,8.0,7.0,1050000.0,66680,903780,1355.39892
中古マンション等,不動産取引価格情報,13101,東京都,千代田区,外神田,新御茶ノ水,4,28000000,１Ｋ,20,2004年,ＳＲＣ,,,商業,80.0,500.0,2023年第2四半期,未改装,,千代田区,2023,2,2004.0,19.0,4.0,1400000.0,66680,903780,1355.39892
中古マンション等,不動産取引価格情報,13101,東京都,千代田区,外神田,新御茶ノ水,6,96000000,２ＬＤＫ,60,2010年,ＳＲＣ,住宅,住宅,商業,80.0,500.0,2022年第1四半期,未改装,,千代田区,2022,1,2010.0,12.0,6.0,1600000.0,66680,903780,1355.39892
中古マンション等,不動産取引価格情報,13101,東京都,千代田区,外神田,新御茶ノ水,6,93000000,２ＬＤＫ,65,2010年,ＳＲＣ,住宅,住宅,商業,80.0,500.0,2021年第2四半期,未改装,,千代田区,2021,2,2010.0,11.0,6.0,1430769.2307692308,66680,903780,1355.39892
中古マンション等,不動産取引価格情報,13101,東京都,千代田区,外神田,末広町(東京),2,25000000,１Ｋ,20,2002年,ＳＲＣ,,住宅,商業,80.0,600.0,2025年第4四半期,,,千代田区,2025,4,2002.0,23.0,2.0,1250000.0,66680,903780,1355.39892
中古マンション等,不動産取引価格情報,13101,東京都,千代田区,外神田,末広町(東京),2,33000000,１Ｋ,25,2007年,ＲＣ,住宅,住宅,商業,80.0,600.0,2025年第3四半期,改装済み,,千代田区,2025,3,2007.0,18.0,2.0,1320000.0,66680,903780,1355.39892
中古マンション等,不動産取引価格情報,13101,東京都,千代田区,外神田,末広町(東京),2,33000000,１Ｋ,25,2007年,ＲＣ,住宅,住宅,商業,80.0,600.0,2025年第2四半期,改装済み,,千代田区,2025,2,2007.0,18.0,2.0,1320000.0,66680,903780,1355.39892
中古マンション等,不動産取引価格情報,13101,東京都,千代田区,外神田,末広町(東京),2,32000000,１Ｋ,25,2007年,ＲＣ,住宅,住宅,商業,80.0,600.0,2025年第2四半期,改装済み,,千代田区,2025,2,2007.0,18.0,2.0,1280000.0,66680,903780,1355.39892
中古マンション等,不動産取引価格情報,13101,東京都,千代田区,外神田,末広町(東京),2,32000000,１Ｋ,25,2007年,ＲＣ,住宅,住宅,商業,80.0,600.0,2025年第2四半期,改装済み,,千代田区,2025,2,2007.0,18.0,2.0,1280000.0,66680,903780,1355.39892
中古マンション等,不動産取引価格情報,13101,東京都,千代田区,外神田,末広町(東京),2,34000000,１Ｋ,25,2007年,ＲＣ,住宅,住宅,商業,80.0,600.0,2025年第2四半期,改装済み,,千代田区,2025,2,2007.0,18.0,2.0,1360000.0,66680,903780,1355.39892
中古マンション等,不動産取引価格情報,13101,東京都,千代田区,外神田,末広町(東京),2,48000000,２ＤＫ,45,2007年,ＲＣ,住宅,住宅,商業,80.0,600.0,2025年第2四半期,,,千代田区,2025,2,2007.0,18.0,2.0,1066666.6666666667,66680,903780,1355.39892
中古マンション等,不動産取引価格情報,13101,東京都,千代田区,外神田,末広町(東京),2,49000000,１ＬＤＫ,40,2007年,ＲＣ,住宅,住宅,商業,80.0,600.0,2025年第2四半期,未改装,,千代田区,2025,2,2007.0,18.0,2.0,1225000.0,66680,903780,1355.39892
中古マンション等,不動産取引価格情報,13101,東京都,千代田区,外神田,末広町(東京),2,30000000,１Ｋ,25,2007年,ＲＣ,住宅,住宅,商業,80.0,600.0,2025年第1四半期,改装済み,,千代田区,2025,1,2007.0,18.0,2.0,1200000.0,66680,903780,1355.39892
中古マンション等,不動産取引価格情報,13101,東京都,千代田区,外神田,末広町(東京),6,50000000,１Ｋ,30,2014年,ＲＣ,,住宅,商業,80.0,600.0,2025年第1四半期,,,千代田区,2025,1,2014.0,11.0,6.0,1666666.6666666667,66680,903780,1355.39892
中古マンション等,不動産取引価格情報,13101,東京都,千代田区,外神田,末広町(東京),2,36000000,１ＬＤＫ,30,2005年,ＲＣ,,住宅,商業,80.0,600.0,2024年第2四半期,未改装,,千代田区,2024,2,2005.0,19.0,2.0,1200000.0,66680,903780,1355.39892
中古マンション等,不動産取引価格情報,13101,東京都,千代田区,外神田,末広町(東京),6,33000000,１Ｋ,20,2014年,ＲＣ,住宅,住宅,商業,80.0,600.0,2024年第2四半期,未改装,,千代田区,2024,2,2014.0,10.0,6.0,1650000.0,66680,903780,1355.39892
中古マンション等,不動産取引価格情報,13101,東京都,千代田区,外神田,末広町(東京),6,33000000,１Ｋ,30,2014年,ＲＣ,住宅,住宅,商業,80.0,600.0,2024年第1四半期,未改装,,千代田区,2024,1,2014.0,10.0,6.0,1100000.0,66680,903780,1355.39892
中古マンション等,不動産取引価格情報,13101,東京都,千代田区,外神田,末広町(東京),3,21000000,１Ｋ,20,2000年,ＳＲＣ,,住宅,商業,80.0,600.0,2024年第1四半期,未改装,,千代田区,2024,1,2000.0,24.0,3.0,1050000.0,66680,903780,1355.39892
中古マンション等,不動産取引価格情報,13101,東京都,千代田区,外神田,末広町(東京),1,110000000,２ＬＤＫ,55,2014年,ＲＣ,住宅,,商業,80.0,600.0,2024年第1四半期,,,千代田区,2024,1,2014.0,10.0,1.0,2000000.0,66680,903780,1355.39892
中古マンション等,不動産取引価格情報,13101,東京都,千代田区,外神田,末広町(東京),1,87000000,１ＬＤＫ＋Ｓ,55,2022年,ＲＣ,,住宅,商業,80.0,600.0,2023年第4四半期,未改装,,千代田区,2023,4,2022.0,1.0,1.0,1581818.1818181819,66680,903780,1355.39892
中古マンション等,不動産取引価格情報,13101,東京都,千代田区,外神田,末広町(東京),3,34000000,スタジオ,20,2014年,ＲＣ,住宅,住宅,商業,80.0,600.0,2023年第2四半期,,,千代田区,2023,2,2014.0,9.0,3.0,1700000.0,66680,903780,1355.39892
中古マンション等,不動産取引価格情報,13101,東京都,千代田区,外神田,末広町(東京),1,100000000,２ＬＤＫ,55,2014年,ＲＣ,住宅,住宅,商業,80.0,600.0,2023年第1四半期,未改装,,千代田区,2023,1,2014.0,9.0,1.0,1818181.8181818181,66680,903780,1355.39892
中古マンション等,不動産取引価格情報,13101,東京都,千代田区,外神田,末広町(東京),2,35000000,１Ｒ,30,2005年,ＲＣ,,住宅,商業,80.0,600.0,2023年第1四半期,未改装,,千代田区,2023,1,2005.0,18.0,2.0,1166666.6666666667,66680,903780,1355.39892
中古マンション等,不動産取引価格情報,13101,東京都,千代田区,外神田,末広町(東京),2,38000000,１Ｋ,30,2005年,ＲＣ,住宅,住宅,商業,80.0,600.0,2022年第4四半期,未改装,,千代田区,2022,4,2005.0,17.0,2.0,1266666.6666666667,66680,903780,1355.39892
中古マンション等,不動産取引価格情報,13101,東京都,千代田区,外神田,末広町(東京),2,32000000,１Ｋ,30,1999年,ＳＲＣ,,住宅,商業,80.0,600.0,2022年第3四半期,,,千代田区,2022,3,1999.0,23.0,2.0,1066666.6666666667,66680,903780,1355.39892
中古マンション等,不動産取引価格情報,13101,東京都,千代田区,外神田,末広町(東京),2,23000000,１Ｋ,20,2002年,ＳＲＣ,住宅,住宅,商業,80.0,600.0,2022年第3四半期,改装済み,,千代田区,2022,3,2002.0,20.0,2.0,1150000.0,66680,903780,1355.39892
中古マンション等,不動産取引価格情報,13101,東京都,千代田区,外神田,末広町(東京),2,120000000,２ＬＤＫ,75,2004年,ＲＣ,,住宅,商業,80.0,800.0,2022年第2四半期,未改装,,千代田区,2022,2,2004.0,18.0,2.0,1600000.0,66680,903780,1355.39892
中古マンション等,不動産取引価格情報,13101,東京都,千代田区,外神田,末広町(東京),1,26000000,１Ｋ,20,2004年,ＳＲＣ,住宅,住宅,商業,80.0,600.0,2022年第2四半期,未改装,,千代田区,2022,2,2004.0,18.0,1.0,1300000.0,66680,903780,1355.39892
中古マンション等,不動産取引価格情報,13101,東京都,千代田区,外神田,末広町(東京),3,120000000,２ＬＤＫ,70,2004年,ＲＣ,住宅,住宅,商業,80.0,800.0,2022年第2四半期,未改装,,千代田区,2022,2,2004.0,18.0,3.0,1714285.7142857143,66680,903780,1355.39892
中古マンション等,不動産取引価格情報,13101,東京都,千代田区,外神田,末広町(東京),3,29000000,１Ｒ,20,2014年,ＲＣ,,住宅,商業,80.0,600.0,2022年第1四半期,未改装,,千代田区,2022,1,2014.0,8.0,3.0,1450000.0,66680,903780,1355.39892
中古マンション等,不動産取引価格情報,13101,東京都,千代田区,外神田,末広町(東京),6,31000000,１Ｋ,20,2014年,ＲＣ,住宅,住宅,商業,80.0,600.0,2021年第4四半期,,,千代田区,2021,4,2014.0,7.0,6.0,1550000.0,66680,903780,1355.39892
中古マンション等,不動産取引価格情報,13101,東京都,千代田区,外神田,末広町(東京),2,24000000,１Ｋ,20,2002年,ＳＲＣ,住宅,その他,商業,80.0,600.0,2021年第4四半期,未改装,,千代田区,2021,4,2002.0,19.0,2.0,1200000.0,66680,903780,1355.39892
中古マンション等,不動産取引価格情報,13101,東京都,千代田区,外神田,末広町(東京),2,24000000,１Ｋ,20,2004年,ＳＲＣ,住宅,住宅,商業,80.0,600.0,2021年第3四半期,改装済み,,千代田区,2021,3,2004.0,17.0,2.0,1200000.0,66680,903780,1355.39892
中古マンション等,不動産取引価格情報,13101,東京都,千代田区,外神田,末広町(東京),4,58000000,２ＬＤＫ,45,1998年,ＳＲＣ,,住宅,商業,80.0,600.0,2021年第3四半期,改装済み,,千代田区,2021,3,1998.0,23.0,4.0,1288888.888888889,66680,903780,1355.39892
中古マンション等,不動産取引価格情報,13101,東京都,千代田区,外神田,末広町(東京),1,64000000,２ＬＤＫ,50,2014年,ＲＣ,,住宅,商業,80.0,600.0,2021年第2四半期,改装済み,,千代田区,2021,2,2014.0,7.0,1.0,1280000.0,66680,903780,1355.39892
中古マンション等,不動産取引価格情報,13101,東京都,千代田区,外神田,末広町(東京),2,32000000,１Ｋ,30,2005年,ＲＣ,,住宅,商業,80.0,600.0,2021年第1四半期,未改装,,千代田区,2021,1,2005.0,16.0,2.0,1066666.6666666667,66680,903780,1355.39892
中古マンション等,不動産取引価格情報,13101,東京都,千代田区,外神田,末広町(東京),2,25000000,１Ｋ,20,2004年,ＳＲＣ,住宅,住宅,商業,80.0,600.0,2021年第1四半期,,,千代田区,2021,1,2004.0,17.0,2.0,1250000.0,66680,903780,1355.39892
中古マンション等,不動産取引価格情報,13101,東京都,千代田区,外神田,湯島,2,24000000,１Ｋ,20,2005年,ＲＣ,住宅,住宅,商業,80.0,600.0,2025年第2四半期,未改装,,千代田区,2025,2,2005.0,20.0,2.0,1200000.0,66680,903780,1355.39892
中古マンション等,不動産取引価格情報,13101,東京都,千代田区,外神田,湯島,2,120000000,２ＬＤＫ,50,2018年,ＲＣ,住宅,住宅,商業,80.0,600.0,2024年第4四半期,改装済み,,千代田区,2024,4,2018.0,6.0,2.0,2400000.0,66680,903780,1355.39892
中古マンション等,不動産取引価格情報,13101,東京都,千代田区,外神田,湯島,2,17000000,１Ｋ,20,2005年,ＲＣ,住宅,住宅,商業,80.0,600.0,2024年第4四半期,未改装,,千代田区,2024,4,2005.0,19.0,2.0,850000.0,66680,903780,1355.39892
中古マンション等,不動産取引価格情報,13101,東京都,千代田区,外神田,湯島,2,24000000,１Ｋ,20,2005年,ＲＣ,住宅,住宅,商業,80.0,600.0,2024年第2四半期,未改装,,千代田区,2024,2,2005.0,19.0,2.0,1200000.0,66680,903780,1355.39892
中古マンション等,不動産取引価格情報,13101,東京都,千代田区,外神田,湯島,2,23000000,１Ｋ,20,2005年,ＲＣ,住宅,住宅,商業,80.0,600.0,2023年第1四半期,,,千代田区,2023,1,2005.0,18.0,2.0,1150000.0,66680,903780,1355.39892
中古マンション等,不動産取引価格情報,13101,東京都,千代田区,外神田,湯島,2,120000000,３ＬＤＫ,65,2018年,ＲＣ,,住宅,商業,80.0,600.0,2022年第4四半期,未改装,,千代田区,2022,4,2018.0,4.0,2.0,1846153.8461538462,66680,903780,1355.39892
中古マンション等,不動産取引価格情報,13101,東京都,千代田区,外神田,湯島,1,24000000,１Ｋ,20,2005年,ＲＣ,,住宅,商業,80.0,600.0,2022年第3四半期,,,千代田区,2022,3,2005.0,17.0,1.0,1200000.0,66680,903780,1355.39892
中古マンション等,不動産取引価格情報,13101,東京都,千代田区,外神田,湯島,2,110000000,３ＬＤＫ,65,2018年,ＲＣ,住宅,住宅,商業,80.0,600.0,2021年第4四半期,未改装,,千代田区,2021,4,2018.0,3.0,2.0,1692307.6923076923,66680,903780,1355.39892
中古マンション等,不動産取引価格情報,13101,東京都,千代田区,外神田,湯島,3,53000000,１ＬＤＫ,45,1999年,ＲＣ,住宅,住宅,商業,80.0,600.0,2021年第2四半期,,,千代田区,2021,2,1999.0,22.0,3.0,1177777.7777777778,66680,903780,1355.39892
中古マンション等,不動産取引価格情報,13101,東京都,千代田区,外神田,湯島,2,81000000,２ＬＤＫ,50,2018年,ＲＣ,住宅,住宅,商業,80.0,600.0,2021年第1四半期,未改装,,千代田区,2021,1,2018.0,3.0,2.0,1620000.0,66680,903780,1355.39892
中古マンション等,不動産取引価格情報,13101,東京都,千代田区,外神田,湯島,3,28000000,１ＤＫ,30,,ＲＣ,,住宅,商業,80.0,600.0,2021年第1四半期,未改装,,千代田区,2021,1,,,3.0,933333.3333333334,66680,903780,1355.39892
中古マンション等,不動産取引価格情報,13101,東京都,千代田区,永田町,赤坂見附,5,18000000,１ＤＫ,15,,,,住宅,,,,2024年第3四半期,未改装,,千代田区,2024,3,,,5.0,1200000.0,66680,903780,1355.39892
中古マンション等,不動産取引価格情報,13101,東京都,千代田区,永田町,溜池山王,3,280000000,２ＬＤＫ,120,1977年,ＳＲＣ,住宅,住宅,商業,80.0,500.0,2024年第2四半期,改装済み,,千代田区,2024,2,1977.0,47.0,3.0,2333333.3333333335,66680,903780,1355.39892
中古マンション等,不動産取引価格情報,13101,東京都,千代田区,永田町,溜池山王,3,250000000,２ＬＤＫ,115,1977年,ＳＲＣ,住宅,住宅,商業,80.0,500.0,2023年第4四半期,改装済み,,千代田区,2023,4,1977.0,46.0,3.0,2173913.0434782607,66680,903780,1355.39892
中古マンション等,不動産取引価格情報,13101,東京都,千代田区,永田町,溜池山王,3,160000000,３ＬＤＫ,115,1977年,ＳＲＣ,住宅,住宅,商業,80.0,500.0,2023年第3四半期,未改装,,千代田区,2023,3,1977.0,46.0,3.0,1391304.347826087,66680,903780,1355.39892
中古マンション等,不動産取引価格情報,13101,東京都,千代田区,永田町,溜池山王,3,130000000,２ＬＤＫ,115,1977年,ＳＲＣ,住宅,事務所,商業,80.0,500.0,2023年第2四半期,,,千代田区,2023,2,1977.0,46.0,3.0,1130434.7826086956,66680,903780,1355.39892
中古マンション等,不動産取引価格情報,13101,東京都,千代田区,永田町,溜池山王,2,160000000,２ＬＤＫ,115,1977年,ＳＲＣ,,住宅,商業,80.0,500.0,2023年第1四半期,未改装,,千代田区,2023,1,1977.0,46.0,2.0,1391304.347826087,66680,903780,1355.39892
中古マンション等,不動産取引価格情報,13101,東京都,千代田区,永田町,永田町,3,18000000,１Ｋ,15,1978年,ＲＣ,住宅,事務所,商業,80.0,500.0,2025年第2四半期,未改装,,千代田区,2025,2,1978.0,47.0,3.0,1200000.0,66680,903780,1355.39892
中古マンション等,不動産取引価格情報,13101,東京都,千代田区,永田町,永田町,3,20000000,１Ｋ,20,1978年,ＲＣ,住宅,その他,商業,80.0,500.0,2024年第3四半期,未改装,,千代田区,2024,3,1978.0,46.0,3.0,1000000.0,66680,903780,1355.39892
中古マンション等,不動産取引価格情報,13101,東京都,千代田区,永田町,永田町,2,190000000,２ＬＤＫ,70,2008年,ＲＣ,住宅,住宅,商業,80.0,500.0,2024年第1四半期,改装済み,,千代田区,2024,1,2008.0,16.0,2.0,2714285.714285714,66680,903780,1355.39892
中古マンション等,不動産取引価格情報,13101,東京都,千代田区,永田町,永田町,3,36000000,オープンフロア,30,1978年,ＲＣ,事務所,住宅,商業,80.0,500.0,2023年第3四半期,未改装,,千代田区,2023,3,1978.0,45.0,3.0,1200000.0,66680,903780,1355.39892
中古マンション等,不動産取引価格情報,13101,東京都,千代田区,永田町,永田町,3,15000000,１Ｋ,20,1978年,ＲＣ,住宅,住宅,商業,80.0,500.0,2022年第3四半期,未改装,,千代田区,2022,3,1978.0,44.0,3.0,750000.0,66680,903780,1355.39892
中古マンション等,不動産取引価格情報,13101,東京都,千代田区,永田町,永田町,2,170000000,２ＬＤＫ,75,2008年,ＲＣ,,住宅,商業,80.0,500.0,2022年第2四半期,改装済み,,千代田区,2022,2,2008.0,14.0,2.0,2266666.6666666665,66680,903780,1355.39892
中古マンション等,不動産取引価格情報,13101,東京都,千代田区,永田町,永田町,3,15000000,１Ｋ,15,1978年,ＲＣ,,事務所,商業,80.0,500.0,2022年第1四半期,未改装,,千代田区,2022,1,1978.0,44.0,3.0,1000000.0,66680,903780,1355.39892
中古マンション等,不動産取引価格情報,13101,東京都,千代田区,永田町,永田町,3,36000000,１Ｋ,35,1978年,ＲＣ,,事務所,商業,80.0,500.0,2021年第4四半期,,,千代田区,2021,4,1978.0,43.0,3.0,1028571.4285714285,66680,903780,1355.39892
中古マンション等,不動産取引価格情報,13101,東京都,千代田区,西神田,神保町,5,33000000,１Ｋ,20,2001年,ＳＲＣ,住宅,住宅,商業,80.0,500.0,2025年第1四半期,,,千代田区,2025,1,2001.0,24.0,5.0,1650000.0,66680,903780,1355.39892
中古マンション等,不動産取引価格情報,13101,東京都,千代田区,西神田,神保町,4,33000000,１Ｋ,20,2001年,ＳＲＣ,,住宅,商業,80.0,500.0,2024年第1四半期,未改装,,千代田区,2024,1,2001.0,23.0,4.0,1650000.0,66680,903780,1355.39892
中古マンション等,不動産取引価格情報,13101,東京都,千代田区,西神田,神保町,5,29000000,,20,2001年,ＳＲＣ,,,商業,80.0,500.0,2023年第1四半期,未改装,,千代田区,2023,1,2001.0,22.0,5.0,1450000.0,66680,903780,1355.39892
中古マンション等,不動産取引価格情報,13101,東京都,千代田区,西神田,水道橋,6,69000000,１ＬＤＫ,50,2002年,ＲＣ,住宅,住宅,商業,80.0,600.0,2023年第4四半期,改装済み,,千代田区,2023,4,2002.0,21.0,6.0,1380000.0,66680,903780,1355.39892
中古マンション等,不動産取引価格情報,13101,東京都,千代田区,西神田,水道橋,6,37000000,１ＤＫ,35,2002年,ＲＣ,住宅,住宅,商業,80.0,600.0,2022年第4四半期,未改装,,千代田区,2022,4,2002.0,20.0,6.0,1057142.857142857,66680,903780,1355.39892
中古マンション等,不動産取引価格情報,13101,東京都,千代田区,西神田,水道橋,6,53000000,１ＬＤＫ,50,2002年,ＳＲＣ,,住宅,商業,80.0,600.0,2022年第2四半期,未改装,,千代田区,2022,2,2002.0,20.0,6.0,1060000.0,66680,903780,1355.39892
中古マンション等,不動産取引価格情報,13101,東京都,千代田区,二番町,麹町,2,30000000,１Ｋ,15,1972年,ＳＲＣ,事務所,事務所,２種住居,80.0,500.0,2025年第3四半期,改装済み,,千代田区,2025,3,1972.0,53.0,2.0,2000000.0,66680,903780,1355.39892
中古マンション等,不動産取引価格情報,13101,東京都,千代田区,二番町,麹町,3,100000000,１ＬＤＫ,35,,,,住宅,,,,2025年第2四半期,未改装,,千代田区,2025,2,,,3.0,2857142.8571428573,66680,903780,1355.39892
中古マンション等,不動産取引価格情報,13101,東京都,千代田区,二番町,麹町,3,51000000,１ＤＫ,35,1997年,ＳＲＣ,住宅,住宅,２種住居,60.0,400.0,2025年第2四半期,未改装,,千代田区,2025,2,1997.0,28.0,3.0,1457142.857142857,66680,903780,1355.39892
中古マンション等,不動産取引価格情報,13101,東京都,千代田区,二番町,麹町,2,20000000,１Ｋ,15,1972年,ＳＲＣ,住宅,その他,２種住居,80.0,500.0,2024年第4四半期,,,千代田区,2024,4,1972.0,52.0,2.0,1333333.3333333333,66680,903780,1355.39892
中古マンション等,不動産取引価格情報,13101,東京都,千代田区,二番町,麹町,3,49000000,,35,1997年,ＳＲＣ,住宅,住宅,２種住居,60.0,400.0,2024年第3四半期,未改装,,千代田区,2024,3,1997.0,27.0,3.0,1400000.0,66680,903780,1355.39892
中古マンション等,不動産取引価格情報,13101,東京都,千代田区,二番町,麹町,2,20000000,１Ｋ,15,1972年,ＳＲＣ,住宅,その他,２種住居,80.0,500.0,2024年第2四半期,,,千代田区,2024,2,1972.0,52.0,2.0,1333333.3333333333,66680,903780,1355.39892
中古マンション等,不動産取引価格情報,13101,東京都,千代田区,二番町,麹町,2,21000000,,25,1972年,ＳＲＣ,住宅,事務所,２種住居,80.0,500.0,2024年第2四半期,未改装,,千代田区,2024,2,1972.0,52.0,2.0,840000.0,66680,903780,1355.39892
中古マンション等,不動産取引価格情報,13101,東京都,千代田区,二番町,麹町,2,18000000,,15,1972年,ＳＲＣ,,その他,２種住居,80.0,500.0,2024年第1四半期,,,千代田区,2024,1,1972.0,52.0,2.0,1200000.0,66680,903780,1355.39892
中古マンション等,不動産取引価格情報,13101,東京都,千代田区,二番町,麹町,2,20000000,,15,1972年,ＳＲＣ,,その他,２種住居,80.0,500.0,2024年第1四半期,,,千代田区,2024,1,1972.0,52.0,2.0,1333333.3333333333,66680,903780,1355.39892
中古マンション等,不動産取引価格情報,13101,東京都,千代田区,二番町,麹町,2,15000000,,15,1972年,ＳＲＣ,住宅,その他,２種住居,80.0,500.0,2024年第1四半期,,,千代田区,2024,1,1972.0,52.0,2.0,1000000.0,66680,903780,1355.39892
中古マンション等,不動産取引価格情報,13101,東京都,千代田区,二番町,麹町,1,21000000,１Ｋ,20,1982年,ＳＲＣ,住宅,住宅,商業,80.0,500.0,2023年第4四半期,未改装,,千代田区,2023,4,1982.0,41.0,1.0,1050000.0,66680,903780,1355.39892
中古マンション等,不動産取引価格情報,13101,東京都,千代田区,二番町,麹町,2,18000000,,15,1972年,ＳＲＣ,住宅,その他,２種住居,80.0,500.0,2023年第4四半期,,,千代田区,2023,4,1972.0,51.0,2.0,1200000.0,66680,903780,1355.39892
中古マンション等,不動産取引価格情報,13101,東京都,千代田区,二番町,麹町,2,16000000,１Ｋ,15,1972年,ＳＲＣ,住宅,住宅,２種住居,80.0,500.0,2023年第3四半期,,,千代田区,2023,3,1972.0,51.0,2.0,1066666.6666666667,66680,903780,1355.39892
中古マンション等,不動産取引価格情報,13101,東京都,千代田区,二番町,麹町,2,98000000,２ＬＤＫ,75,1972年,ＳＲＣ,住宅,住宅,２種住居,80.0,500.0,2023年第3四半期,改装済み,,千代田区,2023,3,1972.0,51.0,2.0,1306666.6666666667,66680,903780,1355.39892
中古マンション等,不動産取引価格情報,13101,東京都,千代田区,二番町,麹町,1,20000000,１Ｒ,20,1982年,ＳＲＣ,,その他,２種住居,60.0,400.0,2023年第2四半期,未改装,,千代田区,2023,2,1982.0,41.0,1.0,1000000.0,66680,903780,1355.39892
中古マンション等,不動産取引価格情報,13101,東京都,千代田区,二番町,麹町,1,22000000,１Ｋ,20,1982年,ＳＲＣ,住宅,住宅,商業,80.0,500.0,2023年第2四半期,改装済み,,千代田区,2023,2,1982.0,41.0,1.0,1100000.0,66680,903780,1355.39892
中古マンション等,不動産取引価格情報,13101,東京都,千代田区,二番町,麹町,2,14000000,オープンフロア,15,1972年,ＳＲＣ,,事務所,２種住居,80.0,500.0,2023年第2四半期,未改装,,千代田区,2023,2,1972.0,51.0,2.0,933333.3333333334,66680,903780,1355.39892
中古マンション等,不動産取引価格情報,13101,東京都,千代田区,二番町,麹町,1,43000000,１ＤＫ,50,1982年,ＳＲＣ,,事務所,商業,80.0,500.0,2022年第4四半期,未改装,,千代田区,2022,4,1982.0,40.0,1.0,860000.0,66680,903780,1355.39892
中古マンション等,不動産取引価格情報,13101,東京都,千代田区,二番町,麹町,3,110000000,２ＬＤＫ,50,2015年,ＲＣ,住宅,住宅,２種住居,80.0,500.0,2022年第4四半期,未改装,,千代田区,2022,4,2015.0,7.0,3.0,2200000.0,66680,903780,1355.39892
中古マンション等,不動産取引価格情報,13101,東京都,千代田区,二番町,麹町,1,25000000,１Ｋ,20,1982年,ＳＲＣ,住宅,住宅,商業,80.0,500.0,2022年第3四半期,改装済み,,千代田区,2022,3,1982.0,40.0,1.0,1250000.0,66680,903780,1355.39892
中古マンション等,不動産取引価格情報,13101,東京都,千代田区,二番町,麹町,2,20000000,１Ｋ,15,1972年,ＳＲＣ,住宅,事務所,２種住居,80.0,500.0,2022年第2四半期,,,千代田区,2022,2,1972.0,50.0,2.0,1333333.3333333333,66680,903780,1355.39892
中古マンション等,不動産取引価格情報,13101,東京都,千代田区,二番町,麹町,1,28000000,１Ｋ,20,1982年,ＳＲＣ,,住宅,商業,80.0,500.0,2022年第2四半期,改装済み,,千代田区,2022,2,1982.0,40.0,1.0,1400000.0,66680,903780,1355.39892
中古マンション等,不動産取引価格情報,13101,東京都,千代田区,二番町,麹町,1,120000000,２ＬＤＫ,60,2004年,ＲＣ,,住宅,商業,80.0,600.0,2022年第1四半期,未改装,,千代田区,2022,1,2004.0,18.0,1.0,2000000.0,66680,903780,1355.39892
中古マンション等,不動産取引価格情報,13101,東京都,千代田区,二番町,麹町,1,150000000,２ＤＫ,95,1970年,ＳＲＣ,住宅,住宅,商業,80.0,600.0,2021年第4四半期,未改装,,千代田区,2021,4,1970.0,51.0,1.0,1578947.3684210526,66680,903780,1355.39892
中古マンション等,不動産取引価格情報,13101,東京都,千代田区,二番町,麹町,1,65000000,１ＬＤＫ,40,2004年,ＲＣ,住宅,住宅,商業,80.0,600.0,2021年第2四半期,,,千代田区,2021,2,2004.0,17.0,1.0,1625000.0,66680,903780,1355.39892
中古マンション等,不動産取引価格情報,13101,東京都,千代田区,二番町,麹町,1,24000000,１Ｋ,20,1982年,ＳＲＣ,住宅,住宅,商業,80.0,500.0,2021年第2四半期,改装済み,,千代田区,2021,2,1982.0,39.0,1.0,1200000.0,66680,903780,1355.39892
中古マンション等,不動産取引価格情報,13101,東京都,千代田区,二番町,麹町,1,22000000,１Ｋ,20,1982年,ＳＲＣ,住宅,住宅,商業,80.0,500.0,2021年第2四半期,改装済み,,千代田区,2021,2,1982.0,39.0,1.0,1100000.0,66680,903780,1355.39892
中古マンション等,不動産取引価格情報,13101,東京都,千代田区,二番町,麹町,2,24000000,１Ｋ,25,1972年,ＳＲＣ,事務所,事務所,２種住居,80.0,500.0,2021年第1四半期,未改装,,千代田区,2021,1,1972.0,49.0,2.0,960000.0,66680,903780,1355.39892
中古マンション等,不動産取引価格情報,13101,東京都,千代田区,二番町,麹町,1,140000000,２ＬＤＫ,85,2004年,ＲＣ,住宅,住宅,商業,80.0,600.0,2021年第1四半期,未改装,,千代田区,2021,1,2004.0,17.0,1.0,1647058.8235294118,66680,903780,1355.39892
中古マンション等,不動産取引価格情報,13101,東京都,千代田区,隼町,半蔵門,2,65000000,２ＤＫ,40,1983年,ＳＲＣ,,住宅,商業,80.0,600.0,2024年第1四半期,改装済み,,千代田区,2024,1,1983.0,41.0,2.0,1625000.0,66680,903780,1355.39892
中古マンション等,不動産取引価格情報,13101,東京都,千代田区,隼町,半蔵門,2,39000000,１ＤＫ,35,1983年,ＳＲＣ,,住宅,商業,80.0,600.0,2023年第4四半期,改装済み,,千代田区,2023,4,1983.0,40.0,2.0,1114285.7142857143,66680,903780,1355.39892
中古マンション等,不動産取引価格情報,13101,東京都,千代田区,隼町,半蔵門,2,24000000,１Ｋ,25,1983年,ＳＲＣ,,事務所,商業,80.0,600.0,2023年第3四半期,未改装,,千代田区,2023,3,1983.0,40.0,2.0,960000.0,66680,903780,1355.39892
中古マンション等,不動産取引価格情報,13101,東京都,千代田区,隼町,半蔵門,2,26000000,１Ｋ,25,1983年,ＳＲＣ,事務所,事務所,商業,80.0,600.0,2022年第3四半期,,,千代田区,2022,3,1983.0,39.0,2.0,1040000.0,66680,903780,1355.39892
中古マンション等,不動産取引価格情報,13101,東京都,千代田区,隼町,半蔵門,2,21000000,１Ｋ,25,1983年,ＳＲＣ,住宅,住宅,商業,80.0,600.0,2021年第2四半期,,,千代田区,2021,2,1983.0,38.0,2.0,840000.0,66680,903780,1355.39892
中古マンション等,不動産取引価格情報,13101,東京都,千代田区,東神田,秋葉原,8,66000000,２ＬＤＫ,50,2005年,ＲＣ,住宅,住宅,商業,80.0,500.0,2023年第1四半期,未改装,,千代田区,2023,1,2005.0,18.0,8.0,1320000.0,66680,903780,1355.39892
中古マンション等,不動産取引価格情報,13101,東京都,千代田区,東神田,秋葉原,8,66000000,２ＬＤＫ,50,2005年,ＲＣ,住宅,住宅,商業,80.0,500.0,2021年第3四半期,未改装,,千代田区,2021,3,2005.0,16.0,8.0,1320000.0,66680,903780,1355.39892
中古マンション等,不動産取引価格情報,13101,東京都,千代田区,東神田,浅草橋,1,40000000,１ＬＤＫ,40,2006年,ＲＣ,住宅,住宅,商業,80.0,500.0,2025年第3四半期,未改装,,千代田区,2025,3,2006.0,19.0,1.0,1000000.0,66680,903780,1355.39892
中古マンション等,不動産取引価格情報,13101,東京都,千代田区,東神田,浅草橋,3,21000000,,20,2004年,ＳＲＣ,住宅,住宅,商業,80.0,500.0,2025年第3四半期,,,千代田区,2025,3,2004.0,21.0,3.0,1050000.0,66680,903780,1355.39892
中古マンション等,不動産取引価格情報,13101,東京都,千代田区,東神田,浅草橋,4,55000000,１ＬＤＫ,55,1980年,ＳＲＣ,住宅,事務所,商業,80.0,600.0,2025年第2四半期,改装済み,,千代田区,2025,2,1980.0,45.0,4.0,1000000.0,66680,903780,1355.39892
中古マンション等,不動産取引価格情報,13101,東京都,千代田区,東神田,浅草橋,4,44000000,,30,1980年,ＳＲＣ,住宅,店舗,商業,80.0,600.0,2025年第1四半期,,,千代田区,2025,1,1980.0,45.0,4.0,1466666.6666666667,66680,903780,1355.39892
中古マンション等,不動産取引価格情報,13101,東京都,千代田区,東神田,浅草橋,4,24000000,１Ｋ,25,2002年,ＳＲＣ,住宅,住宅,商業,80.0,600.0,2024年第4四半期,,,千代田区,2024,4,2002.0,22.0,4.0,960000.0,66680,903780,1355.39892
中古マンション等,不動産取引価格情報,13101,東京都,千代田区,東神田,浅草橋,5,25000000,,25,,,,住宅,,,,2024年第3四半期,未改装,,千代田区,2024,3,,,5.0,1000000.0,66680,903780,1355.39892
中古マンション等,不動産取引価格情報,13101,東京都,千代田区,東神田,浅草橋,2,42000000,１ＤＫ,40,2006年,ＲＣ,住宅,事務所,商業,80.0,500.0,2024年第3四半期,未改装,,千代田区,2024,3,2006.0,18.0,2.0,1050000.0,66680,903780,1355.39892
中古マンション等,不動産取引価格情報,13101,東京都,千代田区,東神田,浅草橋,3,22000000,１Ｋ,20,2004年,ＳＲＣ,住宅,住宅,商業,80.0,500.0,2024年第2四半期,未改装,,千代田区,2024,2,2004.0,20.0,3.0,1100000.0,66680,903780,1355.39892
中古マンション等,不動産取引価格情報,13101,東京都,千代田区,東神田,浅草橋,3,70000000,２ＬＤＫ,50,2013年,ＲＣ,住宅,住宅,商業,80.0,500.0,2024年第2四半期,未改装,,千代田区,2024,2,2013.0,11.0,3.0,1400000.0,66680,903780,1355.39892
中古マンション等,不動産取引価格情報,13101,東京都,千代田区,東神田,浅草橋,4,25000000,１Ｋ,25,2002年,ＳＲＣ,,住宅,商業,80.0,600.0,2024年第2四半期,,,千代田区,2024,2,2002.0,22.0,4.0,1000000.0,66680,903780,1355.39892
中古マンション等,不動産取引価格情報,13101,東京都,千代田区,東神田,浅草橋,2,55000000,１ＬＤＫ,45,2007年,ＲＣ,,住宅,商業,80.0,500.0,2024年第1四半期,未改装,,千代田区,2024,1,2007.0,17.0,2.0,1222222.2222222222,66680,903780,1355.39892
中古マンション等,不動産取引価格情報,13101,東京都,千代田区,東神田,浅草橋,2,25000000,１Ｋ,25,1997年,ＲＣ,住宅,住宅,商業,80.0,500.0,2023年第4四半期,改装済み,,千代田区,2023,4,1997.0,26.0,2.0,1000000.0,66680,903780,1355.39892
中古マンション等,不動産取引価格情報,13101,東京都,千代田区,東神田,浅草橋,1,35000000,１Ｋ,30,2007年,ＲＣ,,住宅,商業,80.0,500.0,2023年第4四半期,未改装,,千代田区,2023,4,2007.0,16.0,1.0,1166666.6666666667,66680,903780,1355.39892
中古マンション等,不動産取引価格情報,13101,東京都,千代田区,東神田,浅草橋,4,25000000,１Ｋ,25,2002年,ＳＲＣ,住宅,住宅,商業,80.0,600.0,2023年第1四半期,,,千代田区,2023,1,2002.0,21.0,4.0,1000000.0,66680,903780,1355.39892
中古マンション等,不動産取引価格情報,13101,東京都,千代田区,東神田,浅草橋,6,40000000,１ＬＤＫ,40,1984年,ＳＲＣ,住宅,住宅,商業,80.0,600.0,2023年第1四半期,未改装,,千代田区,2023,1,1984.0,39.0,6.0,1000000.0,66680,903780,1355.39892
中古マンション等,不動産取引価格情報,13101,東京都,千代田区,東神田,浅草橋,2,58000000,３ＬＤＫ,60,1997年,ＲＣ,住宅,住宅,商業,80.0,500.0,2023年第1四半期,未改装,,千代田区,2023,1,1997.0,26.0,2.0,966666.6666666666,66680,903780,1355.39892
中古マンション等,不動産取引価格情報,13101,東京都,千代田区,東神田,浅草橋,3,19000000,１Ｋ,20,2004年,ＳＲＣ,住宅,住宅,商業,80.0,500.0,2022年第4四半期,未改装,,千代田区,2022,4,2004.0,18.0,3.0,950000.0,66680,903780,1355.39892
中古マンション等,不動産取引価格情報,13101,東京都,千代田区,東神田,浅草橋,1,120000000,２ＬＤＫ,70,2015年,ＲＣ,住宅,住宅,商業,80.0,600.0,2022年第3四半期,未改装,,千代田区,2022,3,2015.0,7.0,1.0,1714285.7142857143,66680,903780,1355.39892
中古マンション等,不動産取引価格情報,13101,東京都,千代田区,東神田,浅草橋,1,24000000,１Ｋ,20,2007年,ＲＣ,,住宅,商業,80.0,500.0,2022年第3四半期,未改装,,千代田区,2022,3,2007.0,15.0,1.0,1200000.0,66680,903780,1355.39892
中古マンション等,不動産取引価格情報,13101,東京都,千代田区,東神田,浅草橋,1,57000000,１ＬＤＫ,45,2007年,ＲＣ,住宅,住宅,商業,80.0,500.0,2022年第3四半期,未改装,,千代田区,2022,3,2007.0,15.0,1.0,1266666.6666666667,66680,903780,1355.39892
中古マンション等,不動産取引価格情報,13101,東京都,千代田区,東神田,浅草橋,2,26000000,１Ｋ,20,2006年,ＲＣ,住宅,住宅,商業,80.0,500.0,2022年第2四半期,未改装,,千代田区,2022,2,2006.0,16.0,2.0,1300000.0,66680,903780,1355.39892
中古マンション等,不動産取引価格情報,13101,東京都,千代田区,東神田,浅草橋,2,50000000,１ＤＫ,35,2014年,ＲＣ,,,商業,80.0,500.0,2022年第2四半期,改装済み,,千代田区,2022,2,2014.0,8.0,2.0,1428571.4285714286,66680,903780,1355.39892
中古マンション等,不動産取引価格情報,13101,東京都,千代田区,東神田,浅草橋,6,22000000,１Ｋ,20,1984年,ＳＲＣ,住宅,住宅,商業,80.0,600.0,2022年第1四半期,改装済み,,千代田区,2022,1,1984.0,38.0,6.0,1100000.0,66680,903780,1355.39892
中古マンション等,不動産取引価格情報,13101,東京都,千代田区,東神田,浅草橋,2,24000000,１Ｋ,20,2007年,ＲＣ,,住宅,商業,80.0,500.0,2022年第1四半期,未改装,,千代田区,2022,1,2007.0,15.0,2.0,1200000.0,66680,903780,1355.39892
中古マンション等,不動産取引価格情報,13101,東京都,千代田区,東神田,浅草橋,2,24000000,１Ｋ,20,2006年,ＲＣ,,住宅,商業,80.0,500.0,2022年第1四半期,未改装,,千代田区,2022,1,2006.0,16.0,2.0,1200000.0,66680,903780,1355.39892
中古マンション等,不動産取引価格情報,13101,東京都,千代田区,東神田,浅草橋,2,72000000,３ＬＤＫ,70,2006年,ＲＣ,,住宅,商業,80.0,500.0,2021年第4四半期,未改装,,千代田区,2021,4,2006.0,15.0,2.0,1028571.4285714285,66680,903780,1355.39892
中古マンション等,不動産取引価格情報,13101,東京都,千代田区,東神田,浅草橋,4,13000000,１Ｒ,25,1980年,ＳＲＣ,住宅,住宅,商業,80.0,600.0,2021年第3四半期,,,千代田区,2021,3,1980.0,41.0,4.0,520000.0,66680,903780,1355.39892
中古マンション等,不動産取引価格情報,13101,東京都,千代田区,東神田,浅草橋,1,110000000,３ＬＤＫ,70,2015年,ＲＣ,住宅,住宅,商業,80.0,600.0,2021年第3四半期,改装済み,,千代田区,2021,3,2015.0,6.0,1.0,1571428.5714285714,66680,903780,1355.39892
中古マンション等,不動産取引価格情報,13101,東京都,千代田区,東神田,浅草橋,2,33000000,１Ｋ,30,2006年,ＲＣ,住宅,住宅,商業,80.0,500.0,2021年第2四半期,未改装,,千代田区,2021,2,2006.0,15.0,2.0,1100000.0,66680,903780,1355.39892
中古マンション等,不動産取引価格情報,13101,東京都,千代田区,東神田,浅草橋,4,14000000,オープンフロア,20,1980年,ＳＲＣ,,住宅,商業,80.0,600.0,2021年第2四半期,,,千代田区,2021,2,1980.0,41.0,4.0,700000.0,66680,903780,1355.39892
中古マンション等,不動産取引価格情報,13101,東京都,千代田区,東神田,浅草橋,4,23000000,１Ｋ,25,2002年,ＳＲＣ,,その他,商業,80.0,600.0,2021年第1四半期,,,千代田区,2021,1,2002.0,19.0,4.0,920000.0,66680,903780,1355.39892
中古マンション等,不動産取引価格情報,13101,東京都,千代田区,東神田,岩本町,6,52000000,１ＤＫ,30,2006年,ＲＣ,住宅,住宅,商業,80.0,600.0,2025年第4四半期,改装済み,,千代田区,2025,4,2006.0,19.0,6.0,1733333.3333333333,66680,903780,1355.39892
中古マンション等,不動産取引価格情報,13101,東京都,千代田区,東神田,岩本町,3,24000000,１Ｋ,20,2001年,ＳＲＣ,,住宅,商業,80.0,500.0,2024年第2四半期,未改装,,千代田区,2024,2,2001.0,23.0,3.0,1200000.0,66680,903780,1355.39892
中古マンション等,不動産取引価格情報,13101,東京都,千代田区,東神田,岩本町,5,69000000,２ＬＤＫ,50,2012年,ＳＲＣ,住宅,住宅,商業,80.0,500.0,2023年第4四半期,未改装,,千代田区,2023,4,2012.0,11.0,5.0,1380000.0,66680,903780,1355.39892
中古マンション等,不動産取引価格情報,13101,東京都,千代田区,東神田,岩本町,5,67000000,２ＬＤＫ,50,2012年,ＳＲＣ,,住宅,商業,80.0,500.0,2023年第3四半期,未改装,,千代田区,2023,3,2012.0,11.0,5.0,1340000.0,66680,903780,1355.39892
中古マンション等,不動産取引価格情報,13101,東京都,千代田区,東神田,岩本町,6,48000000,１ＬＤＫ,40,2006年,ＲＣ,,住宅,商業,80.0,600.0,2023年第3四半期,未改装,,千代田区,2023,3,2006.0,17.0,6.0,1200000.0,66680,903780,1355.39892
中古マンション等,不動産取引価格情報,13101,東京都,千代田区,東神田,岩本町,5,62000000,,50,2012年,ＳＲＣ,住宅,住宅,商業,80.0,500.0,2023年第1四半期,,,千代田区,2023,1,2012.0,11.0,5.0,1240000.0,66680,903780,1355.39892
中古マンション等,不動産取引価格情報,13101,東京都,千代田区,東神田,岩本町,6,24000000,１Ｒ,20,2005年,ＲＣ,住宅,住宅,商業,80.0,600.0,2022年第4四半期,,,千代田区,2022,4,2005.0,17.0,6.0,1200000.0,66680,903780,1355.39892
中古マンション等,不動産取引価格情報,13101,東京都,千代田区,東神田,岩本町,5,52000000,１ＬＤＫ,40,2006年,ＲＣ,,住宅,商業,80.0,600.0,2022年第4四半期,,,千代田区,2022,4,2006.0,16.0,5.0,1300000.0,66680,903780,1355.39892
中古マンション等,不動産取引価格情報,13101,東京都,千代田区,東神田,岩本町,6,49000000,１ＬＤＫ,40,2006年,ＲＣ,住宅,住宅,商業,80.0,600.0,2022年第3四半期,未改装,,千代田区,2022,3,2006.0,16.0,6.0,1225000.0,66680,903780,1355.39892
中古マンション等,不動産取引価格情報,13101,東京都,千代田区,東神田,岩本町,3,26000000,１ＤＫ,20,2001年,ＳＲＣ,住宅,住宅,商業,80.0,500.0,2022年第1四半期,未改装,,千代田区,2022,1,2001.0,21.0,3.0,1300000.0,66680,903780,1355.39892
中古マンション等,不動産取引価格情報,13101,東京都,千代田区,東神田,岩本町,4,28000000,１Ｋ,30,2007年,ＲＣ,住宅,住宅,商業,80.0,500.0,2021年第4四半期,改装済み,,千代田区,2021,4,2007.0,14.0,4.0,933333.3333333334,66680,903780,1355.39892
中古マンション等,不動産取引価格情報,13101,東京都,千代田区,東神田,岩本町,5,48000000,１ＬＤＫ,40,2012年,ＳＲＣ,,住宅,商業,80.0,500.0,2021年第2四半期,未改装,,千代田区,2021,2,2012.0,9.0,5.0,1200000.0,66680,903780,1355.39892
中古マンション等,不動産取引価格情報,13101,東京都,千代田区,東神田,岩本町,5,44000000,１ＤＫ,35,2012年,ＳＲＣ,住宅,住宅,商業,80.0,500.0,2021年第2四半期,未改装,,千代田区,2021,2,2012.0,9.0,5.0,1257142.857142857,66680,903780,1355.39892
中古マンション等,不動産取引価格情報,13101,東京都,千代田区,東神田,岩本町,4,38000000,１ＤＫ,35,2007年,ＲＣ,,住宅,商業,80.0,500.0,2021年第2四半期,未改装,,千代田区,2021,2,2007.0,14.0,4.0,1085714.2857142857,66680,903780,1355.39892
中古マンション等,不動産取引価格情報,13101,東京都,千代田区,東神田,岩本町,6,26000000,１ＬＤＫ,25,2002年,ＳＲＣ,住宅,住宅,商業,80.0,600.0,2021年第1四半期,未改装,,千代田区,2021,1,2002.0,19.0,6.0,1040000.0,66680,903780,1355.39892
中古マンション等,不動産取引価格情報,13101,東京都,千代田区,東神田,岩本町,5,42000000,１ＬＤＫ,35,2012年,ＳＲＣ,住宅,住宅,商業,80.0,500.0,2021年第1四半期,未改装,,千代田区,2021,1,2012.0,9.0,5.0,1200000.0,66680,903780,1355.39892
中古マンション等,不動産取引価格情報,13101,東京都,千代田区,東神田,岩本町,3,27000000,１Ｋ,20,2001年,ＳＲＣ,住宅,住宅,商業,80.0,500.0,2021年第1四半期,未改装,,千代田区,2021,1,2001.0,20.0,3.0,1350000.0,66680,903780,1355.39892
中古マンション等,不動産取引価格情報,13101,東京都,千代田区,東神田,小伝馬町,5,44000000,１ＬＤＫ,40,2012年,ＲＣ,住宅,住宅,商業,80.0,600.0,2022年第2四半期,改装済み,,千代田区,2022,2,2012.0,10.0,5.0,1100000.0,66680,903780,1355.39892
中古マンション等,不動産取引価格情報,13101,東京都,千代田区,東神田,馬喰町,3,160000000,３ＬＤＫ,70,2018年,ＲＣ,住宅,住宅,商業,80.0,500.0,2025年第4四半期,未改装,,千代田区,2025,4,2018.0,7.0,3.0,2285714.285714286,66680,903780,1355.39892
中古マンション等,不動産取引価格情報,13101,東京都,千代田区,東神田,馬喰町,3,85000000,２ＬＤＫ,50,2012年,ＲＣ,住宅,住宅,商業,80.0,600.0,2025年第3四半期,未改装,,千代田区,2025,3,2012.0,13.0,3.0,1700000.0,66680,903780,1355.39892
中古マンション等,不動産取引価格情報,13101,東京都,千代田区,東神田,馬喰町,4,29000000,１Ｋ,20,2004年,ＳＲＣ,住宅,住宅,商業,80.0,500.0,2025年第2四半期,未改装,,千代田区,2025,2,2004.0,21.0,4.0,1450000.0,66680,903780,1355.39892
中古マンション等,不動産取引価格情報,13101,東京都,千代田区,東神田,馬喰町,2,26000000,１Ｋ,20,2004年,ＲＣ,住宅,住宅,商業,80.0,600.0,2025年第2四半期,未改装,,千代田区,2025,2,2004.0,21.0,2.0,1300000.0,66680,903780,1355.39892
中古マンション等,不動産取引価格情報,13101,東京都,千代田区,東神田,馬喰町,4,33000000,１Ｋ,20,2015年,ＲＣ,住宅,住宅,商業,80.0,500.0,2025年第2四半期,未改装,,千代田区,2025,2,2015.0,10.0,4.0,1650000.0,66680,903780,1355.39892
中古マンション等,不動産取引価格情報,13101,東京都,千代田区,東神田,馬喰町,2,28000000,１Ｋ,20,2004年,ＲＣ,住宅,住宅,商業,80.0,600.0,2025年第2四半期,,,千代田区,2025,2,2004.0,21.0,2.0,1400000.0,66680,903780,1355.39892
中古マンション等,不動産取引価格情報,13101,東京都,千代田区,東神田,馬喰町,4,25000000,１Ｋ,20,,,,住宅,,,,2025年第1四半期,改装済み,,千代田区,2025,1,,,4.0,1250000.0,66680,903780,1355.39892
中古マンション等,不動産取引価格情報,13101,東京都,千代田区,東神田,馬喰町,2,38000000,１Ｋ,30,2005年,ＳＲＣ,住宅,住宅,商業,80.0,800.0,2025年第1四半期,未改装,,千代田区,2025,1,2005.0,20.0,2.0,1266666.6666666667,66680,903780,1355.39892
中古マンション等,不動産取引価格情報,13101,東京都,千代田区,東神田,馬喰町,2,99000000,,50,,,,住宅,,,,2024年第4四半期,改装済み,,千代田区,2024,4,,,2.0,1980000.0,66680,903780,1355.39892
中古マンション等,不動産取引価格情報,13101,東京都,千代田区,東神田,馬喰町,3,58000000,１ＬＤＫ,35,2012年,ＲＣ,住宅,住宅,商業,80.0,600.0,2024年第3四半期,未改装,,千代田区,2024,3,2012.0,12.0,3.0,1657142.857142857,66680,903780,1355.39892
中古マンション等,不動産取引価格情報,13101,東京都,千代田区,東神田,馬喰町,4,29000000,１Ｋ,20,2004年,ＳＲＣ,住宅,住宅,商業,80.0,500.0,2024年第3四半期,未改装,,千代田区,2024,3,2004.0,20.0,4.0,1450000.0,66680,903780,1355.39892
中古マンション等,不動産取引価格情報,13101,東京都,千代田区,東神田,馬喰町,4,26000000,１Ｋ,20,2005年,ＲＣ,,住宅,商業,80.0,700.0,2024年第2四半期,未改装,,千代田区,2024,2,2005.0,19.0,4.0,1300000.0,66680,903780,1355.39892
中古マンション等,不動産取引価格情報,13101,東京都,千代田区,東神田,馬喰町,4,27000000,１Ｋ,20,2004年,ＳＲＣ,住宅,住宅,商業,80.0,500.0,2024年第2四半期,未改装,,千代田区,2024,2,2004.0,20.0,4.0,1350000.0,66680,903780,1355.39892
中古マンション等,不動産取引価格情報,13101,東京都,千代田区,東神田,馬喰町,2,32000000,１Ｋ,30,2005年,ＳＲＣ,,住宅,商業,80.0,800.0,2024年第2四半期,未改装,調停・競売等,千代田区,2024,2,2005.0,19.0,2.0,1066666.6666666667,66680,903780,1355.39892
中古マンション等,不動産取引価格情報,13101,東京都,千代田区,東神田,馬喰町,3,80000000,２ＤＫ,55,2012年,ＲＣ,,住宅,商業,80.0,600.0,2024年第1四半期,未改装,,千代田区,2024,1,2012.0,12.0,3.0,1454545.4545454546,66680,903780,1355.39892
中古マンション等,不動産取引価格情報,13101,東京都,千代田区,東神田,馬喰町,4,30000000,１ＤＫ,40,1981年,ＳＲＣ,,住宅,商業,80.0,700.0,2024年第1四半期,未改装,,千代田区,2024,1,1981.0,43.0,4.0,750000.0,66680,903780,1355.39892
中古マンション等,不動産取引価格情報,13101,東京都,千代田区,東神田,馬喰町,4,27000000,１Ｋ,20,2004年,ＳＲＣ,,住宅,商業,80.0,500.0,2024年第1四半期,未改装,,千代田区,2024,1,2004.0,20.0,4.0,1350000.0,66680,903780,1355.39892
中古マンション等,不動産取引価格情報,13101,東京都,千代田区,東神田,馬喰町,3,17000000,,20,2003年,ＳＲＣ,,住宅,商業,80.0,700.0,2024年第1四半期,,,千代田区,2024,1,2003.0,21.0,3.0,850000.0,66680,903780,1355.39892
中古マンション等,不動産取引価格情報,13101,東京都,千代田区,東神田,馬喰町,2,32000000,１Ｋ,30,2005年,ＳＲＣ,,住宅,商業,80.0,800.0,2023年第4四半期,改装済み,,千代田区,2023,4,2005.0,18.0,2.0,1066666.6666666667,66680,903780,1355.39892
中古マンション等,不動産取引価格情報,13101,東京都,千代田区,東神田,馬喰町,4,28000000,１Ｋ,20,2004年,ＳＲＣ,,住宅,商業,80.0,500.0,2023年第4四半期,未改装,,千代田区,2023,4,2004.0,19.0,4.0,1400000.0,66680,903780,1355.39892
中古マンション等,不動産取引価格情報,13101,東京都,千代田区,東神田,馬喰町,4,50000000,１ＬＤＫ,40,2015年,ＲＣ,住宅,住宅,商業,80.0,600.0,2023年第4四半期,未改装,,千代田区,2023,4,2015.0,8.0,4.0,1250000.0,66680,903780,1355.39892
中古マンション等,不動産取引価格情報,13101,東京都,千代田区,東神田,馬喰町,2,59000000,１ＬＤＫ,40,2015年,ＲＣ,住宅,住宅,商業,80.0,600.0,2023年第4四半期,未改装,,千代田区,2023,4,2015.0,8.0,2.0,1475000.0,66680,903780,1355.39892
中古マンション等,不動産取引価格情報,13101,東京都,千代田区,東神田,馬喰町,2,65000000,２ＬＤＫ,50,2015年,ＲＣ,,住宅,商業,80.0,600.0,2023年第4四半期,改装済み,,千代田区,2023,4,2015.0,8.0,2.0,1300000.0,66680,903780,1355.39892
中古マンション等,不動産取引価格情報,13101,東京都,千代田区,東神田,馬喰町,3,38000000,１ＬＤＫ,35,2001年,ＳＲＣ,,住宅,商業,80.0,600.0,2023年第4四半期,未改装,,千代田区,2023,4,2001.0,22.0,3.0,1085714.2857142857,66680,903780,1355.39892
中古マンション等,不動産取引価格情報,13101,東京都,千代田区,東神田,馬喰町,3,23000000,,20,2004年,ＲＣ,住宅,,商業,80.0,600.0,2023年第3四半期,,,千代田区,2023,3,2004.0,19.0,3.0,1150000.0,66680,903780,1355.39892
中古マンション等,不動産取引価格情報,13101,東京都,千代田区,東神田,馬喰町,4,25000000,１ＬＤＫ,40,1981年,ＳＲＣ,,住宅,商業,80.0,700.0,2023年第3四半期,未改装,,千代田区,2023,3,1981.0,42.0,4.0,625000.0,66680,903780,1355.39892
中古マンション等,不動産取引価格情報,13101,東京都,千代田区,東神田,馬喰町,3,27000000,１Ｋ,20,2004年,ＲＣ,,その他,商業,80.0,600.0,2023年第3四半期,,,千代田区,2023,3,2004.0,19.0,3.0,1350000.0,66680,903780,1355.39892
中古マンション等,不動産取引価格情報,13101,東京都,千代田区,東神田,馬喰町,2,35000000,,30,2005年,ＳＲＣ,住宅,住宅,商業,80.0,800.0,2023年第2四半期,未改装,,千代田区,2023,2,2005.0,18.0,2.0,1166666.6666666667,66680,903780,1355.39892
中古マンション等,不動産取引価格情報,13101,東京都,千代田区,東神田,馬喰町,2,24000000,１Ｋ,20,2004年,ＲＣ,,住宅,商業,80.0,600.0,2023年第2四半期,未改装,,千代田区,2023,2,2004.0,19.0,2.0,1200000.0,66680,903780,1355.39892
中古マンション等,不動産取引価格情報,13101,東京都,千代田区,東神田,馬喰町,4,17000000,１Ｋ,20,1981年,ＳＲＣ,,住宅,商業,80.0,700.0,2023年第2四半期,改装済み,,千代田区,2023,2,1981.0,42.0,4.0,850000.0,66680,903780,1355.39892
中古マンション等,不動産取引価格情報,13101,東京都,千代田区,東神田,馬喰町,3,26000000,１Ｋ,20,2004年,ＲＣ,住宅,その他,商業,80.0,600.0,2023年第1四半期,,,千代田区,2023,1,2004.0,19.0,3.0,1300000.0,66680,903780,1355.39892
中古マンション等,不動産取引価格情報,13101,東京都,千代田区,東神田,馬喰町,2,70000000,２ＬＤＫ,65,2005年,ＳＲＣ,,住宅,商業,80.0,800.0,2023年第1四半期,改装済み,,千代田区,2023,1,2005.0,18.0,2.0,1076923.076923077,66680,903780,1355.39892
中古マンション等,不動産取引価格情報,13101,東京都,千代田区,東神田,馬喰町,3,24000000,１Ｋ,20,2003年,ＳＲＣ,住宅,住宅,商業,80.0,700.0,2023年第1四半期,未改装,,千代田区,2023,1,2003.0,20.0,3.0,1200000.0,66680,903780,1355.39892
中古マンション等,不動産取引価格情報,13101,東京都,千代田区,東神田,馬喰町,3,99000000,３ＬＤＫ,70,2018年,ＲＣ,住宅,住宅,商業,80.0,500.0,2023年第1四半期,未改装,,千代田区,2023,1,2018.0,5.0,3.0,1414285.7142857143,66680,903780,1355.39892
中古マンション等,不動産取引価格情報,13101,東京都,千代田区,東神田,馬喰町,3,24000000,,20,2004年,ＲＣ,住宅,住宅,商業,80.0,600.0,2022年第4四半期,未改装,,千代田区,2022,4,2004.0,18.0,3.0,1200000.0,66680,903780,1355.39892
中古マンション等,不動産取引価格情報,13101,東京都,千代田区,東神田,馬喰町,3,100000000,３ＬＤＫ,65,2018年,ＲＣ,住宅,住宅,商業,80.0,500.0,2022年第4四半期,未改装,,千代田区,2022,4,2018.0,4.0,3.0,1538461.5384615385,66680,903780,1355.39892
中古マンション等,不動産取引価格情報,13101,東京都,千代田区,東神田,馬喰町,3,17000000,,20,2003年,ＳＲＣ,住宅,住宅,商業,80.0,700.0,2022年第4四半期,未改装,,千代田区,2022,4,2003.0,19.0,3.0,850000.0,66680,903780,1355.39892
中古マンション等,不動産取引価格情報,13101,東京都,千代田区,東神田,馬喰町,2,69000000,２ＬＤＫ,50,2015年,ＲＣ,住宅,住宅,商業,80.0,600.0,2022年第3四半期,未改装,,千代田区,2022,3,2015.0,7.0,2.0,1380000.0,66680,903780,1355.39892
中古マンション等,不動産取引価格情報,13101,東京都,千代田区,東神田,馬喰町,3,25000000,１Ｋ,20,2004年,ＲＣ,住宅,住宅,商業,80.0,600.0,2022年第3四半期,未改装,,千代田区,2022,3,2004.0,18.0,3.0,1250000.0,66680,903780,1355.39892
中古マンション等,不動産取引価格情報,13101,東京都,千代田区,東神田,馬喰町,2,49000000,１ＬＤＫ,40,2015年,ＲＣ,住宅,住宅,商業,80.0,600.0,2022年第3四半期,未改装,,千代田区,2022,3,2015.0,7.0,2.0,1225000.0,66680,903780,1355.39892
中古マンション等,不動産取引価格情報,13101,東京都,千代田区,東神田,馬喰町,3,24000000,１Ｋ,20,2003年,ＳＲＣ,,その他,商業,80.0,700.0,2022年第2四半期,改装済み,,千代田区,2022,2,2003.0,19.0,3.0,1200000.0,66680,903780,1355.39892
中古マンション等,不動産取引価格情報,13101,東京都,千代田区,東神田,馬喰町,4,24000000,１Ｋ,20,2005年,ＲＣ,住宅,住宅,商業,80.0,700.0,2022年第2四半期,未改装,,千代田区,2022,2,2005.0,17.0,4.0,1200000.0,66680,903780,1355.39892
中古マンション等,不動産取引価格情報,13101,東京都,千代田区,東神田,馬喰町,3,55000000,２ＤＫ,40,2018年,ＲＣ,住宅,住宅,商業,80.0,500.0,2022年第2四半期,改装済み,,千代田区,2022,2,2018.0,4.0,3.0,1375000.0,66680,903780,1355.39892
中古マンション等,不動産取引価格情報,13101,東京都,千代田区,東神田,馬喰町,3,19000000,１Ｋ,20,2004年,ＲＣ,住宅,住宅,商業,80.0,600.0,2022年第2四半期,未改装,,千代田区,2022,2,2004.0,18.0,3.0,950000.0,66680,903780,1355.39892
中古マンション等,不動産取引価格情報,13101,東京都,千代田区,東神田,馬喰町,4,26000000,１Ｋ,20,2005年,ＲＣ,住宅,住宅,商業,80.0,600.0,2022年第2四半期,改装済み,,千代田区,2022,2,2005.0,17.0,4.0,1300000.0,66680,903780,1355.39892
中古マンション等,不動産取引価格情報,13101,東京都,千代田区,東神田,馬喰町,4,26000000,１Ｋ,20,2004年,ＳＲＣ,住宅,住宅,商業,80.0,500.0,2022年第2四半期,改装済み,,千代田区,2022,2,2004.0,18.0,4.0,1300000.0,66680,903780,1355.39892
中古マンション等,不動産取引価格情報,13101,東京都,千代田区,東神田,馬喰町,4,23000000,１Ｋ,20,2005年,ＲＣ,住宅,,商業,80.0,600.0,2022年第2四半期,未改装,,千代田区,2022,2,2005.0,17.0,4.0,1150000.0,66680,903780,1355.39892
中古マンション等,不動産取引価格情報,13101,東京都,千代田区,東神田,馬喰町,3,70000000,２ＬＤＫ,50,2014年,ＳＲＣ,住宅,住宅,商業,80.0,600.0,2022年第2四半期,未改装,,千代田区,2022,2,2014.0,8.0,3.0,1400000.0,66680,903780,1355.39892
中古マンション等,不動産取引価格情報,13101,東京都,千代田区,東神田,馬喰町,4,26000000,１Ｒ,20,2005年,ＲＣ,,その他,商業,80.0,600.0,2022年第2四半期,未改装,,千代田区,2022,2,2005.0,17.0,4.0,1300000.0,66680,903780,1355.39892
中古マンション等,不動産取引価格情報,13101,東京都,千代田区,東神田,馬喰町,3,19000000,１Ｋ,20,2004年,ＲＣ,,住宅,商業,80.0,600.0,2022年第2四半期,未改装,,千代田区,2022,2,2004.0,18.0,3.0,950000.0,66680,903780,1355.39892
中古マンション等,不動産取引価格情報,13101,東京都,千代田区,東神田,馬喰町,3,49000000,１ＬＤＫ,35,2012年,ＲＣ,住宅,住宅,商業,80.0,600.0,2022年第1四半期,未改装,,千代田区,2022,1,2012.0,10.0,3.0,1400000.0,66680,903780,1355.39892
中古マンション等,不動産取引価格情報,13101,東京都,千代田区,東神田,馬喰町,3,25000000,１Ｋ,20,2004年,ＲＣ,,住宅,商業,80.0,600.0,2022年第1四半期,未改装,,千代田区,2022,1,2004.0,18.0,3.0,1250000.0,66680,903780,1355.39892
中古マンション等,不動産取引価格情報,13101,東京都,千代田区,東神田,馬喰町,4,25000000,１Ｋ,20,2004年,ＳＲＣ,住宅,住宅,商業,80.0,500.0,2021年第4四半期,未改装,,千代田区,2021,4,2004.0,17.0,4.0,1250000.0,66680,903780,1355.39892
中古マンション等,不動産取引価格情報,13101,東京都,千代田区,東神田,馬喰町,4,25000000,１Ｋ,20,2004年,ＳＲＣ,住宅,住宅,商業,80.0,500.0,2021年第2四半期,未改装,,千代田区,2021,2,2004.0,17.0,4.0,1250000.0,66680,903780,1355.39892
中古マンション等,不動産取引価格情報,13101,東京都,千代田区,東神田,馬喰町,4,40000000,１ＬＤＫ,40,2015年,ＲＣ,,住宅,商業,80.0,600.0,2021年第2四半期,未改装,,千代田区,2021,2,2015.0,6.0,4.0,1000000.0,66680,903780,1355.39892
中古マンション等,不動産取引価格情報,13101,東京都,千代田区,東神田,馬喰町,2,64000000,２ＬＤＫ,65,2005年,ＳＲＣ,住宅,住宅,商業,80.0,800.0,2021年第2四半期,未改装,,千代田区,2021,2,2005.0,16.0,2.0,984615.3846153846,66680,903780,1355.39892
中古マンション等,不動産取引価格情報,13101,東京都,千代田区,東神田,馬喰町,2,68000000,２ＬＤＫ,50,2015年,ＲＣ,住宅,住宅,商業,80.0,600.0,2021年第2四半期,未改装,,千代田区,2021,2,2015.0,6.0,2.0,1360000.0,66680,903780,1355.39892
中古マンション等,不動産取引価格情報,13101,東京都,千代田区,東神田,馬喰町,2,63000000,２ＬＤＫ,50,2015年,ＲＣ,住宅,住宅,商業,80.0,600.0,2021年第1四半期,未改装,,千代田区,2021,1,2015.0,6.0,2.0,1260000.0,66680,903780,1355.39892
中古マンション等,不動産取引価格情報,13101,東京都,千代田区,東神田,馬喰町,2,59000000,,65,2005年,ＳＲＣ,住宅,,商業,80.0,700.0,2021年第1四半期,,,千代田区,2021,1,2005.0,16.0,2.0,907692.3076923077,66680,903780,1355.39892
中古マンション等,不動産取引価格情報,13101,東京都,千代田区,東神田,馬喰町,3,27000000,１Ｋ,20,2004年,ＲＣ,,その他,商業,80.0,600.0,2021年第1四半期,未改装,,千代田区,2021,1,2004.0,17.0,3.0,1350000.0,66680,903780,1355.39892
中古マンション等,不動産取引価格情報,13101,東京都,千代田区,東神田,馬喰町,4,19000000,１Ｋ,20,2004年,ＳＲＣ,住宅,住宅,商業,80.0,500.0,2021年第1四半期,未改装,,千代田区,2021,1,2004.0,17.0,4.0,950000.0,66680,903780,1355.39892
中古マンション等,不動産取引価格情報,13101,東京都,千代田区,東神田,馬喰町,2,75000000,２ＬＤＫ,55,2015年,ＲＣ,住宅,住宅,商業,80.0,600.0,2021年第1四半期,未改装,,千代田区,2021,1,2015.0,6.0,2.0,1363636.3636363635,66680,903780,1355.39892
中古マンション等,不動産取引価格情報,13101,東京都,千代田区,東神田,馬喰町,3,23000000,１Ｋ,20,2004年,ＲＣ,住宅,住宅,商業,80.0,600.0,2021年第1四半期,,,千代田区,2021,1,2004.0,17.0,3.0,1150000.0,66680,903780,1355.39892
中古マンション等,不動産取引価格情報,13101,東京都,千代田区,東神田,馬喰町,4,24000000,１Ｋ,20,2005年,ＲＣ,住宅,住宅,商業,80.0,600.0,2021年第1四半期,未改装,,千代田区,2021,1,2005.0,16.0,4.0,1200000.0,66680,903780,1355.39892
中古マンション等,不動産取引価格情報,13101,東京都,千代田区,東神田,馬喰町,4,48000000,１ＬＤＫ,40,2015年,ＲＣ,住宅,住宅,商業,80.0,600.0,2021年第1四半期,,,千代田区,2021,1,2015.0,6.0,4.0,1200000.0,66680,903780,1355.39892
中古マンション等,不動産取引価格情報,13101,東京都,千代田区,東神田,馬喰町,4,26000000,１Ｋ,20,2004年,ＳＲＣ,,その他,商業,80.0,500.0,2021年第1四半期,未改装,,千代田区,2021,1,2004.0,17.0,4.0,1300000.0,66680,903780,1355.39892
中古マンション等,不動産取引価格情報,13101,東京都,千代田区,東神田,馬喰町,2,29000000,１Ｋ,30,2005年,ＳＲＣ,,住宅,商業,80.0,800.0,2021年第1四半期,未改装,,千代田区,2021,1,2005.0,16.0,2.0,966666.6666666666,66680,903780,1355.39892
中古マンション等,不動産取引価格情報,13101,東京都,千代田区,東神田,馬喰町,3,16000000,１Ｋ,15,2003年,ＳＲＣ,,,商業,80.0,700.0,2021年第1四半期,,,千代田区,2021,1,2003.0,18.0,3.0,1066666.6666666667,66680,903780,1355.39892
中古マンション等,不動産取引価格情報,13101,東京都,千代田区,東神田,馬喰横山,4,38000000,１Ｋ,35,2003年,ＳＲＣ,住宅,住宅,商業,80.0,600.0,2023年第3四半期,改装済み,,千代田区,2023,3,2003.0,20.0,4.0,1085714.2857142857,66680,903780,1355.39892
中古マンション等,不動産取引価格情報,13101,東京都,千代田区,平河町,麹町,4,31000000,１ＤＫ,25,1979年,ＳＲＣ,住宅,住宅,２種住居,60.0,400.0,2025年第3四半期,改装済み,,千代田区,2025,3,1979.0,46.0,4.0,1240000.0,66680,903780,1355.39892
中古マンション等,不動産取引価格情報,13101,東京都,千代田区,平河町,麹町,4,26000000,１Ｋ,30,1979年,ＳＲＣ,住宅,事務所,２種住居,60.0,400.0,2025年第3四半期,未改装,,千代田区,2025,3,1979.0,46.0,4.0,866666.6666666666,66680,903780,1355.39892
中古マンション等,不動産取引価格情報,13101,東京都,千代田区,平河町,麹町,7,67000000,１ＤＫ,45,1979年,ＳＲＣ,住宅,住宅,２種住居,60.0,400.0,2025年第2四半期,改装済み,,千代田区,2025,2,1979.0,46.0,7.0,1488888.888888889,66680,903780,1355.39892
中古マンション等,不動産取引価格情報,13101,東京都,千代田区,平河町,麹町,7,24000000,１Ｋ,25,1979年,ＳＲＣ,住宅,住宅,２種住居,60.0,400.0,2025年第1四半期,未改装,,千代田区,2025,1,1979.0,46.0,7.0,960000.0,66680,903780,1355.39892
中古マンション等,不動産取引価格情報,13101,東京都,千代田区,平河町,麹町,7,100000000,２ＬＤＫ,70,1979年,ＳＲＣ,住宅、店舗,住宅,２種住居,60.0,400.0,2024年第1四半期,改装済み,,千代田区,2024,1,1979.0,45.0,7.0,1428571.4285714286,66680,903780,1355.39892
中古マンション等,不動産取引価格情報,13101,東京都,千代田区,平河町,麹町,7,38000000,１ＬＤＫ,45,1979年,ＳＲＣ,住宅,住宅,２種住居,60.0,400.0,2024年第1四半期,未改装,,千代田区,2024,1,1979.0,45.0,7.0,844444.4444444445,66680,903780,1355.39892
中古マンション等,不動産取引価格情報,13101,東京都,千代田区,平河町,麹町,5,69000000,２ＬＤＫ,70,1971年,ＲＣ,住宅,住宅,２種住居,60.0,400.0,2023年第3四半期,未改装,,千代田区,2023,3,1971.0,52.0,5.0,985714.2857142857,66680,903780,1355.39892
中古マンション等,不動産取引価格情報,13101,東京都,千代田区,平河町,麹町,7,75000000,１ＬＤＫ＋Ｓ,70,1979年,ＳＲＣ,,住宅,２種住居,60.0,400.0,2022年第1四半期,未改装,,千代田区,2022,1,1979.0,43.0,7.0,1071428.5714285714,66680,903780,1355.39892
中古マンション等,不動産取引価格情報,13101,東京都,千代田区,平河町,麹町,7,19000000,１Ｋ,25,1979年,ＳＲＣ,住宅,住宅,２種住居,60.0,400.0,2021年第4四半期,未改装,,千代田区,2021,4,1979.0,42.0,7.0,760000.0,66680,903780,1355.39892
中古マンション等,不動産取引価格情報,13101,東京都,千代田区,平河町,麹町,7,120000000,２ＬＤＫ,85,1979年,ＳＲＣ,,住宅,２種住居,60.0,400.0,2021年第4四半期,改装済み,,千代田区,2021,4,1979.0,42.0,7.0,1411764.705882353,66680,903780,1355.39892
中古マンション等,不動産取引価格情報,13101,東京都,千代田区,平河町,麹町,4,110000000,２ＤＫ,95,1979年,ＳＲＣ,,住宅,２種住居,60.0,400.0,2021年第3四半期,改装済み,,千代田区,2021,3,1979.0,42.0,4.0,1157894.7368421052,66680,903780,1355.39892
中古マンション等,不動産取引価格情報,13101,東京都,千代田区,平河町,永田町,3,150000000,２ＬＤＫ,65,2014年,ＲＣ,,住宅,２種住居,60.0,400.0,2024年第1四半期,未改装,,千代田区,2024,1,2014.0,10.0,3.0,2307692.3076923075,66680,903780,1355.39892
中古マンション等,不動産取引価格情報,13101,東京都,千代田区,平河町,永田町,3,130000000,２ＬＤＫ,65,2014年,ＲＣ,住宅,住宅,２種住居,60.0,400.0,2022年第4四半期,未改装,,千代田区,2022,4,2014.0,8.0,3.0,2000000.0,66680,903780,1355.39892
中古マンション等,不動産取引価格情報,13101,東京都,千代田区,平河町,永田町,3,170000000,３ＬＤＫ,80,2014年,ＲＣ,住宅,住宅,２種住居,60.0,400.0,2022年第4四半期,未改装,,千代田区,2022,4,2014.0,8.0,3.0,2125000.0,66680,903780,1355.39892
中古マンション等,不動産取引価格情報,13101,東京都,千代田区,平河町,永田町,1,240000000,１ＬＤＫ,80,2009年,ＳＲＣ,,住宅,２種住居,60.0,400.0,2022年第3四半期,未改装,,千代田区,2022,3,2009.0,13.0,1.0,3000000.0,66680,903780,1355.39892
中古マンション等,不動産取引価格情報,13101,東京都,千代田区,平河町,永田町,1,170000000,１ＬＤＫ,80,2009年,ＳＲＣ,住宅,,２種住居,60.0,400.0,2022年第1四半期,未改装,,千代田区,2022,1,2009.0,13.0,1.0,2125000.0,66680,903780,1355.39892
中古マンション等,不動産取引価格情報,13101,東京都,千代田区,平河町,半蔵門,3,56000000,１Ｋ,50,1999年,ＲＣ,事務所,その他,商業,80.0,500.0,2025年第2四半期,未改装,,千代田区,2025,2,1999.0,26.0,3.0,1120000.0,66680,903780,1355.39892
中古マンション等,不動産取引価格情報,13101,東京都,千代田区,平河町,半蔵門,1,25000000,１Ｒ,25,1984年,ＳＲＣ,住宅,住宅,商業,80.0,600.0,2025年第1四半期,未改装,,千代田区,2025,1,1984.0,41.0,1.0,1000000.0,66680,903780,1355.39892
中古マンション等,不動産取引価格情報,13101,東京都,千代田区,平河町,半蔵門,3,130000000,２ＬＤＫ,85,1999年,ＲＣ,住宅,住宅,商業,80.0,500.0,2023年第4四半期,改装済み,,千代田区,2023,4,1999.0,24.0,3.0,1529411.7647058824,66680,903780,1355.39892
中古マンション等,不動産取引価格情報,13101,東京都,千代田区,平河町,半蔵門,2,42000000,２ＤＫ,50,1981年,ＳＲＣ,住宅,住宅,商業,80.0,600.0,2023年第3四半期,未改装,,千代田区,2023,3,1981.0,42.0,2.0,840000.0,66680,903780,1355.39892
中古マンション等,不動産取引価格情報,13101,東京都,千代田区,平河町,半蔵門,3,290000000,２ＬＤＫ,110,2018年,ＲＣ,,,商業,80.0,600.0,2023年第1四半期,未改装,,千代田区,2023,1,2018.0,5.0,3.0,2636363.6363636362,66680,903780,1355.39892
中古マンション等,不動産取引価格情報,13101,東京都,千代田区,平河町,半蔵門,4,9200000,１Ｒ,25,1979年,ＳＲＣ,,その他,２種住居,60.0,400.0,2022年第4四半期,,,千代田区,2022,4,1979.0,43.0,4.0,368000.0,66680,903780,1355.39892
中古マンション等,不動産取引価格情報,13101,東京都,千代田区,平河町,半蔵門,3,61000000,１ＬＤＫ,30,2020年,ＲＣ,住宅,住宅,商業,80.0,600.0,2022年第4四半期,未改装,,千代田区,2022,4,2020.0,2.0,3.0,2033333.3333333333,66680,903780,1355.39892
中古マンション等,不動産取引価格情報,13101,東京都,千代田区,平河町,半蔵門,3,63000000,オープンフロア,40,1999年,ＲＣ,事務所,店舗,商業,80.0,500.0,2022年第4四半期,,,千代田区,2022,4,1999.0,23.0,3.0,1575000.0,66680,903780,1355.39892
中古マンション等,不動産取引価格情報,13101,東京都,千代田区,平河町,半蔵門,3,63000000,１ＬＤＫ,30,2020年,ＲＣ,,住宅,商業,80.0,600.0,2022年第2四半期,未改装,,千代田区,2022,2,2020.0,2.0,3.0,2100000.0,66680,903780,1355.39892
中古マンション等,不動産取引価格情報,13101,東京都,千代田区,平河町,半蔵門,2,16000000,オープンフロア,35,1982年,ＳＲＣ,,店舗,商業,80.0,600.0,2022年第2四半期,未改装,,千代田区,2022,2,1982.0,40.0,2.0,457142.85714285716,66680,903780,1355.39892
中古マンション等,不動産取引価格情報,13101,東京都,千代田区,平河町,半蔵門,3,70000000,１ＬＤＫ,35,2018年,ＲＣ,,住宅,商業,80.0,600.0,2022年第2四半期,未改装,,千代田区,2022,2,2018.0,4.0,3.0,2000000.0,66680,903780,1355.39892
中古マンション等,不動産取引価格情報,13101,東京都,千代田区,平河町,半蔵門,3,15000000,１Ｋ,15,1982年,ＳＲＣ,,その他,商業,80.0,600.0,2022年第1四半期,未改装,,千代田区,2022,1,1982.0,40.0,3.0,1000000.0,66680,903780,1355.39892
中古マンション等,不動産取引価格情報,13101,東京都,千代田区,富士見,飯田橋,3,430000000,２ＬＤＫ,75,2014年,ＲＣ,住宅,住宅,商業,80.0,600.0,2025年第3四半期,改装済み,,千代田区,2025,3,2014.0,11.0,3.0,5733333.333333333,66680,903780,1355.39892
中古マンション等,不動産取引価格情報,13101,東京都,千代田区,富士見,飯田橋,5,230000000,３ＬＤＫ,70,2014年,ＲＣ,住宅,住宅,１種住居,60.0,400.0,2025年第1四半期,未改装,,千代田区,2025,1,2014.0,11.0,5.0,3285714.285714286,66680,903780,1355.39892
中古マンション等,不動産取引価格情報,13101,東京都,千代田区,富士見,飯田橋,3,230000000,２ＬＤＫ,55,2014年,ＲＣ,住宅,住宅,商業,80.0,600.0,2025年第1四半期,未改装,,千代田区,2025,1,2014.0,11.0,3.0,4181818.1818181816,66680,903780,1355.39892
中古マンション等,不動産取引価格情報,13101,東京都,千代田区,富士見,飯田橋,5,220000000,２ＤＫ,65,2014年,ＲＣ,住宅,住宅,１種住居,60.0,400.0,2024年第4四半期,改装済み,,千代田区,2024,4,2014.0,10.0,5.0,3384615.3846153845,66680,903780,1355.39892
中古マンション等,不動産取引価格情報,13101,東京都,千代田区,富士見,飯田橋,4,250000000,３ＬＤＫ,75,,,,住宅,,,,2024年第4四半期,改装済み,,千代田区,2024,4,,,4.0,3333333.3333333335,66680,903780,1355.39892
中古マンション等,不動産取引価格情報,13101,東京都,千代田区,富士見,飯田橋,3,110000000,１ＬＤＫ,45,2008年,ＲＣ,住宅,住宅,１種住居,60.0,400.0,2024年第3四半期,改装済み,,千代田区,2024,3,2008.0,16.0,3.0,2444444.4444444445,66680,903780,1355.39892
中古マンション等,不動産取引価格情報,13101,東京都,千代田区,富士見,飯田橋,5,210000000,３ＬＤＫ,70,2014年,ＲＣ,住宅,住宅,１種住居,60.0,400.0,2024年第3四半期,未改装,,千代田区,2024,3,2014.0,10.0,5.0,3000000.0,66680,903780,1355.39892
中古マンション等,不動産取引価格情報,13101,東京都,千代田区,富士見,飯田橋,3,320000000,３ＬＤＫ,75,2014年,ＲＣ,,住宅,商業,80.0,600.0,2023年第3四半期,改装済み,,千代田区,2023,3,2014.0,9.0,3.0,4266666.666666667,66680,903780,1355.39892
中古マンション等,不動産取引価格情報,13101,東京都,千代田区,富士見,飯田橋,3,260000000,３ＬＤＫ,70,2014年,ＲＣ,住宅,住宅,商業,80.0,600.0,2022年第4四半期,未改装,,千代田区,2022,4,2014.0,8.0,3.0,3714285.714285714,66680,903780,1355.39892
中古マンション等,不動産取引価格情報,13101,東京都,千代田区,富士見,飯田橋,5,160000000,３ＬＤＫ,70,2014年,ＲＣ,住宅,住宅,１種住居,60.0,400.0,2022年第4四半期,未改装,,千代田区,2022,4,2014.0,8.0,5.0,2285714.285714286,66680,903780,1355.39892
中古マンション等,不動産取引価格情報,13101,東京都,千代田区,富士見,飯田橋,3,100000000,２ＬＤＫ,50,2013年,ＲＣ,,住宅,２種住居,60.0,400.0,2022年第3四半期,改装済み,,千代田区,2022,3,2013.0,9.0,3.0,2000000.0,66680,903780,1355.39892
中古マンション等,不動産取引価格情報,13101,東京都,千代田区,富士見,飯田橋,3,210000000,３ＬＤＫ,70,2014年,ＲＣ,住宅,住宅,商業,80.0,600.0,2022年第3四半期,未改装,,千代田区,2022,3,2014.0,8.0,3.0,3000000.0,66680,903780,1355.39892
中古マンション等,不動産取引価格情報,13101,東京都,千代田区,富士見,飯田橋,5,160000000,２ＬＤＫ,70,2014年,ＲＣ,,住宅,１種住居,60.0,400.0,2022年第3四半期,未改装,,千代田区,2022,3,2014.0,8.0,5.0,2285714.285714286,66680,903780,1355.39892
中古マンション等,不動産取引価格情報,13101,東京都,千代田区,富士見,飯田橋,3,360000000,,120,2014年,ＲＣ,,住宅,商業,80.0,600.0,2022年第2四半期,,,千代田区,2022,2,2014.0,8.0,3.0,3000000.0,66680,903780,1355.39892
中古マンション等,不動産取引価格情報,13101,東京都,千代田区,富士見,飯田橋,5,180000000,３ＬＤＫ,70,2014年,ＲＣ,住宅,住宅,１種住居,60.0,400.0,2022年第2四半期,未改装,,千代田区,2022,2,2014.0,8.0,5.0,2571428.5714285714,66680,903780,1355.39892
中古マンション等,不動産取引価格情報,13101,東京都,千代田区,富士見,飯田橋,2,92000000,３ＬＤＫ,65,2003年,ＳＲＣ,住宅,住宅,２種住居,60.0,400.0,2021年第4四半期,未改装,,千代田区,2021,4,2003.0,18.0,2.0,1415384.6153846155,66680,903780,1355.39892
中古マンション等,不動産取引価格情報,13101,東京都,千代田区,富士見,飯田橋,5,160000000,３ＬＤＫ,80,2014年,ＲＣ,住宅,住宅,１種住居,60.0,400.0,2021年第4四半期,未改装,,千代田区,2021,4,2014.0,7.0,5.0,2000000.0,66680,903780,1355.39892
中古マンション等,不動産取引価格情報,13101,東京都,千代田区,富士見,飯田橋,5,200000000,１ＬＤＫ,95,2014年,ＲＣ,住宅,住宅,１種住居,60.0,400.0,2021年第3四半期,未改装,,千代田区,2021,3,2014.0,7.0,5.0,2105263.1578947366,66680,903780,1355.39892
中古マンション等,不動産取引価格情報,13101,東京都,千代田区,富士見,飯田橋,5,140000000,３ＬＤＫ,70,2014年,ＲＣ,住宅,住宅,１種住居,60.0,400.0,2021年第3四半期,未改装,,千代田区,2021,3,2014.0,7.0,5.0,2000000.0,66680,903780,1355.39892
中古マンション等,不動産取引価格情報,13101,東京都,千代田区,富士見,飯田橋,3,88000000,２ＤＫ,40,2014年,ＲＣ,住宅,住宅,商業,80.0,600.0,2021年第2四半期,未改装,,千代田区,2021,2,2014.0,7.0,3.0,2200000.0,66680,903780,1355.39892
中古マンション等,不動産取引価格情報,13101,東京都,千代田区,富士見,飯田橋,3,210000000,２ＬＤＫ,75,2014年,ＲＣ,住宅,住宅,商業,80.0,600.0,2021年第2四半期,未改装,,千代田区,2021,2,2014.0,7.0,3.0,2800000.0,66680,903780,1355.39892
中古マンション等,不動産取引価格情報,13101,東京都,千代田区,富士見,飯田橋,3,230000000,３ＬＤＫ,70,2014年,ＲＣ,住宅,住宅,商業,80.0,600.0,2021年第2四半期,未改装,,千代田区,2021,2,2014.0,7.0,3.0,3285714.285714286,66680,903780,1355.39892
中古マンション等,不動産取引価格情報,13101,東京都,千代田区,富士見,飯田橋,3,140000000,２ＬＤＫ,55,2014年,ＲＣ,住宅,住宅,商業,80.0,600.0,2021年第1四半期,未改装,,千代田区,2021,1,2014.0,7.0,3.0,2545454.5454545454,66680,903780,1355.39892
中古マンション等,不動産取引価格情報,13101,東京都,千代田区,富士見,飯田橋,5,150000000,３ＬＤＫ,75,2014年,ＲＣ,住宅,住宅,１種住居,60.0,400.0,2021年第1四半期,未改装,,千代田区,2021,1,2014.0,7.0,5.0,2000000.0,66680,903780,1355.39892
中古マンション等,不動産取引価格情報,13101,東京都,千代田区,富士見,飯田橋,5,86000000,２ＬＤＫ,55,1996年,ＲＣ,住宅,,１種住居,60.0,400.0,2021年第1四半期,改装済み,,千代田区,2021,1,1996.0,25.0,5.0,1563636.3636363635,66680,903780,1355.39892
中古マンション等,不動産取引価格情報,13101,東京都,千代田区,富士見,飯田橋,3,160000000,３ＬＤＫ,70,2014年,ＲＣ,住宅,住宅,１種住居,60.0,400.0,2021年第1四半期,改装済み,,千代田区,2021,1,2014.0,7.0,3.0,2285714.285714286,66680,903780,1355.39892
中古マンション等,不動産取引価格情報,13101,東京都,千代田区,富士見,飯田橋,3,170000000,１ＬＤＫ,65,2014年,ＲＣ,住宅,その他,商業,80.0,600.0,2021年第1四半期,,,千代田区,2021,1,2014.0,7.0,3.0,2615384.6153846155,66680,903780,1355.39892
中古マンション等,不動産取引価格情報,13101,東京都,千代田区,四番町,市ケ谷,3,1400000000,４ＬＤＫ,260,2007年,ＲＣ,住宅,住宅,１種住居,60.0,400.0,2025年第3四半期,未改装,,千代田区,2025,3,2007.0,18.0,3.0,5384615.384615385,66680,903780,1355.39892
中古マンション等,不動産取引価格情報,13101,東京都,千代田区,四番町,市ケ谷,3,720000000,３ＬＤＫ,145,2007年,ＲＣ,住宅,住宅,１種住居,60.0,400.0,2025年第2四半期,未改装,,千代田区,2025,2,2007.0,18.0,3.0,4965517.24137931,66680,903780,1355.39892
中古マンション等,不動産取引価格情報,13101,東京都,千代田区,四番町,市ケ谷,4,580000000,２ＬＤＫ,120,2003年,ＲＣ,住宅,住宅,１種住居,60.0,400.0,2025年第1四半期,改装済み,,千代田区,2025,1,2003.0,22.0,4.0,4833333.333333333,66680,903780,1355.39892
中古マンション等,不動産取引価格情報,13101,東京都,千代田区,四番町,市ケ谷,5,220000000,２ＬＤＫ,60,2014年,ＲＣ,住宅,住宅,１種住居,60.0,400.0,2025年第1四半期,,,千代田区,2025,1,2014.0,11.0,5.0,3666666.6666666665,66680,903780,1355.39892
中古マンション等,不動産取引価格情報,13101,東京都,千代田区,四番町,市ケ谷,2,230000000,１ＬＤＫ,65,,,,住宅,,,,2024年第4四半期,未改装,,千代田区,2024,4,,,2.0,3538461.5384615385,66680,903780,1355.39892
中古マンション等,不動産取引価格情報,13101,東京都,千代田区,四番町,市ケ谷,2,190000000,３ＬＤＫ,85,2013年,ＲＣ,住宅,住宅,１種住居,80.0,500.0,2024年第1四半期,未改装,,千代田区,2024,1,2013.0,11.0,2.0,2235294.117647059,66680,903780,1355.39892
中古マンション等,不動産取引価格情報,13101,東京都,千代田区,四番町,市ケ谷,4,300000000,３ＬＤＫ,90,2003年,ＲＣ,住宅,住宅,１種住居,60.0,400.0,2024年第1四半期,改装済み,,千代田区,2024,1,2003.0,21.0,4.0,3333333.3333333335,66680,903780,1355.39892
中古マンション等,不動産取引価格情報,13101,東京都,千代田区,四番町,市ケ谷,5,110000000,,35,2022年,ＲＣ,,その他,１種住居,60.0,400.0,2023年第3四半期,,,千代田区,2023,3,2022.0,1.0,5.0,3142857.1428571427,66680,903780,1355.39892
中古マンション等,不動産取引価格情報,13101,東京都,千代田区,四番町,市ケ谷,3,150000000,２ＬＤＫ,65,2018年,ＲＣ,住宅,住宅,１種住居,80.0,500.0,2023年第2四半期,未改装,,千代田区,2023,2,2018.0,5.0,3.0,2307692.3076923075,66680,903780,1355.39892
中古マンション等,不動産取引価格情報,13101,東京都,千代田区,四番町,市ケ谷,2,240000000,２ＬＤＫ,115,2003年,ＲＣ,,住宅,１種住居,60.0,400.0,2023年第1四半期,,,千代田区,2023,1,2003.0,20.0,2.0,2086956.5217391304,66680,903780,1355.39892
中古マンション等,不動産取引価格情報,13101,東京都,千代田区,四番町,市ケ谷,4,220000000,３ＬＤＫ,90,,ＲＣ,,住宅,１種住居,60.0,400.0,2022年第3四半期,未改装,,千代田区,2022,3,,,4.0,2444444.4444444445,66680,903780,1355.39892
中古マンション等,不動産取引価格情報,13101,東京都,千代田区,四番町,市ケ谷,2,80000000,１ＤＫ,40,,ＲＣ,住宅,住宅,１種住居,80.0,500.0,2021年第4四半期,未改装,,千代田区,2021,4,,,2.0,2000000.0,66680,903780,1355.39892
中古マンション等,不動産取引価格情報,13101,東京都,千代田区,四番町,市ケ谷,2,75000000,１ＬＤＫ,40,,ＲＣ,,その他,１種住居,80.0,500.0,2021年第4四半期,,,千代田区,2021,4,,,2.0,1875000.0,66680,903780,1355.39892
中古マンション等,不動産取引価格情報,13101,東京都,千代田区,四番町,市ケ谷,2,95000000,２ＤＫ,50,,ＲＣ,住宅,住宅,１種住居,80.0,500.0,2021年第2四半期,未改装,,千代田区,2021,2,,,2.0,1900000.0,66680,903780,1355.39892
中古マンション等,不動産取引価格情報,13101,東京都,千代田区,四番町,麹町,3,170000000,２ＬＤＫ,60,2005年,ＳＲＣ,住宅,住宅,２種住居,60.0,400.0,2024年第2四半期,改装済み,,千代田区,2024,2,2005.0,19.0,3.0,2833333.3333333335,66680,903780,1355.39892
中古マンション等,不動産取引価格情報,13101,東京都,千代田区,四番町,麹町,5,190000000,２ＬＤＫ,80,2001年,ＲＣ,住宅,住宅,２種住居,60.0,400.0,2024年第1四半期,未改装,,千代田区,2024,1,2001.0,23.0,5.0,2375000.0,66680,903780,1355.39892
中古マンション等,不動産取引価格情報,13101,東京都,千代田区,四番町,麹町,3,370000000,３ＬＤＫ,135,2005年,ＳＲＣ,住宅,住宅,２種住居,60.0,400.0,2022年第1四半期,未改装,,千代田区,2022,1,2005.0,17.0,3.0,2740740.7407407407,66680,903780,1355.39892
中古マンション等,不動産取引価格情報,13101,東京都,千代田区,六番町,市ケ谷,5,300000000,２ＬＤＫ,75,2019年,ＲＣ,住宅,住宅,１種住居,60.0,400.0,2025年第1四半期,未改装,,千代田区,2025,1,2019.0,6.0,5.0,4000000.0,66680,903780,1355.39892
中古マンション等,不動産取引価格情報,13101,東京都,千代田区,六番町,麹町,2,280000000,３ＬＤＫ,100,1999年,ＲＣ,住宅,住宅,１種住居,60.0,400.0,2024年第4四半期,未改装,,千代田区,2024,4,1999.0,25.0,2.0,2800000.0,66680,903780,1355.39892
中古マンション等,不動産取引価格情報,13101,東京都,千代田区,六番町,麹町,2,180000000,３ＬＤＫ,90,1999年,ＲＣ,住宅,住宅,１種住居,60.0,400.0,2023年第2四半期,未改装,,千代田区,2023,2,1999.0,24.0,2.0,2000000.0,66680,903780,1355.39892
中古マンション等,不動産取引価格情報,13101,東京都,千代田区,六番町,麹町,2,150000000,３ＬＤＫ,90,1999年,ＲＣ,,住宅,１種住居,60.0,400.0,2023年第1四半期,未改装,,千代田区,2023,1,1999.0,24.0,2.0,1666666.6666666667,66680,903780,1355.39892
中古マンション等,不動産取引価格情報,13101,東京都,千代田区,六番町,麹町,2,130000000,,70,1999年,ＲＣ,,,１種住居,60.0,400.0,2022年第2四半期,,,千代田区,2022,2,1999.0,23.0,2.0,1857142.857142857,66680,903780,1355.39892
中古マンション等,不動産取引価格情報,13101,東京都,千代田区,六番町,麹町,6,150000000,２ＬＤＫ,80,2000年,ＳＲＣ,住宅,住宅,１種住居,60.0,400.0,2022年第2四半期,未改装,,千代田区,2022,2,2000.0,22.0,6.0,1875000.0,66680,903780,1355.39892
中古マンション等,不動産取引価格情報,13101,東京都,千代田区,六番町,麹町,2,79000000,１ＬＤＫ,60,1999年,ＲＣ,住宅,住宅,１種住居,60.0,400.0,2021年第4四半期,未改装,,千代田区,2021,4,1999.0,22.0,2.0,1316666.6666666667,66680,903780,1355.39892
中古マンション等,不動産取引価格情報,13101,東京都,千代田区,六番町,四ツ谷,4,190000000,２ＬＤＫ,60,,,,住宅,,,,2025年第1四半期,未改装,,千代田区,2025,1,,,4.0,3166666.6666666665,66680,903780,1355.39892
中古マンション等,不動産取引価格情報,13101,東京都,千代田区,六番町,四ツ谷,5,150000000,１ＬＤＫ,55,2017年,ＲＣ,住宅,住宅,商業,80.0,400.0,2024年第4四半期,未改装,,千代田区,2024,4,2017.0,7.0,5.0,2727272.727272727,66680,903780,1355.39892
中古マンション等,不動産取引価格情報,13101,東京都,千代田区,六番町,四ツ谷,4,130000000,１ＬＤＫ,55,2008年,ＲＣ,住宅,住宅,１種住居,60.0,400.0,2024年第3四半期,改装済み,,千代田区,2024,3,2008.0,16.0,4.0,2363636.3636363638,66680,903780,1355.39892
中古マンション等,不動産取引価格情報,13101,東京都,千代田区,六番町,四ツ谷,4,85000000,１ＬＤＫ,50,1978年,ＳＲＣ,,住宅,２種住居,60.0,400.0,2024年第3四半期,改装済み,,千代田区,2024,3,1978.0,46.0,4.0,1700000.0,66680,903780,1355.39892
中古マンション等,不動産取引価格情報,13101,東京都,千代田区,六番町,四ツ谷,4,100000000,１ＬＤＫ,75,1978年,ＳＲＣ,住宅,住宅,２種住居,60.0,400.0,2024年第3四半期,未改装,,千代田区,2024,3,1978.0,46.0,4.0,1333333.3333333333,66680,903780,1355.39892
中古マンション等,不動産取引価格情報,13101,東京都,千代田区,六番町,四ツ谷,5,380000000,２ＬＤＫ,110,2017年,ＲＣ,住宅,その他,商業,80.0,400.0,2024年第1四半期,未改装,,千代田区,2024,1,2017.0,7.0,5.0,3454545.4545454546,66680,903780,1355.39892
中古マンション等,不動産取引価格情報,13101,東京都,千代田区,六番町,四ツ谷,5,250000000,２ＬＤＫ,85,2017年,ＲＣ,住宅,住宅,商業,80.0,400.0,2024年第1四半期,未改装,,千代田区,2024,1,2017.0,7.0,5.0,2941176.470588235,66680,903780,1355.39892
中古マンション等,不動産取引価格情報,13101,東京都,千代田区,六番町,四ツ谷,5,57000000,１Ｋ,45,1984年,ＳＲＣ,住宅,事務所,商業,80.0,400.0,2023年第4四半期,未改装,,千代田区,2023,4,1984.0,39.0,5.0,1266666.6666666667,66680,903780,1355.39892
中古マンション等,不動産取引価格情報,13101,東京都,千代田区,六番町,四ツ谷,3,260000000,３ＬＤＫ,100,2001年,ＳＲＣ,住宅,住宅,１種住居,60.0,400.0,2023年第3四半期,改装済み,,千代田区,2023,3,2001.0,22.0,3.0,2600000.0,66680,903780,1355.39892
中古マンション等,不動産取引価格情報,13101,東京都,千代田区,六番町,四ツ谷,4,160000000,３ＬＤＫ,100,1978年,ＳＲＣ,住宅,住宅,２種住居,60.0,400.0,2023年第1四半期,改装済み,,千代田区,2023,1,1978.0,45.0,4.0,1600000.0,66680,903780,1355.39892
中古マンション等,不動産取引価格情報,13101,東京都,千代田区,六番町,四ツ谷,4,84000000,１ＬＤＫ,50,1978年,ＳＲＣ,住宅,その他,２種住居,60.0,400.0,2022年第4四半期,未改装,調停・競売等,千代田区,2022,4,1978.0,44.0,4.0,1680000.0,66680,903780,1355.39892
中古マンション等,不動産取引価格情報,13101,東京都,千代田区,六番町,四ツ谷,4,120000000,２ＬＤＫ,60,2008年,ＲＣ,住宅,住宅,１種住居,60.0,400.0,2022年第2四半期,未改装,,千代田区,2022,2,2008.0,14.0,4.0,2000000.0,66680,903780,1355.39892
中古マンション等,不動産取引価格情報,13101,東京都,千代田区,六番町,四ツ谷,4,100000000,２ＬＤＫ,65,1978年,ＳＲＣ,住宅,住宅,２種住居,60.0,400.0,2022年第2四半期,未改装,,千代田区,2022,2,1978.0,44.0,4.0,1538461.5384615385,66680,903780,1355.39892
中古マンション等,不動産取引価格情報,13101,東京都,千代田区,六番町,四ツ谷,4,120000000,２ＬＤＫ,70,1978年,ＳＲＣ,住宅,住宅,２種住居,60.0,400.0,2021年第4四半期,改装済み,,千代田区,2021,4,1978.0,43.0,4.0,1714285.7142857143,66680,903780,1355.39892
中古マンション等,不動産取引価格情報,13101,東京都,千代田区,六番町,四ツ谷,5,110000000,１ＤＫ,50,2017年,ＲＣ,住宅,住宅,商業,80.0,400.0,2021年第4四半期,改装済み,,千代田区,2021,4,2017.0,4.0,5.0,2200000.0,66680,903780,1355.39892
中古マンション等,不動産取引価格情報,13101,東京都,千代田区,六番町,四ツ谷,5,83000000,２ＬＤＫ,55,1984年,ＳＲＣ,住宅,事務所,商業,80.0,400.0,2021年第2四半期,未改装,,千代田区,2021,2,1984.0,37.0,5.0,1509090.9090909092,66680,903780,1355.39892
中古マンション等,不動産取引価格情報,13101,東京都,千代田区,六番町,四ツ谷,4,25000000,３ＬＤＫ,105,1978年,ＳＲＣ,,事務所,２種住居,60.0,400.0,2021年第2四半期,改装済み,,千代田区,2021,2,1978.0,43.0,4.0,238095.2380952381,66680,903780,1355.39892
中古マンション等,不動産取引価格情報,13105,東京都,文京区,大塚,護国寺,4,18000000,１Ｋ,20,1998年,ＳＲＣ,,事務所,商業,80.0,500.0,2025年第3四半期,,,文京区,2025,3,1998.0,27.0,4.0,900000.0,240069,353648,147.31098
中古マンション等,不動産取引価格情報,13105,東京都,文京区,大塚,護国寺,5,22000000,１Ｋ,15,2001年,ＳＲＣ,住宅,住宅,商業,80.0,400.0,2025年第2四半期,,,文京区,2025,2,2001.0,24.0,5.0,1466666.6666666667,240069,353648,147.31098
中古マンション等,不動産取引価格情報,13105,東京都,文京区,大塚,護国寺,3,23000000,１Ｋ,20,2000年,ＲＣ,住宅,住宅,商業,80.0,400.0,2025年第2四半期,未改装,,文京区,2025,2,2000.0,25.0,3.0,1150000.0,240069,353648,147.31098
中古マンション等,不動産取引価格情報,13105,東京都,文京区,大塚,護国寺,3,25000000,１Ｋ,20,2000年,ＲＣ,,住宅,商業,80.0,400.0,2025年第1四半期,,,文京区,2025,1,2000.0,25.0,3.0,1250000.0,240069,353648,147.31098
中古マンション等,不動産取引価格情報,13105,東京都,文京区,大塚,護国寺,4,21000000,１Ｋ,20,1998年,ＳＲＣ,住宅,住宅,商業,80.0,500.0,2025年第1四半期,未改装,,文京区,2025,1,1998.0,27.0,4.0,1050000.0,240069,353648,147.31098
中古マンション等,不動産取引価格情報,13105,東京都,文京区,大塚,護国寺,4,53000000,１ＤＫ,40,2018年,ＲＣ,住宅,住宅,商業,80.0,500.0,2025年第1四半期,未改装,,文京区,2025,1,2018.0,7.0,4.0,1325000.0,240069,353648,147.31098
中古マンション等,不動産取引価格情報,13105,東京都,文京区,大塚,護国寺,4,20000000,１Ｋ,20,1998年,ＳＲＣ,,住宅,商業,80.0,500.0,2024年第4四半期,,,文京区,2024,4,1998.0,26.0,4.0,1000000.0,240069,353648,147.31098
中古マンション等,不動産取引価格情報,13105,東京都,文京区,大塚,護国寺,3,24000000,１Ｋ,20,2000年,ＲＣ,住宅,その他,商業,80.0,400.0,2024年第4四半期,,,文京区,2024,4,2000.0,24.0,3.0,1200000.0,240069,353648,147.31098
中古マンション等,不動産取引価格情報,13105,東京都,文京区,大塚,護国寺,4,20000000,１Ｋ,20,1998年,ＳＲＣ,,住宅,商業,80.0,500.0,2024年第4四半期,未改装,,文京区,2024,4,1998.0,26.0,4.0,1000000.0,240069,353648,147.31098
中古マンション等,不動産取引価格情報,13105,東京都,文京区,大塚,護国寺,4,110000000,３ＬＤＫ,70,2008年,ＲＣ,住宅,住宅,商業,80.0,400.0,2024年第4四半期,未改装,,文京区,2024,4,2008.0,16.0,4.0,1571428.5714285714,240069,353648,147.31098
中古マンション等,不動産取引価格情報,13105,東京都,文京区,大塚,護国寺,3,78000000,３ＬＤＫ,80,1970年,ＳＲＣ,住宅,住宅,１中住専,60.0,300.0,2024年第3四半期,改装済み,,文京区,2024,3,1970.0,54.0,3.0,975000.0,240069,353648,147.31098
中古マンション等,不動産取引価格情報,13105,東京都,文京区,大塚,護国寺,2,24000000,１ＤＫ,25,1979年,ＲＣ,,住宅,１中住専,60.0,300.0,2024年第3四半期,改装済み,,文京区,2024,3,1979.0,45.0,2.0,960000.0,240069,353648,147.31098
中古マンション等,不動産取引価格情報,13105,東京都,文京区,大塚,護国寺,4,22000000,１Ｋ,20,1998年,ＳＲＣ,,住宅,商業,80.0,500.0,2024年第3四半期,未改装,,文京区,2024,3,1998.0,26.0,4.0,1100000.0,240069,353648,147.31098
中古マンション等,不動産取引価格情報,13105,東京都,文京区,大塚,護国寺,4,91000000,２ＬＤＫ,55,2008年,ＲＣ,,住宅,商業,80.0,400.0,2024年第3四半期,改装済み,,文京区,2024,3,2008.0,16.0,4.0,1654545.4545454546,240069,353648,147.31098
中古マンション等,不動産取引価格情報,13105,東京都,文京区,大塚,護国寺,5,21000000,１Ｋ,15,2001年,ＳＲＣ,,住宅,商業,80.0,400.0,2024年第3四半期,未改装,,文京区,2024,3,2001.0,23.0,5.0,1400000.0,240069,353648,147.31098
中古マンション等,不動産取引価格情報,13105,東京都,文京区,大塚,護国寺,1,100000000,３ＬＤＫ,105,1971年,ＳＲＣ,住宅,住宅,１中住専,60.0,300.0,2024年第3四半期,未改装,,文京区,2024,3,1971.0,53.0,1.0,952380.9523809524,240069,353648,147.31098
中古マンション等,不動産取引価格情報,13105,東京都,文京区,大塚,護国寺,4,21000000,１Ｋ,20,1998年,ＳＲＣ,,住宅,商業,80.0,500.0,2024年第3四半期,改装済み,,文京区,2024,3,1998.0,26.0,4.0,1050000.0,240069,353648,147.31098
中古マンション等,不動産取引価格情報,13105,東京都,文京区,大塚,護国寺,4,180000000,３ＬＤＫ,100,2008年,ＲＣ,,住宅,商業,80.0,400.0,2024年第3四半期,未改装,,文京区,2024,3,2008.0,16.0,4.0,1800000.0,240069,353648,147.31098
中古マンション等,不動産取引価格情報,13105,東京都,文京区,大塚,護国寺,4,56000000,１ＬＤＫ,40,2018年,ＲＣ,住宅,,商業,80.0,500.0,2024年第2四半期,未改装,,文京区,2024,2,2018.0,6.0,4.0,1400000.0,240069,353648,147.31098
中古マンション等,不動産取引価格情報,13105,東京都,文京区,大塚,護国寺,5,23000000,１Ｋ,15,2001年,ＳＲＣ,住宅,住宅,商業,80.0,400.0,2024年第2四半期,,,文京区,2024,2,2001.0,23.0,5.0,1533333.3333333333,240069,353648,147.31098
中古マンション等,不動産取引価格情報,13105,東京都,文京区,大塚,護国寺,4,35000000,１Ｋ,25,2018年,ＲＣ,住宅,住宅,商業,80.0,500.0,2024年第2四半期,未改装,,文京区,2024,2,2018.0,6.0,4.0,1400000.0,240069,353648,147.31098
中古マンション等,不動産取引価格情報,13105,東京都,文京区,大塚,護国寺,3,24000000,１Ｋ,20,2000年,ＲＣ,住宅,,商業,80.0,400.0,2024年第2四半期,,,文京区,2024,2,2000.0,24.0,3.0,1200000.0,240069,353648,147.31098
中古マンション等,不動産取引価格情報,13105,東京都,文京区,大塚,護国寺,2,56000000,２ＬＤＫ,60,1979年,ＲＣ,,住宅,１中住専,60.0,300.0,2024年第2四半期,未改装,,文京区,2024,2,1979.0,45.0,2.0,933333.3333333334,240069,353648,147.31098
中古マンション等,不動産取引価格情報,13105,東京都,文京区,大塚,護国寺,5,17000000,１Ｋ,15,1995年,ＳＲＣ,住宅,住宅,商業,80.0,500.0,2024年第1四半期,,,文京区,2024,1,1995.0,29.0,5.0,1133333.3333333333,240069,353648,147.31098
中古マンション等,不動産取引価格情報,13105,東京都,文京区,大塚,護国寺,5,130000000,３ＬＤＫ,65,2020年,ＲＣ,住宅,住宅,商業,80.0,600.0,2024年第1四半期,未改装,,文京区,2024,1,2020.0,4.0,5.0,2000000.0,240069,353648,147.31098
中古マンション等,不動産取引価格情報,13105,東京都,文京区,大塚,護国寺,5,36000000,１ＬＤＫ,30,1995年,ＳＲＣ,住宅,住宅,商業,80.0,500.0,2024年第1四半期,改装済み,,文京区,2024,1,1995.0,29.0,5.0,1200000.0,240069,353648,147.31098
中古マンション等,不動産取引価格情報,13105,東京都,文京区,大塚,護国寺,4,100000000,３ＬＤＫ,75,2000年,ＲＣ,住宅,住宅,商業,80.0,500.0,2023年第4四半期,未改装,,文京区,2023,4,2000.0,23.0,4.0,1333333.3333333333,240069,353648,147.31098
中古マンション等,不動産取引価格情報,13105,東京都,文京区,大塚,護国寺,5,54000000,１ＬＤＫ,50,1998年,ＲＣ,住宅,住宅,準工業,60.0,300.0,2023年第4四半期,改装済み,,文京区,2023,4,1998.0,25.0,5.0,1080000.0,240069,353648,147.31098
中古マンション等,不動産取引価格情報,13105,東京都,文京区,大塚,護国寺,4,110000000,３ＬＤＫ,70,2008年,ＲＣ,住宅,住宅,商業,80.0,400.0,2023年第4四半期,未改装,,文京区,2023,4,2008.0,15.0,4.0,1571428.5714285714,240069,353648,147.31098
中古マンション等,不動産取引価格情報,13105,東京都,文京区,大塚,護国寺,4,28000000,１Ｋ,25,2011年,ＲＣ,住宅,,商業,80.0,400.0,2023年第3四半期,未改装,,文京区,2023,3,2011.0,12.0,4.0,1120000.0,240069,353648,147.31098
中古マンション等,不動産取引価格情報,13105,東京都,文京区,大塚,護国寺,4,42000000,１ＬＤＫ,40,2011年,ＲＣ,住宅,住宅,商業,80.0,400.0,2023年第3四半期,未改装,,文京区,2023,3,2011.0,12.0,4.0,1050000.0,240069,353648,147.31098
中古マンション等,不動産取引価格情報,13105,東京都,文京区,大塚,護国寺,5,20000000,１Ｋ,20,2001年,ＲＣ,住宅,住宅,準工業,60.0,300.0,2023年第3四半期,未改装,,文京区,2023,3,2001.0,22.0,5.0,1000000.0,240069,353648,147.31098
中古マンション等,不動産取引価格情報,13105,東京都,文京区,大塚,護国寺,3,23000000,１Ｋ,20,2000年,ＲＣ,住宅,住宅,商業,80.0,400.0,2023年第3四半期,未改装,,文京区,2023,3,2000.0,23.0,3.0,1150000.0,240069,353648,147.31098
中古マンション等,不動産取引価格情報,13105,東京都,文京区,大塚,護国寺,5,14000000,１Ｋ,15,1995年,ＳＲＣ,住宅,住宅,商業,80.0,500.0,2023年第3四半期,未改装,,文京区,2023,3,1995.0,28.0,5.0,933333.3333333334,240069,353648,147.31098
中古マンション等,不動産取引価格情報,13105,東京都,文京区,大塚,護国寺,3,87000000,３ＬＤＫ,95,1970年,ＳＲＣ,住宅,住宅,１中住専,60.0,300.0,2023年第2四半期,改装済み,,文京区,2023,2,1970.0,53.0,3.0,915789.4736842106,240069,353648,147.31098
中古マンション等,不動産取引価格情報,13105,東京都,文京区,大塚,護国寺,4,35000000,１Ｋ,25,2018年,ＲＣ,住宅,住宅,商業,80.0,500.0,2023年第2四半期,未改装,,文京区,2023,2,2018.0,5.0,4.0,1400000.0,240069,353648,147.31098
中古マンション等,不動産取引価格情報,13105,東京都,文京区,大塚,護国寺,1,63000000,３ＬＤＫ,105,1971年,ＳＲＣ,住宅,住宅,１中住専,60.0,300.0,2023年第1四半期,改装済み,,文京区,2023,1,1971.0,52.0,1.0,600000.0,240069,353648,147.31098
中古マンション等,不動産取引価格情報,13105,東京都,文京区,大塚,護国寺,5,110000000,３ＬＤＫ,65,2020年,ＲＣ,住宅,住宅,商業,80.0,600.0,2023年第1四半期,未改装,,文京区,2023,1,2020.0,3.0,5.0,1692307.6923076923,240069,353648,147.31098
中古マンション等,不動産取引価格情報,13105,東京都,文京区,大塚,護国寺,5,19000000,１Ｋ,20,2001年,ＳＲＣ,住宅,住宅,商業,80.0,400.0,2023年第1四半期,未改装,,文京区,2023,1,2001.0,22.0,5.0,950000.0,240069,353648,147.31098
中古マンション等,不動産取引価格情報,13105,東京都,文京区,大塚,護国寺,2,48000000,２ＬＤＫ,60,1979年,ＲＣ,住宅,住宅,１中住専,60.0,300.0,2023年第1四半期,未改装,,文京区,2023,1,1979.0,44.0,2.0,800000.0,240069,353648,147.31098
中古マンション等,不動産取引価格情報,13105,東京都,文京区,大塚,護国寺,4,75000000,２ＬＤＫ,55,2000年,ＲＣ,,住宅,商業,80.0,500.0,2022年第4四半期,未改装,,文京区,2022,4,2000.0,22.0,4.0,1363636.3636363635,240069,353648,147.31098
中古マンション等,不動産取引価格情報,13105,東京都,文京区,大塚,護国寺,5,42000000,１ＬＤＫ,50,1998年,ＲＣ,住宅,住宅,準工業,60.0,300.0,2022年第4四半期,未改装,,文京区,2022,4,1998.0,24.0,5.0,840000.0,240069,353648,147.31098
中古マンション等,不動産取引価格情報,13105,東京都,文京区,大塚,護国寺,3,19000000,１Ｋ,20,2000年,ＲＣ,住宅,住宅,商業,80.0,400.0,2022年第4四半期,未改装,,文京区,2022,4,2000.0,22.0,3.0,950000.0,240069,353648,147.31098
中古マンション等,不動産取引価格情報,13105,東京都,文京区,大塚,護国寺,3,85000000,３ＬＤＫ,105,1970年,ＳＲＣ,,住宅,１中住専,60.0,300.0,2022年第4四半期,改装済み,,文京区,2022,4,1970.0,52.0,3.0,809523.8095238095,240069,353648,147.31098
中古マンション等,不動産取引価格情報,13105,東京都,文京区,大塚,護国寺,4,34000000,１Ｋ,25,2018年,ＲＣ,住宅,その他,商業,80.0,500.0,2022年第4四半期,未改装,,文京区,2022,4,2018.0,4.0,4.0,1360000.0,240069,353648,147.31098
中古マンション等,不動産取引価格情報,13105,東京都,文京区,大塚,護国寺,5,35000000,１ＤＫ,30,1998年,ＲＣ,住宅,住宅,準工業,60.0,300.0,2022年第3四半期,改装済み,,文京区,2022,3,1998.0,24.0,5.0,1166666.6666666667,240069,353648,147.31098
中古マンション等,不動産取引価格情報,13105,東京都,文京区,大塚,護国寺,4,33000000,１Ｋ,25,2018年,ＲＣ,,住宅,商業,80.0,500.0,2022年第3四半期,未改装,,文京区,2022,3,2018.0,4.0,4.0,1320000.0,240069,353648,147.31098
中古マンション等,不動産取引価格情報,13105,東京都,文京区,大塚,護国寺,5,15000000,１Ｋ,15,1995年,ＳＲＣ,住宅,住宅,商業,80.0,500.0,2022年第2四半期,未改装,,文京区,2022,2,1995.0,27.0,5.0,1000000.0,240069,353648,147.31098
中古マンション等,不動産取引価格情報,13105,東京都,文京区,大塚,護国寺,5,22000000,１Ｋ,15,2001年,ＳＲＣ,住宅,その他,商業,80.0,400.0,2022年第2四半期,改装済み,,文京区,2022,2,2001.0,21.0,5.0,1466666.6666666667,240069,353648,147.31098
中古マンション等,不動産取引価格情報,13105,東京都,文京区,大塚,護国寺,4,48000000,１ＬＤＫ,40,2018年,ＲＣ,住宅,住宅,商業,80.0,500.0,2022年第1四半期,未改装,,文京区,2022,1,2018.0,4.0,4.0,1200000.0,240069,353648,147.31098
中古マンション等,不動産取引価格情報,13105,東京都,文京区,大塚,護国寺,3,26000000,１Ｋ,25,2011年,ＲＣ,住宅,住宅,商業,80.0,400.0,2022年第1四半期,未改装,,文京区,2022,1,2011.0,11.0,3.0,1040000.0,240069,353648,147.31098
中古マンション等,不動産取引価格情報,13105,東京都,文京区,大塚,護国寺,5,17000000,１Ｒ,20,2001年,ＲＣ,住宅,住宅,準工業,60.0,300.0,2022年第1四半期,改装済み,,文京区,2022,1,2001.0,21.0,5.0,850000.0,240069,353648,147.31098
中古マンション等,不動産取引価格情報,13105,東京都,文京区,大塚,護国寺,1,110000000,６ＬＤＫ,170,1971年,ＳＲＣ,住宅,その他,１中住専,60.0,300.0,2022年第1四半期,未改装,,文京区,2022,1,1971.0,51.0,1.0,647058.8235294118,240069,353648,147.31098
中古マンション等,不動産取引価格情報,13105,東京都,文京区,大塚,護国寺,5,16000000,１Ｋ,15,1995年,ＳＲＣ,住宅,住宅,商業,80.0,500.0,2022年第1四半期,未改装,,文京区,2022,1,1995.0,27.0,5.0,1066666.6666666667,240069,353648,147.31098
中古マンション等,不動産取引価格情報,13105,東京都,文京区,大塚,護国寺,5,18000000,１ＤＫ,15,1995年,ＳＲＣ,,住宅,商業,80.0,500.0,2021年第4四半期,改装済み,,文京区,2021,4,1995.0,26.0,5.0,1200000.0,240069,353648,147.31098
中古マンション等,不動産取引価格情報,13105,東京都,文京区,大塚,護国寺,4,26000000,１Ｋ,25,2011年,ＲＣ,住宅,住宅,商業,80.0,400.0,2021年第4四半期,未改装,,文京区,2021,4,2011.0,10.0,4.0,1040000.0,240069,353648,147.31098
中古マンション等,不動産取引価格情報,13105,東京都,文京区,大塚,護国寺,4,33000000,１Ｋ,25,2018年,ＲＣ,住宅,住宅,商業,80.0,500.0,2021年第4四半期,未改装,,文京区,2021,4,2018.0,3.0,4.0,1320000.0,240069,353648,147.31098
中古マンション等,不動産取引価格情報,13105,東京都,文京区,大塚,護国寺,5,9800000,オープンフロア,15,2001年,ＲＣ,事務所,事務所,準工業,60.0,300.0,2021年第4四半期,未改装,,文京区,2021,4,2001.0,20.0,5.0,653333.3333333334,240069,353648,147.31098
中古マンション等,不動産取引価格情報,13105,東京都,文京区,大塚,護国寺,4,100000000,３ＬＤＫ,80,2008年,ＲＣ,住宅,住宅,商業,80.0,400.0,2021年第3四半期,未改装,,文京区,2021,3,2008.0,13.0,4.0,1250000.0,240069,353648,147.31098
中古マンション等,不動産取引価格情報,13105,東京都,文京区,大塚,護国寺,3,17000000,１Ｋ,15,2001年,ＲＣ,住宅,住宅,準工業,60.0,300.0,2021年第2四半期,未改装,,文京区,2021,2,2001.0,20.0,3.0,1133333.3333333333,240069,353648,147.31098
中古マンション等,不動産取引価格情報,13105,東京都,文京区,大塚,護国寺,3,24000000,１Ｋ,20,2000年,ＲＣ,住宅,住宅,商業,80.0,400.0,2021年第1四半期,改装済み,,文京区,2021,1,2000.0,21.0,3.0,1200000.0,240069,353648,147.31098
中古マンション等,不動産取引価格情報,13105,東京都,文京区,大塚,護国寺,4,15000000,１Ｋ,20,1998年,ＳＲＣ,住宅,住宅,商業,80.0,500.0,2021年第1四半期,未改装,,文京区,2021,1,1998.0,23.0,4.0,750000.0,240069,353648,147.31098
中古マンション等,不動産取引価格情報,13105,東京都,文京区,大塚,護国寺,4,70000000,,65,2008年,ＲＣ,住宅,住宅,商業,80.0,400.0,2021年第1四半期,未改装,,文京区,2021,1,2008.0,13.0,4.0,1076923.076923077,240069,353648,147.31098
中古マンション等,不動産取引価格情報,13105,東京都,文京区,大塚,新大塚,5,18000000,１Ｋ,15,1995年,ＲＣ,住宅,住宅,準工業,60.0,300.0,2025年第4四半期,未改装,,文京区,2025,4,1995.0,30.0,5.0,1200000.0,240069,353648,147.31098
中古マンション等,不動産取引価格情報,13105,東京都,文京区,大塚,新大塚,5,18000000,１Ｋ,20,1986年,ＲＣ,,住宅,準工業,60.0,300.0,2025年第3四半期,,,文京区,2025,3,1986.0,39.0,5.0,900000.0,240069,353648,147.31098
中古マンション等,不動産取引価格情報,13105,東京都,文京区,大塚,新大塚,3,160000000,３ＬＤＫ,75,2002年,ＲＣ,,住宅,１種住居,60.0,300.0,2025年第3四半期,改装済み,,文京区,2025,3,2002.0,23.0,3.0,2133333.3333333335,240069,353648,147.31098
中古マンション等,不動産取引価格情報,13105,東京都,文京区,大塚,新大塚,4,55000000,２ＬＤＫ,60,2000年,ＳＲＣ,住宅,その他,１種住居,60.0,300.0,2025年第2四半期,未改装,,文京区,2025,2,2000.0,25.0,4.0,916666.6666666666,240069,353648,147.31098
中古マンション等,不動産取引価格情報,13105,東京都,文京区,大塚,新大塚,3,52000000,２ＤＫ,40,1997年,ＲＣ,住宅,住宅,準工業,60.0,300.0,2025年第2四半期,改装済み,,文京区,2025,2,1997.0,28.0,3.0,1300000.0,240069,353648,147.31098
中古マンション等,不動産取引価格情報,13105,東京都,文京区,大塚,新大塚,11,23000000,１Ｋ,20,2003年,ＲＣ,住宅,住宅,商業,80.0,400.0,2025年第2四半期,,,文京区,2025,2,2003.0,22.0,11.0,1150000.0,240069,353648,147.31098
中古マンション等,不動産取引価格情報,13105,東京都,文京区,大塚,新大塚,5,16000000,１Ｒ,15,1995年,ＲＣ,住宅,住宅,準工業,60.0,300.0,2025年第2四半期,未改装,,文京区,2025,2,1995.0,30.0,5.0,1066666.6666666667,240069,353648,147.31098
中古マンション等,不動産取引価格情報,13105,東京都,文京区,大塚,新大塚,5,17000000,,20,1986年,ＲＣ,,住宅,準工業,60.0,300.0,2025年第2四半期,,,文京区,2025,2,1986.0,39.0,5.0,850000.0,240069,353648,147.31098
中古マンション等,不動産取引価格情報,13105,東京都,文京区,大塚,新大塚,5,21000000,１Ｋ,25,1986年,ＲＣ,,住宅,準工業,60.0,300.0,2025年第1四半期,改装済み,,文京区,2025,1,1986.0,39.0,5.0,840000.0,240069,353648,147.31098
中古マンション等,不動産取引価格情報,13105,東京都,文京区,大塚,新大塚,6,15000000,１Ｋ,15,1990年,ＳＲＣ,,住宅,１種住居,60.0,300.0,2025年第1四半期,改装済み,,文京区,2025,1,1990.0,35.0,6.0,1000000.0,240069,353648,147.31098
中古マンション等,不動産取引価格情報,13105,東京都,文京区,大塚,新大塚,4,53000000,１ＬＤＫ,40,2015年,ＲＣ,住宅,住宅,準工業,60.0,300.0,2025年第1四半期,改装済み,,文京区,2025,1,2015.0,10.0,4.0,1325000.0,240069,353648,147.31098
中古マンション等,不動産取引価格情報,13105,東京都,文京区,大塚,新大塚,3,35000000,１ＤＫ,30,1984年,ＲＣ,住宅,住宅,準工業,60.0,300.0,2025年第1四半期,改装済み,,文京区,2025,1,1984.0,41.0,3.0,1166666.6666666667,240069,353648,147.31098
中古マンション等,不動産取引価格情報,13105,東京都,文京区,大塚,新大塚,4,17000000,１Ｋ,25,1990年,ＳＲＣ,住宅,その他,準工業,60.0,300.0,2025年第1四半期,未改装,,文京区,2025,1,1990.0,35.0,4.0,680000.0,240069,353648,147.31098
中古マンション等,不動産取引価格情報,13105,東京都,文京区,大塚,新大塚,4,75000000,１ＬＤＫ,45,2010年,ＲＣ,,住宅,１種住居,60.0,300.0,2024年第4四半期,,,文京区,2024,4,2010.0,14.0,4.0,1666666.6666666667,240069,353648,147.31098
中古マンション等,不動産取引価格情報,13105,東京都,文京区,大塚,新大塚,10,23000000,１Ｋ,20,2004年,ＲＣ,住宅,住宅,商業,80.0,500.0,2024年第4四半期,未改装,,文京区,2024,4,2004.0,20.0,10.0,1150000.0,240069,353648,147.31098
中古マンション等,不動産取引価格情報,13105,東京都,文京区,大塚,新大塚,4,51000000,１ＬＤＫ,40,2015年,ＲＣ,住宅,住宅,準工業,60.0,300.0,2024年第4四半期,未改装,,文京区,2024,4,2015.0,9.0,4.0,1275000.0,240069,353648,147.31098
中古マンション等,不動産取引価格情報,13105,東京都,文京区,大塚,新大塚,3,40000000,２ＬＤＫ,40,1984年,ＳＲＣ,,住宅,商業,80.0,500.0,2024年第4四半期,未改装,,文京区,2024,4,1984.0,40.0,3.0,1000000.0,240069,353648,147.31098
中古マンション等,不動産取引価格情報,13105,東京都,文京区,大塚,新大塚,3,20000000,,25,1983年,ＲＣ,,住宅,準工業,60.0,300.0,2024年第4四半期,,,文京区,2024,4,1983.0,41.0,3.0,800000.0,240069,353648,147.31098
中古マンション等,不動産取引価格情報,13105,東京都,文京区,大塚,新大塚,2,22000000,１Ｋ,20,1984年,ＲＣ,住宅,住宅,準工業,60.0,300.0,2024年第3四半期,改装済み,,文京区,2024,3,1984.0,40.0,2.0,1100000.0,240069,353648,147.31098
中古マンション等,不動産取引価格情報,13105,東京都,文京区,大塚,新大塚,5,22000000,,20,2007年,ＲＣ,,住宅,商業,80.0,500.0,2024年第3四半期,未改装,,文京区,2024,3,2007.0,17.0,5.0,1100000.0,240069,353648,147.31098
中古マンション等,不動産取引価格情報,13105,東京都,文京区,大塚,新大塚,6,24000000,１Ｋ,20,2008年,ＲＣ,住宅,住宅,１種住居,60.0,300.0,2024年第2四半期,未改装,,文京区,2024,2,2008.0,16.0,6.0,1200000.0,240069,353648,147.31098
中古マンション等,不動産取引価格情報,13105,東京都,文京区,大塚,新大塚,3,110000000,２ＬＤＫ,80,2002年,ＲＣ,住宅,住宅,１種住居,60.0,300.0,2024年第2四半期,未改装,,文京区,2024,2,2002.0,22.0,3.0,1375000.0,240069,353648,147.31098
中古マンション等,不動産取引価格情報,13105,東京都,文京区,大塚,新大塚,3,79000000,２ＬＤＫ,55,2002年,ＲＣ,住宅,住宅,１種住居,60.0,300.0,2024年第1四半期,改装済み,,文京区,2024,1,2002.0,22.0,3.0,1436363.6363636365,240069,353648,147.31098
中古マンション等,不動産取引価格情報,13105,東京都,文京区,大塚,新大塚,3,100000000,３ＬＤＫ,75,2002年,ＲＣ,住宅,住宅,１種住居,60.0,300.0,2024年第1四半期,未改装,,文京区,2024,1,2002.0,22.0,3.0,1333333.3333333333,240069,353648,147.31098
中古マンション等,不動産取引価格情報,13105,東京都,文京区,大塚,新大塚,3,11000000,１Ｒ,15,1983年,ＲＣ,住宅,,準工業,60.0,300.0,2023年第4四半期,未改装,,文京区,2023,4,1983.0,40.0,3.0,733333.3333333334,240069,353648,147.31098
中古マンション等,不動産取引価格情報,13105,東京都,文京区,大塚,新大塚,5,21000000,１Ｋ,20,2007年,ＲＣ,住宅,住宅,商業,80.0,500.0,2023年第3四半期,未改装,,文京区,2023,3,2007.0,16.0,5.0,1050000.0,240069,353648,147.31098
中古マンション等,不動産取引価格情報,13105,東京都,文京区,大塚,新大塚,8,9300000,１Ｋ,15,1985年,ＲＣ,住宅,住宅,１中住専,60.0,300.0,2023年第3四半期,未改装,,文京区,2023,3,1985.0,38.0,8.0,620000.0,240069,353648,147.31098
中古マンション等,不動産取引価格情報,13105,東京都,文京区,大塚,新大塚,6,25000000,１Ｋ,20,2008年,ＲＣ,住宅,その他,１種住居,60.0,300.0,2023年第3四半期,改装済み,,文京区,2023,3,2008.0,15.0,6.0,1250000.0,240069,353648,147.31098
中古マンション等,不動産取引価格情報,13105,東京都,文京区,大塚,新大塚,4,84000000,３ＬＤＫ,65,2010年,ＲＣ,住宅,住宅,準工業,60.0,300.0,2023年第3四半期,改装済み,,文京区,2023,3,2010.0,13.0,4.0,1292307.6923076923,240069,353648,147.31098
中古マンション等,不動産取引価格情報,13105,東京都,文京区,大塚,新大塚,8,96000000,２ＬＤＫ,65,2011年,ＲＣ,住宅,住宅,１中住専,60.0,200.0,2023年第3四半期,未改装,,文京区,2023,3,2011.0,12.0,8.0,1476923.076923077,240069,353648,147.31098
中古マンション等,不動産取引価格情報,13105,東京都,文京区,大塚,新大塚,3,44000000,２ＤＫ,40,1997年,ＲＣ,住宅,住宅,準工業,60.0,300.0,2023年第2四半期,改装済み,,文京区,2023,2,1997.0,26.0,3.0,1100000.0,240069,353648,147.31098
中古マンション等,不動産取引価格情報,13105,東京都,文京区,大塚,新大塚,4,17000000,１Ｋ,20,1990年,ＳＲＣ,住宅,その他,準工業,60.0,300.0,2023年第2四半期,未改装,,文京区,2023,2,1990.0,33.0,4.0,850000.0,240069,353648,147.31098
中古マンション等,不動産取引価格情報,13105,東京都,文京区,大塚,新大塚,3,75000000,２ＬＤＫ,70,2002年,ＲＣ,住宅,住宅,１種住居,60.0,300.0,2023年第2四半期,未改装,,文京区,2023,2,2002.0,21.0,3.0,1071428.5714285714,240069,353648,147.31098
中古マンション等,不動産取引価格情報,13105,東京都,文京区,大塚,新大塚,5,2300000,１Ｒ,15,1995年,ＲＣ,住宅,その他,準工業,60.0,300.0,2023年第2四半期,未改装,関係者間取引,文京区,2023,2,1995.0,28.0,5.0,153333.33333333334,240069,353648,147.31098
中古マンション等,不動産取引価格情報,13105,東京都,文京区,大塚,新大塚,2,20000000,１Ｋ,20,1984年,ＲＣ,住宅,住宅,準工業,60.0,300.0,2023年第2四半期,未改装,,文京区,2023,2,1984.0,39.0,2.0,1000000.0,240069,353648,147.31098
中古マンション等,不動産取引価格情報,13105,東京都,文京区,大塚,新大塚,6,15000000,１Ｋ,15,1990年,ＳＲＣ,住宅,住宅,１種住居,60.0,300.0,2023年第2四半期,改装済み,,文京区,2023,2,1990.0,33.0,6.0,1000000.0,240069,353648,147.31098
中古マンション等,不動産取引価格情報,13105,東京都,文京区,大塚,新大塚,1,29000000,１Ｋ,20,2010年,ＲＣ,住宅,住宅,商業,80.0,500.0,2023年第1四半期,未改装,,文京区,2023,1,2010.0,13.0,1.0,1450000.0,240069,353648,147.31098
中古マンション等,不動産取引価格情報,13105,東京都,文京区,大塚,新大塚,7,48000000,１ＬＤＫ,40,2018年,ＲＣ,住宅,住宅,商業,80.0,600.0,2023年第1四半期,未改装,,文京区,2023,1,2018.0,5.0,7.0,1200000.0,240069,353648,147.31098
中古マンション等,不動産取引価格情報,13105,東京都,文京区,大塚,新大塚,2,40000000,１ＬＤＫ,40,1999年,ＳＲＣ,住宅,住宅,商業,80.0,500.0,2023年第1四半期,未改装,,文京区,2023,1,1999.0,24.0,2.0,1000000.0,240069,353648,147.31098
中古マンション等,不動産取引価格情報,13105,東京都,文京区,大塚,新大塚,3,83000000,３ＬＤＫ,75,1984年,ＳＲＣ,住宅,住宅,商業,80.0,500.0,2022年第4四半期,改装済み,,文京区,2022,4,1984.0,38.0,3.0,1106666.6666666667,240069,353648,147.31098
中古マンション等,不動産取引価格情報,13105,東京都,文京区,大塚,新大塚,5,22000000,１Ｋ,20,2007年,ＲＣ,住宅,住宅,商業,80.0,500.0,2022年第4四半期,,,文京区,2022,4,2007.0,15.0,5.0,1100000.0,240069,353648,147.31098
中古マンション等,不動産取引価格情報,13105,東京都,文京区,大塚,新大塚,9,9500000,１Ｋ,15,1989年,ＲＣ,住宅,住宅,１種住居,60.0,300.0,2022年第4四半期,未改装,,文京区,2022,4,1989.0,33.0,9.0,633333.3333333334,240069,353648,147.31098
中古マンション等,不動産取引価格情報,13105,東京都,文京区,大塚,新大塚,5,23000000,１Ｋ,20,2007年,ＲＣ,住宅,住宅,商業,80.0,500.0,2022年第4四半期,,,文京区,2022,4,2007.0,15.0,5.0,1150000.0,240069,353648,147.31098
中古マンション等,不動産取引価格情報,13105,東京都,文京区,大塚,新大塚,3,22000000,１Ｋ,25,1983年,ＲＣ,住宅,住宅,準工業,60.0,300.0,2022年第4四半期,,,文京区,2022,4,1983.0,39.0,3.0,880000.0,240069,353648,147.31098
中古マンション等,不動産取引価格情報,13105,東京都,文京区,大塚,新大塚,3,21000000,１ＬＤＫ,25,1983年,ＲＣ,住宅,その他,準工業,60.0,300.0,2022年第4四半期,未改装,,文京区,2022,4,1983.0,39.0,3.0,840000.0,240069,353648,147.31098
中古マンション等,不動産取引価格情報,13105,東京都,文京区,大塚,新大塚,6,18000000,１Ｒ,15,1990年,ＳＲＣ,,住宅,１種住居,60.0,300.0,2022年第4四半期,改装済み,,文京区,2022,4,1990.0,32.0,6.0,1200000.0,240069,353648,147.31098
中古マンション等,不動産取引価格情報,13105,東京都,文京区,大塚,新大塚,9,10000000,１Ｋ,15,1989年,ＲＣ,住宅,,１種住居,60.0,300.0,2022年第4四半期,未改装,,文京区,2022,4,1989.0,33.0,9.0,666666.6666666666,240069,353648,147.31098
中古マンション等,不動産取引価格情報,13105,東京都,文京区,大塚,新大塚,8,7100000,１Ｋ,15,1985年,ＲＣ,住宅,その他,１中住専,60.0,300.0,2022年第3四半期,改装済み,,文京区,2022,3,1985.0,37.0,8.0,473333.3333333333,240069,353648,147.31098
中古マンション等,不動産取引価格情報,13105,東京都,文京区,大塚,新大塚,5,17000000,１Ｋ,15,1995年,ＲＣ,住宅,住宅,準工業,60.0,300.0,2022年第3四半期,,,文京区,2022,3,1995.0,27.0,5.0,1133333.3333333333,240069,353648,147.31098
中古マンション等,不動産取引価格情報,13105,東京都,文京区,大塚,新大塚,3,48000000,２ＤＫ,40,1997年,ＲＣ,住宅,住宅,準工業,60.0,300.0,2022年第2四半期,改装済み,,文京区,2022,2,1997.0,25.0,3.0,1200000.0,240069,353648,147.31098
中古マンション等,不動産取引価格情報,13105,東京都,文京区,大塚,新大塚,4,15000000,１Ｋ,15,1990年,ＳＲＣ,住宅,住宅,準工業,60.0,300.0,2022年第2四半期,未改装,,文京区,2022,2,1990.0,32.0,4.0,1000000.0,240069,353648,147.31098
中古マンション等,不動産取引価格情報,13105,東京都,文京区,大塚,新大塚,5,24000000,１Ｋ,20,2007年,ＲＣ,住宅,住宅,商業,80.0,500.0,2022年第2四半期,未改装,,文京区,2022,2,2007.0,15.0,5.0,1200000.0,240069,353648,147.31098
中古マンション等,不動産取引価格情報,13105,東京都,文京区,大塚,新大塚,4,67000000,２ＬＤＫ,50,2015年,ＲＣ,住宅,住宅,準工業,60.0,300.0,2022年第2四半期,未改装,,文京区,2022,2,2015.0,7.0,4.0,1340000.0,240069,353648,147.31098
中古マンション等,不動産取引価格情報,13105,東京都,文京区,大塚,新大塚,5,16000000,１Ｋ,20,1986年,ＲＣ,住宅,住宅,準工業,60.0,300.0,2021年第4四半期,改装済み,,文京区,2021,4,1986.0,35.0,5.0,800000.0,240069,353648,147.31098
中古マンション等,不動産取引価格情報,13105,東京都,文京区,大塚,新大塚,5,48000000,３ＬＤＫ,60,1982年,ＳＲＣ,住宅,住宅,商業,80.0,600.0,2021年第4四半期,改装済み,,文京区,2021,4,1982.0,39.0,5.0,800000.0,240069,353648,147.31098
中古マンション等,不動産取引価格情報,13105,東京都,文京区,大塚,新大塚,10,19000000,１Ｋ,20,2003年,ＲＣ,住宅,住宅,商業,80.0,400.0,2021年第4四半期,改装済み,,文京区,2021,4,2003.0,18.0,10.0,950000.0,240069,353648,147.31098
中古マンション等,不動産取引価格情報,13105,東京都,文京区,大塚,新大塚,5,16000000,１Ｋ,15,1995年,ＲＣ,住宅,その他,準工業,60.0,300.0,2021年第4四半期,未改装,,文京区,2021,4,1995.0,26.0,5.0,1066666.6666666667,240069,353648,147.31098
中古マンション等,不動産取引価格情報,13105,東京都,文京区,大塚,新大塚,5,21000000,１Ｋ,25,1986年,ＲＣ,住宅,住宅,準工業,60.0,300.0,2021年第3四半期,改装済み,,文京区,2021,3,1986.0,35.0,5.0,840000.0,240069,353648,147.31098
中古マンション等,不動産取引価格情報,13105,東京都,文京区,大塚,新大塚,8,14000000,１Ｋ,15,1996年,ＲＣ,住宅,住宅,商業,80.0,400.0,2021年第2四半期,未改装,,文京区,2021,2,1996.0,25.0,8.0,933333.3333333334,240069,353648,147.31098
中古マンション等,不動産取引価格情報,13105,東京都,文京区,大塚,新大塚,11,24000000,１Ｋ,25,2011年,ＲＣ,住宅,住宅,商業,80.0,400.0,2021年第2四半期,,,文京区,2021,2,2011.0,10.0,11.0,960000.0,240069,353648,147.31098
中古マンション等,不動産取引価格情報,13105,東京都,文京区,大塚,新大塚,3,9300000,,15,1984年,ＳＲＣ,倉庫,その他,商業,80.0,500.0,2021年第1四半期,未改装,,文京区,2021,1,1984.0,37.0,3.0,620000.0,240069,353648,147.31098
中古マンション等,不動産取引価格情報,13105,東京都,文京区,大塚,新大塚,1,25000000,１Ｋ,20,2010年,ＲＣ,住宅,住宅,商業,80.0,500.0,2021年第1四半期,未改装,,文京区,2021,1,2010.0,11.0,1.0,1250000.0,240069,353648,147.31098
中古マンション等,不動産取引価格情報,13105,東京都,文京区,大塚,新大塚,2,16000000,１Ｋ,20,1984年,ＲＣ,住宅,住宅,準工業,60.0,300.0,2021年第1四半期,未改装,,文京区,2021,1,1984.0,37.0,2.0,800000.0,240069,353648,147.31098
中古マンション等,不動産取引価格情報,13105,東京都,文京区,大塚,新大塚,3,12000000,,20,1983年,ＲＣ,,住宅,準工業,60.0,300.0,2021年第1四半期,未改装,,文京区,2021,1,1983.0,38.0,3.0,600000.0,240069,353648,147.31098
中古マンション等,不動産取引価格情報,13105,東京都,文京区,大塚,新大塚,5,21000000,１Ｋ,20,2007年,ＲＣ,住宅,住宅,商業,80.0,500.0,2021年第1四半期,未改装,,文京区,2021,1,2007.0,14.0,5.0,1050000.0,240069,353648,147.31098
中古マンション等,不動産取引価格情報,13105,東京都,文京区,大塚,東池袋,6,110000000,３ＬＤＫ,65,2013年,ＲＣ,住宅,,１中住専,60.0,300.0,2025年第3四半期,未改装,,文京区,2025,3,2013.0,12.0,6.0,1692307.6923076923,240069,353648,147.31098
中古マンション等,不動産取引価格情報,13105,東京都,文京区,大塚,東池袋,5,42000000,２ＬＤＫ,45,1979年,ＳＲＣ,,住宅,商業,80.0,500.0,2024年第4四半期,改装済み,,文京区,2024,4,1979.0,45.0,5.0,933333.3333333334,240069,353648,147.31098
中古マンション等,不動産取引価格情報,13105,東京都,文京区,大塚,東池袋,7,120000000,２ＬＤＫ,65,2015年,ＲＣ,,住宅,１種住居,60.0,300.0,2023年第4四半期,,,文京区,2023,4,2015.0,8.0,7.0,1846153.8461538462,240069,353648,147.31098
中古マンション等,不動産取引価格情報,13105,東京都,文京区,大塚,東池袋,5,70000000,３ＬＤＫ,60,1995年,ＲＣ,住宅,住宅,１種住居,60.0,300.0,2022年第4四半期,改装済み,,文京区,2022,4,1995.0,27.0,5.0,1166666.6666666667,240069,353648,147.31098
中古マンション等,不動産取引価格情報,13105,東京都,文京区,大塚,東池袋,5,25000000,１ＬＤＫ,40,1979年,ＳＲＣ,,その他,商業,80.0,500.0,2022年第4四半期,,,文京区,2022,4,1979.0,43.0,5.0,625000.0,240069,353648,147.31098
中古マンション等,不動産取引価格情報,13105,東京都,文京区,大塚,東池袋,7,110000000,３ＬＤＫ,70,2015年,ＲＣ,住宅,住宅,１種住居,60.0,300.0,2022年第2四半期,未改装,,文京区,2022,2,2015.0,7.0,7.0,1571428.5714285714,240069,353648,147.31098
中古マンション等,不動産取引価格情報,13105,東京都,文京区,大塚,茗荷谷,7,87000000,２ＬＤＫ,60,2000年,ＳＲＣ,,住宅,準工業,60.0,400.0,2025年第4四半期,改装済み,,文京区,2025,4,2000.0,25.0,7.0,1450000.0,240069,353648,147.31098
中古マンション等,不動産取引価格情報,13105,東京都,文京区,大塚,茗荷谷,6,18000000,１Ｋ,15,1997年,ＳＲＣ,住宅,住宅,商業,80.0,600.0,2025年第4四半期,未改装,,文京区,2025,4,1997.0,28.0,6.0,1200000.0,240069,353648,147.31098
中古マンション等,不動産取引価格情報,13105,東京都,文京区,大塚,茗荷谷,7,18000000,１Ｋ,15,1996年,ＲＣ,,住宅,近隣商業,80.0,400.0,2025年第4四半期,,,文京区,2025,4,1996.0,29.0,7.0,1200000.0,240069,353648,147.31098
中古マンション等,不動産取引価格情報,13105,東京都,文京区,大塚,茗荷谷,4,58000000,１ＬＤＫ,40,2011年,ＳＲＣ,住宅,住宅,商業,80.0,600.0,2025年第3四半期,未改装,,文京区,2025,3,2011.0,14.0,4.0,1450000.0,240069,353648,147.31098
中古マンション等,不動産取引価格情報,13105,東京都,文京区,大塚,茗荷谷,9,23000000,１Ｋ,20,2008年,ＲＣ,,その他,商業,80.0,400.0,2025年第3四半期,未改装,,文京区,2025,3,2008.0,17.0,9.0,1150000.0,240069,353648,147.31098
中古マンション等,不動産取引価格情報,13105,東京都,文京区,大塚,茗荷谷,6,27000000,１Ｋ,20,2001年,ＲＣ,住宅,住宅,近隣商業,80.0,400.0,2025年第2四半期,,,文京区,2025,2,2001.0,24.0,6.0,1350000.0,240069,353648,147.31098
中古マンション等,不動産取引価格情報,13105,東京都,文京区,大塚,茗荷谷,7,17000000,,15,1996年,ＲＣ,住宅,住宅,近隣商業,80.0,400.0,2025年第2四半期,,,文京区,2025,2,1996.0,29.0,7.0,1133333.3333333333,240069,353648,147.31098
中古マンション等,不動産取引価格情報,13105,東京都,文京区,大塚,茗荷谷,6,23000000,１Ｋ,20,2001年,ＲＣ,住宅,住宅,近隣商業,80.0,400.0,2025年第2四半期,,,文京区,2025,2,2001.0,24.0,6.0,1150000.0,240069,353648,147.31098
中古マンション等,不動産取引価格情報,13105,東京都,文京区,大塚,茗荷谷,7,22000000,１Ｋ,15,1996年,ＲＣ,住宅,住宅,近隣商業,80.0,400.0,2025年第2四半期,未改装,,文京区,2025,2,1996.0,29.0,7.0,1466666.6666666667,240069,353648,147.31098
中古マンション等,不動産取引価格情報,13105,東京都,文京区,大塚,茗荷谷,6,29000000,１Ｋ,20,2001年,ＲＣ,,住宅,近隣商業,80.0,400.0,2025年第1四半期,,,文京区,2025,1,2001.0,24.0,6.0,1450000.0,240069,353648,147.31098
中古マンション等,不動産取引価格情報,13105,東京都,文京区,大塚,茗荷谷,7,38000000,２ＤＫ,35,2000年,ＳＲＣ,,住宅,準工業,60.0,400.0,2025年第1四半期,未改装,,文京区,2025,1,2000.0,25.0,7.0,1085714.2857142857,240069,353648,147.31098
中古マンション等,不動産取引価格情報,13105,東京都,文京区,大塚,茗荷谷,6,24000000,１Ｋ,20,2009年,ＲＣ,住宅,住宅,近隣商業,80.0,400.0,2025年第1四半期,未改装,,文京区,2025,1,2009.0,16.0,6.0,1200000.0,240069,353648,147.31098
中古マンション等,不動産取引価格情報,13105,東京都,文京区,大塚,茗荷谷,9,52000000,１ＬＤＫ,35,2011年,ＲＣ,,住宅,準工業,60.0,400.0,2024年第4四半期,,,文京区,2024,4,2011.0,13.0,9.0,1485714.2857142857,240069,353648,147.31098
中古マンション等,不動産取引価格情報,13105,東京都,文京区,大塚,茗荷谷,9,22000000,１Ｋ,20,2008年,ＲＣ,住宅,住宅,商業,80.0,400.0,2024年第4四半期,,,文京区,2024,4,2008.0,16.0,9.0,1100000.0,240069,353648,147.31098
中古マンション等,不動産取引価格情報,13105,東京都,文京区,大塚,茗荷谷,7,29000000,１Ｋ,25,2012年,ＲＣ,住宅,住宅,商業,80.0,600.0,2024年第4四半期,未改装,,文京区,2024,4,2012.0,12.0,7.0,1160000.0,240069,353648,147.31098
中古マンション等,不動産取引価格情報,13105,東京都,文京区,大塚,茗荷谷,11,23000000,１Ｋ,20,2006年,ＲＣ,,住宅,商業,80.0,400.0,2024年第4四半期,,,文京区,2024,4,2006.0,18.0,11.0,1150000.0,240069,353648,147.31098
中古マンション等,不動産取引価格情報,13105,東京都,文京区,大塚,茗荷谷,7,95000000,２ＬＤＫ,55,2011年,ＲＣ,住宅,住宅,商業,80.0,600.0,2024年第4四半期,未改装,,文京区,2024,4,2011.0,13.0,7.0,1727272.7272727273,240069,353648,147.31098
中古マンション等,不動産取引価格情報,13105,東京都,文京区,大塚,茗荷谷,6,130000000,３ＬＤＫ,65,,,,住宅,,,,2024年第3四半期,未改装,,文京区,2024,3,,,6.0,2000000.0,240069,353648,147.31098
中古マンション等,不動産取引価格情報,13105,東京都,文京区,大塚,茗荷谷,4,89000000,３ＬＤＫ,55,1995年,ＳＲＣ,住宅,住宅,商業,80.0,600.0,2024年第3四半期,改装済み,,文京区,2024,3,1995.0,29.0,4.0,1618181.8181818181,240069,353648,147.31098
中古マンション等,不動産取引価格情報,13105,東京都,文京区,大塚,茗荷谷,5,22000000,１Ｋ,20,2005年,ＲＣ,住宅,住宅,商業,80.0,600.0,2024年第3四半期,未改装,,文京区,2024,3,2005.0,19.0,5.0,1100000.0,240069,353648,147.31098
中古マンション等,不動産取引価格情報,13105,東京都,文京区,大塚,茗荷谷,6,22000000,１Ｋ,20,2001年,ＲＣ,住宅,住宅,近隣商業,80.0,400.0,2024年第2四半期,改装済み,,文京区,2024,2,2001.0,23.0,6.0,1100000.0,240069,353648,147.31098
中古マンション等,不動産取引価格情報,13105,東京都,文京区,大塚,茗荷谷,6,38000000,１ＤＫ,35,2005年,ＲＣ,,住宅,商業,80.0,600.0,2024年第2四半期,未改装,,文京区,2024,2,2005.0,19.0,6.0,1085714.2857142857,240069,353648,147.31098
中古マンション等,不動産取引価格情報,13105,東京都,文京区,大塚,茗荷谷,9,38000000,１ＬＤＫ,35,2011年,ＲＣ,住宅,,準工業,60.0,400.0,2024年第2四半期,,,文京区,2024,2,2011.0,13.0,9.0,1085714.2857142857,240069,353648,147.31098
中古マンション等,不動産取引価格情報,13105,東京都,文京区,大塚,茗荷谷,6,74000000,２ＬＤＫ,55,2022年,ＲＣ,,,１中住専,60.0,300.0,2024年第1四半期,未改装,,文京区,2024,1,2022.0,2.0,6.0,1345454.5454545454,240069,353648,147.31098
中古マンション等,不動産取引価格情報,13105,東京都,文京区,大塚,茗荷谷,5,24000000,,20,2005年,ＲＣ,,住宅,商業,80.0,600.0,2024年第1四半期,改装済み,,文京区,2024,1,2005.0,19.0,5.0,1200000.0,240069,353648,147.31098
中古マンション等,不動産取引価格情報,13105,東京都,文京区,大塚,茗荷谷,6,25000000,１Ｋ,20,2001年,ＲＣ,住宅,,近隣商業,80.0,400.0,2024年第1四半期,,,文京区,2024,1,2001.0,23.0,6.0,1250000.0,240069,353648,147.31098
中古マンション等,不動産取引価格情報,13105,東京都,文京区,大塚,茗荷谷,6,25000000,１Ｋ,20,2001年,ＲＣ,住宅,住宅,近隣商業,80.0,400.0,2024年第1四半期,未改装,,文京区,2024,1,2001.0,23.0,6.0,1250000.0,240069,353648,147.31098
中古マンション等,不動産取引価格情報,13105,東京都,文京区,大塚,茗荷谷,11,25000000,１Ｋ,20,2006年,ＲＣ,住宅,住宅,商業,80.0,400.0,2024年第1四半期,未改装,,文京区,2024,1,2006.0,18.0,11.0,1250000.0,240069,353648,147.31098
中古マンション等,不動産取引価格情報,13105,東京都,文京区,大塚,茗荷谷,7,120000000,３ＬＤＫ,65,2011年,ＲＣ,住宅,住宅,商業,80.0,600.0,2023年第4四半期,改装済み,,文京区,2023,4,2011.0,12.0,7.0,1846153.8461538462,240069,353648,147.31098
中古マンション等,不動産取引価格情報,13105,東京都,文京区,大塚,茗荷谷,6,40000000,１ＤＫ,35,2005年,ＲＣ,住宅,住宅,商業,80.0,600.0,2023年第4四半期,未改装,,文京区,2023,4,2005.0,18.0,6.0,1142857.142857143,240069,353648,147.31098
中古マンション等,不動産取引価格情報,13105,東京都,文京区,大塚,茗荷谷,8,57000000,オープンフロア,50,1992年,ＳＲＣ,店舗,店舗,準工業,60.0,400.0,2023年第4四半期,未改装,,文京区,2023,4,1992.0,31.0,8.0,1140000.0,240069,353648,147.31098
中古マンション等,不動産取引価格情報,13105,東京都,文京区,大塚,茗荷谷,6,24000000,１Ｋ,20,2001年,ＲＣ,住宅,住宅,近隣商業,80.0,400.0,2023年第4四半期,改装済み,,文京区,2023,4,2001.0,22.0,6.0,1200000.0,240069,353648,147.31098
中古マンション等,不動産取引価格情報,13105,東京都,文京区,大塚,茗荷谷,9,24000000,１Ｋ,20,2008年,ＲＣ,住宅,その他,商業,80.0,400.0,2023年第3四半期,未改装,,文京区,2023,3,2008.0,15.0,9.0,1200000.0,240069,353648,147.31098
中古マンション等,不動産取引価格情報,13105,東京都,文京区,大塚,茗荷谷,7,120000000,３ＬＤＫ,65,2013年,ＲＣ,住宅,住宅,準工業,60.0,400.0,2023年第2四半期,改装済み,,文京区,2023,2,2013.0,10.0,7.0,1846153.8461538462,240069,353648,147.31098
中古マンション等,不動産取引価格情報,13105,東京都,文京区,大塚,茗荷谷,5,24000000,１Ｋ,20,2005年,ＲＣ,住宅,住宅,商業,80.0,600.0,2023年第2四半期,未改装,,文京区,2023,2,2005.0,18.0,5.0,1200000.0,240069,353648,147.31098
中古マンション等,不動産取引価格情報,13105,東京都,文京区,大塚,茗荷谷,7,16000000,１Ｋ,15,1996年,ＲＣ,住宅,住宅,近隣商業,80.0,400.0,2023年第2四半期,未改装,,文京区,2023,2,1996.0,27.0,7.0,1066666.6666666667,240069,353648,147.31098
中古マンション等,不動産取引価格情報,13105,東京都,文京区,大塚,茗荷谷,6,24000000,１Ｋ,20,2001年,ＲＣ,住宅,住宅,近隣商業,80.0,400.0,2023年第2四半期,未改装,,文京区,2023,2,2001.0,22.0,6.0,1200000.0,240069,353648,147.31098
中古マンション等,不動産取引価格情報,13105,東京都,文京区,大塚,茗荷谷,7,130000000,３ＬＤＫ,70,2013年,ＲＣ,住宅,住宅,準工業,60.0,400.0,2023年第2四半期,未改装,,文京区,2023,2,2013.0,10.0,7.0,1857142.857142857,240069,353648,147.31098
中古マンション等,不動産取引価格情報,13105,東京都,文京区,大塚,茗荷谷,7,120000000,３ＬＤＫ,65,2017年,ＲＣ,住宅,住宅,準工業,60.0,400.0,2023年第2四半期,未改装,,文京区,2023,2,2017.0,6.0,7.0,1846153.8461538462,240069,353648,147.31098
中古マンション等,不動産取引価格情報,13105,東京都,文京区,大塚,茗荷谷,0,140000000,３ＬＤＫ,75,2011年,ＲＣ,住宅,住宅,商業,80.0,600.0,2023年第1四半期,未改装,,文京区,2023,1,2011.0,12.0,0.0,1866666.6666666667,240069,353648,147.31098
中古マンション等,不動産取引価格情報,13105,東京都,文京区,大塚,茗荷谷,6,35000000,１ＤＫ,20,2001年,ＲＣ,住宅,住宅,近隣商業,80.0,400.0,2023年第1四半期,未改装,,文京区,2023,1,2001.0,22.0,6.0,1750000.0,240069,353648,147.31098
中古マンション等,不動産取引価格情報,13105,東京都,文京区,大塚,茗荷谷,3,77000000,２ＬＤＫ,55,1999年,ＲＣ,住宅,住宅,商業,80.0,600.0,2023年第1四半期,未改装,,文京区,2023,1,1999.0,24.0,3.0,1400000.0,240069,353648,147.31098
中古マンション等,不動産取引価格情報,13105,東京都,文京区,大塚,茗荷谷,5,48000000,,50,1998年,ＲＣ,住宅,その他,商業,80.0,600.0,2023年第1四半期,,,文京区,2023,1,1998.0,25.0,5.0,960000.0,240069,353648,147.31098
中古マンション等,不動産取引価格情報,13105,東京都,文京区,大塚,茗荷谷,6,21000000,,20,2001年,ＲＣ,,住宅,近隣商業,80.0,400.0,2022年第4四半期,,,文京区,2022,4,2001.0,21.0,6.0,1050000.0,240069,353648,147.31098
中古マンション等,不動産取引価格情報,13105,東京都,文京区,大塚,茗荷谷,11,23000000,１Ｋ,20,2006年,ＲＣ,住宅,住宅,商業,80.0,400.0,2022年第4四半期,,,文京区,2022,4,2006.0,16.0,11.0,1150000.0,240069,353648,147.31098
中古マンション等,不動産取引価格情報,13105,東京都,文京区,大塚,茗荷谷,9,49000000,１ＬＤＫ,40,2015年,ＲＣ,住宅,住宅,商業,80.0,400.0,2022年第4四半期,未改装,,文京区,2022,4,2015.0,7.0,9.0,1225000.0,240069,353648,147.31098
中古マンション等,不動産取引価格情報,13105,東京都,文京区,大塚,茗荷谷,7,19000000,１Ｋ,15,1996年,ＲＣ,住宅,住宅,近隣商業,80.0,400.0,2022年第4四半期,,,文京区,2022,4,1996.0,26.0,7.0,1266666.6666666667,240069,353648,147.31098
中古マンション等,不動産取引価格情報,13105,東京都,文京区,大塚,茗荷谷,8,91000000,３ＬＤＫ,65,2012年,ＲＣ,住宅,その他,商業,80.0,600.0,2022年第4四半期,,,文京区,2022,4,2012.0,10.0,8.0,1400000.0,240069,353648,147.31098
中古マンション等,不動産取引価格情報,13105,東京都,文京区,大塚,茗荷谷,7,14000000,１Ｋ,15,1996年,ＲＣ,住宅,住宅,近隣商業,80.0,400.0,2022年第3四半期,未改装,,文京区,2022,3,1996.0,26.0,7.0,933333.3333333334,240069,353648,147.31098
中古マンション等,不動産取引価格情報,13105,東京都,文京区,大塚,茗荷谷,4,60000000,１ＬＤＫ,50,2011年,ＳＲＣ,住宅,住宅,商業,80.0,600.0,2022年第3四半期,未改装,,文京区,2022,3,2011.0,11.0,4.0,1200000.0,240069,353648,147.31098
中古マンション等,不動産取引価格情報,13105,東京都,文京区,大塚,茗荷谷,0,92000000,２ＬＤＫ,60,2011年,ＲＣ,住宅,住宅,商業,80.0,600.0,2022年第3四半期,未改装,,文京区,2022,3,2011.0,11.0,0.0,1533333.3333333333,240069,353648,147.31098
中古マンション等,不動産取引価格情報,13105,東京都,文京区,大塚,茗荷谷,8,19000000,１Ｋ,20,1994年,ＳＲＣ,,住宅,商業,80.0,400.0,2022年第3四半期,未改装,,文京区,2022,3,1994.0,28.0,8.0,950000.0,240069,353648,147.31098
中古マンション等,不動産取引価格情報,13105,東京都,文京区,大塚,茗荷谷,5,21000000,,25,2005年,ＲＣ,,住宅,商業,80.0,600.0,2022年第3四半期,未改装,,文京区,2022,3,2005.0,17.0,5.0,840000.0,240069,353648,147.31098
中古マンション等,不動産取引価格情報,13105,東京都,文京区,大塚,茗荷谷,6,15000000,１Ｋ,15,1997年,ＳＲＣ,住宅,住宅,商業,80.0,600.0,2022年第2四半期,未改装,,文京区,2022,2,1997.0,25.0,6.0,1000000.0,240069,353648,147.31098
中古マンション等,不動産取引価格情報,13105,東京都,文京区,大塚,茗荷谷,6,23000000,１Ｋ,20,2005年,ＲＣ,住宅,住宅,商業,80.0,600.0,2022年第2四半期,未改装,,文京区,2022,2,2005.0,17.0,6.0,1150000.0,240069,353648,147.31098
中古マンション等,不動産取引価格情報,13105,東京都,文京区,大塚,茗荷谷,6,23000000,１Ｋ,20,2001年,ＲＣ,住宅,住宅,近隣商業,80.0,400.0,2022年第2四半期,未改装,,文京区,2022,2,2001.0,21.0,6.0,1150000.0,240069,353648,147.31098
中古マンション等,不動産取引価格情報,13105,東京都,文京区,大塚,茗荷谷,6,23000000,１Ｋ,20,2001年,ＲＣ,住宅,住宅,近隣商業,80.0,400.0,2022年第2四半期,,,文京区,2022,2,2001.0,21.0,6.0,1150000.0,240069,353648,147.31098
中古マンション等,不動産取引価格情報,13105,東京都,文京区,大塚,茗荷谷,6,23000000,,20,2001年,ＲＣ,住宅,住宅,近隣商業,80.0,400.0,2022年第2四半期,未改装,,文京区,2022,2,2001.0,21.0,6.0,1150000.0,240069,353648,147.31098
中古マンション等,不動産取引価格情報,13105,東京都,文京区,大塚,茗荷谷,6,22000000,１Ｋ,20,2001年,ＲＣ,住宅,住宅,近隣商業,80.0,400.0,2022年第2四半期,未改装,,文京区,2022,2,2001.0,21.0,6.0,1100000.0,240069,353648,147.31098
中古マンション等,不動産取引価格情報,13105,東京都,文京区,大塚,茗荷谷,8,15000000,１Ｋ,20,1992年,ＳＲＣ,住宅,住宅,準工業,60.0,400.0,2022年第1四半期,,,文京区,2022,1,1992.0,30.0,8.0,750000.0,240069,353648,147.31098
中古マンション等,不動産取引価格情報,13105,東京都,文京区,大塚,茗荷谷,6,22000000,,20,2001年,ＲＣ,,住宅,近隣商業,80.0,400.0,2022年第1四半期,,,文京区,2022,1,2001.0,21.0,6.0,1100000.0,240069,353648,147.31098
中古マンション等,不動産取引価格情報,13105,東京都,文京区,大塚,茗荷谷,0,150000000,３ＬＤＫ,85,2011年,ＲＣ,住宅,住宅,商業,80.0,600.0,2022年第1四半期,未改装,,文京区,2022,1,2011.0,11.0,0.0,1764705.8823529412,240069,353648,147.31098
中古マンション等,不動産取引価格情報,13105,東京都,文京区,大塚,茗荷谷,7,7000000,,15,1996年,ＲＣ,住宅,住宅,近隣商業,80.0,400.0,2022年第1四半期,,,文京区,2022,1,1996.0,26.0,7.0,466666.6666666667,240069,353648,147.31098
中古マンション等,不動産取引価格情報,13105,東京都,文京区,大塚,茗荷谷,6,27000000,１Ｋ,20,2005年,ＲＣ,住宅,住宅,商業,80.0,600.0,2021年第4四半期,改装済み,,文京区,2021,4,2005.0,16.0,6.0,1350000.0,240069,353648,147.31098
中古マンション等,不動産取引価格情報,13105,東京都,文京区,大塚,茗荷谷,8,89000000,３ＬＤＫ,65,2013年,ＲＣ,住宅,住宅,準工業,60.0,400.0,2021年第4四半期,未改装,,文京区,2021,4,2013.0,8.0,8.0,1369230.7692307692,240069,353648,147.31098
中古マンション等,不動産取引価格情報,13105,東京都,文京区,大塚,茗荷谷,7,110000000,３ＬＤＫ,70,2013年,ＲＣ,住宅,住宅,準工業,60.0,400.0,2021年第4四半期,改装済み,,文京区,2021,4,2013.0,8.0,7.0,1571428.5714285714,240069,353648,147.31098
中古マンション等,不動産取引価格情報,13105,東京都,文京区,大塚,茗荷谷,5,26000000,１Ｋ,20,2005年,ＲＣ,住宅,住宅,商業,80.0,600.0,2021年第4四半期,,,文京区,2021,4,2005.0,16.0,5.0,1300000.0,240069,353648,147.31098
中古マンション等,不動産取引価格情報,13105,東京都,文京区,大塚,茗荷谷,7,13000000,１Ｋ,15,1996年,ＲＣ,住宅,住宅,近隣商業,80.0,400.0,2021年第3四半期,未改装,,文京区,2021,3,1996.0,25.0,7.0,866666.6666666666,240069,353648,147.31098
中古マンション等,不動産取引価格情報,13105,東京都,文京区,大塚,茗荷谷,4,48000000,１ＬＤＫ,40,2011年,ＳＲＣ,住宅,住宅,商業,80.0,600.0,2021年第3四半期,未改装,,文京区,2021,3,2011.0,10.0,4.0,1200000.0,240069,353648,147.31098
中古マンション等,不動産取引価格情報,13105,東京都,文京区,大塚,茗荷谷,0,170000000,３ＬＤＫ,105,2011年,ＲＣ,,住宅,商業,80.0,600.0,2021年第3四半期,未改装,,文京区,2021,3,2011.0,10.0,0.0,1619047.619047619,240069,353648,147.31098
中古マンション等,不動産取引価格情報,13105,東京都,文京区,大塚,茗荷谷,7,18000000,１Ｋ,15,1996年,ＲＣ,住宅,住宅,近隣商業,80.0,400.0,2021年第2四半期,未改装,,文京区,2021,2,1996.0,25.0,7.0,1200000.0,240069,353648,147.31098
中古マンション等,不動産取引価格情報,13105,東京都,文京区,大塚,茗荷谷,6,21000000,１Ｋ,20,2005年,ＲＣ,住宅,住宅,商業,80.0,600.0,2021年第2四半期,未改装,,文京区,2021,2,2005.0,16.0,6.0,1050000.0,240069,353648,147.31098
中古マンション等,不動産取引価格情報,13105,東京都,文京区,大塚,茗荷谷,4,95000000,３ＬＤＫ,65,2019年,ＲＣ,住宅,住宅,商業,80.0,600.0,2021年第1四半期,未改装,,文京区,2021,1,2019.0,2.0,4.0,1461538.4615384615,240069,353648,147.31098
中古マンション等,不動産取引価格情報,13105,東京都,文京区,大塚,茗荷谷,0,85000000,２ＬＤＫ,55,2011年,ＲＣ,住宅,住宅,商業,80.0,600.0,2021年第1四半期,未改装,,文京区,2021,1,2011.0,10.0,0.0,1545454.5454545454,240069,353648,147.31098
中古マンション等,不動産取引価格情報,13105,東京都,文京区,大塚,茗荷谷,8,19000000,１Ｋ,15,2001年,ＳＲＣ,住宅,住宅,商業,80.0,500.0,2021年第1四半期,未改装,,文京区,2021,1,2001.0,20.0,8.0,1266666.6666666667,240069,353648,147.31098
中古マンション等,不動産取引価格情報,13105,東京都,文京区,大塚,茗荷谷,9,23000000,１Ｋ,20,2008年,ＲＣ,住宅,住宅,商業,80.0,400.0,2021年第1四半期,未改装,,文京区,2021,1,2008.0,13.0,9.0,1150000.0,240069,353648,147.31098
中古マンション等,不動産取引価格情報,13105,東京都,文京区,大塚,茗荷谷,6,20000000,１Ｒ,15,1997年,ＳＲＣ,住宅,,商業,80.0,600.0,2021年第1四半期,未改装,,文京区,2021,1,1997.0,24.0,6.0,1333333.3333333333,240069,353648,147.31098
中古マンション等,不動産取引価格情報,13105,東京都,文京区,大塚,茗荷谷,8,20000000,１Ｋ,15,2001年,ＳＲＣ,住宅,住宅,商業,80.0,500.0,2021年第1四半期,,,文京区,2021,1,2001.0,20.0,8.0,1333333.3333333333,240069,353648,147.31098
中古マンション等,不動産取引価格情報,13105,東京都,文京区,大塚,茗荷谷,6,22000000,１Ｋ,20,2001年,ＲＣ,住宅,住宅,近隣商業,80.0,400.0,2021年第1四半期,未改装,,文京区,2021,1,2001.0,20.0,6.0,1100000.0,240069,353648,147.31098
中古マンション等,不動産取引価格情報,13105,東京都,文京区,大塚,茗荷谷,10,27000000,１Ｋ,25,2011年,ＲＣ,住宅,住宅,商業,80.0,600.0,2021年第1四半期,未改装,,文京区,2021,1,2011.0,10.0,10.0,1080000.0,240069,353648,147.31098
中古マンション等,不動産取引価格情報,13105,東京都,文京区,音羽,江戸川橋,5,100000000,３ＬＤＫ,80,1986年,ＳＲＣ,住宅,住宅,商業,80.0,600.0,2025年第3四半期,改装済み,,文京区,2025,3,1986.0,39.0,5.0,1250000.0,240069,353648,147.31098
中古マンション等,不動産取引価格情報,13105,東京都,文京区,音羽,江戸川橋,4,36000000,１ＤＫ,30,1983年,ＳＲＣ,住宅,住宅,商業,80.0,600.0,2025年第2四半期,改装済み,,文京区,2025,2,1983.0,42.0,4.0,1200000.0,240069,353648,147.31098
中古マンション等,不動産取引価格情報,13105,東京都,文京区,音羽,江戸川橋,2,33000000,１ＤＫ,25,2001年,ＳＲＣ,,住宅,商業,80.0,600.0,2025年第1四半期,未改装,,文京区,2025,1,2001.0,24.0,2.0,1320000.0,240069,353648,147.31098
中古マンション等,不動産取引価格情報,13105,東京都,文京区,音羽,江戸川橋,2,78000000,２ＬＤＫ,45,2012年,ＲＣ,住宅,住宅,近隣商業,80.0,300.0,2024年第4四半期,未改装,,文京区,2024,4,2012.0,12.0,2.0,1733333.3333333333,240069,353648,147.31098
中古マンション等,不動産取引価格情報,13105,東京都,文京区,音羽,江戸川橋,5,16000000,１Ｋ,20,1998年,ＳＲＣ,住宅,,商業,80.0,600.0,2024年第4四半期,,,文京区,2024,4,1998.0,26.0,5.0,800000.0,240069,353648,147.31098
中古マンション等,不動産取引価格情報,13105,東京都,文京区,音羽,江戸川橋,4,37000000,１ＬＤＫ,40,1983年,ＳＲＣ,住宅,住宅,商業,80.0,600.0,2024年第4四半期,未改装,,文京区,2024,4,1983.0,41.0,4.0,925000.0,240069,353648,147.31098
中古マンション等,不動産取引価格情報,13105,東京都,文京区,音羽,江戸川橋,5,21000000,１Ｋ,20,1986年,ＳＲＣ,住宅,事務所,商業,80.0,600.0,2024年第3四半期,未改装,,文京区,2024,3,1986.0,38.0,5.0,1050000.0,240069,353648,147.31098
中古マンション等,不動産取引価格情報,13105,東京都,文京区,音羽,江戸川橋,4,27000000,１ＤＫ,35,1997年,ＳＲＣ,住宅,住宅,商業,80.0,600.0,2024年第2四半期,未改装,,文京区,2024,2,1997.0,27.0,4.0,771428.5714285715,240069,353648,147.31098
中古マンション等,不動産取引価格情報,13105,東京都,文京区,音羽,江戸川橋,5,18000000,１Ｋ,20,1986年,ＳＲＣ,住宅,住宅,商業,80.0,600.0,2024年第1四半期,改装済み,,文京区,2024,1,1986.0,38.0,5.0,900000.0,240069,353648,147.31098
中古マンション等,不動産取引価格情報,13105,東京都,文京区,音羽,江戸川橋,5,21000000,１Ｋ,20,2000年,ＳＲＣ,住宅,住宅,商業,80.0,600.0,2023年第4四半期,未改装,,文京区,2023,4,2000.0,23.0,5.0,1050000.0,240069,353648,147.31098
中古マンション等,不動産取引価格情報,13105,東京都,文京区,音羽,江戸川橋,2,95000000,３ＬＤＫ,65,2012年,ＲＣ,住宅,住宅,近隣商業,80.0,300.0,2023年第4四半期,未改装,,文京区,2023,4,2012.0,11.0,2.0,1461538.4615384615,240069,353648,147.31098
中古マンション等,不動産取引価格情報,13105,東京都,文京区,音羽,江戸川橋,5,32000000,２ＤＫ,40,1986年,ＳＲＣ,住宅,住宅,商業,80.0,600.0,2023年第3四半期,未改装,,文京区,2023,3,1986.0,37.0,5.0,800000.0,240069,353648,147.31098
中古マンション等,不動産取引価格情報,13105,東京都,文京区,音羽,江戸川橋,4,41000000,１ＬＤＫ,40,1983年,ＳＲＣ,住宅,住宅,商業,80.0,600.0,2023年第3四半期,改装済み,,文京区,2023,3,1983.0,40.0,4.0,1025000.0,240069,353648,147.31098
中古マンション等,不動産取引価格情報,13105,東京都,文京区,音羽,江戸川橋,3,22000000,１Ｋ,15,1998年,ＳＲＣ,,その他,商業,80.0,600.0,2023年第2四半期,未改装,,文京区,2023,2,1998.0,25.0,3.0,1466666.6666666667,240069,353648,147.31098
中古マンション等,不動産取引価格情報,13105,東京都,文京区,音羽,江戸川橋,3,26000000,１ＤＫ,30,1998年,ＳＲＣ,,その他,商業,80.0,600.0,2023年第2四半期,未改装,,文京区,2023,2,1998.0,25.0,3.0,866666.6666666666,240069,353648,147.31098
中古マンション等,不動産取引価格情報,13105,東京都,文京区,音羽,江戸川橋,2,63000000,１ＬＤＫ,55,2001年,ＳＲＣ,住宅,住宅,商業,80.0,600.0,2023年第2四半期,改装済み,,文京区,2023,2,2001.0,22.0,2.0,1145454.5454545454,240069,353648,147.31098
中古マンション等,不動産取引価格情報,13105,東京都,文京区,音羽,江戸川橋,5,21000000,１Ｋ,20,2000年,ＳＲＣ,住宅,その他,商業,80.0,600.0,2023年第2四半期,,,文京区,2023,2,2000.0,23.0,5.0,1050000.0,240069,353648,147.31098
中古マンション等,不動産取引価格情報,13105,東京都,文京区,音羽,江戸川橋,3,23000000,１Ｋ,20,2002年,ＲＣ,住宅,住宅,近隣商業,80.0,400.0,2023年第1四半期,,,文京区,2023,1,2002.0,21.0,3.0,1150000.0,240069,353648,147.31098
中古マンション等,不動産取引価格情報,13105,東京都,文京区,音羽,江戸川橋,2,64000000,１ＬＤＫ,45,2012年,ＲＣ,住宅,住宅,近隣商業,80.0,300.0,2023年第1四半期,未改装,,文京区,2023,1,2012.0,11.0,2.0,1422222.2222222222,240069,353648,147.31098
中古マンション等,不動産取引価格情報,13105,東京都,文京区,音羽,江戸川橋,4,23000000,１Ｋ,30,1983年,ＳＲＣ,住宅,住宅,商業,80.0,600.0,2023年第1四半期,未改装,,文京区,2023,1,1983.0,40.0,4.0,766666.6666666666,240069,353648,147.31098
中古マンション等,不動産取引価格情報,13105,東京都,文京区,音羽,江戸川橋,5,16000000,１Ｋ,15,1998年,ＳＲＣ,住宅,住宅,商業,80.0,600.0,2022年第4四半期,未改装,,文京区,2022,4,1998.0,24.0,5.0,1066666.6666666667,240069,353648,147.31098
中古マンション等,不動産取引価格情報,13105,東京都,文京区,音羽,江戸川橋,3,22000000,１Ｋ,15,1998年,ＳＲＣ,住宅,住宅,商業,80.0,600.0,2022年第4四半期,未改装,,文京区,2022,4,1998.0,24.0,3.0,1466666.6666666667,240069,353648,147.31098
中古マンション等,不動産取引価格情報,13105,東京都,文京区,音羽,江戸川橋,3,100000000,３ＬＤＫ,70,1997年,ＳＲＣ,住宅,住宅,商業,80.0,600.0,2022年第4四半期,改装済み,,文京区,2022,4,1997.0,25.0,3.0,1428571.4285714286,240069,353648,147.31098
中古マンション等,不動産取引価格情報,13105,東京都,文京区,音羽,江戸川橋,3,22000000,１Ｋ,15,1998年,ＳＲＣ,住宅,住宅,商業,80.0,600.0,2022年第4四半期,改装済み,,文京区,2022,4,1998.0,24.0,3.0,1466666.6666666667,240069,353648,147.31098
中古マンション等,不動産取引価格情報,13105,東京都,文京区,音羽,江戸川橋,2,67000000,２ＬＤＫ,50,2012年,ＲＣ,住宅,住宅,近隣商業,80.0,300.0,2022年第3四半期,未改装,,文京区,2022,3,2012.0,10.0,2.0,1340000.0,240069,353648,147.31098
中古マンション等,不動産取引価格情報,13105,東京都,文京区,音羽,江戸川橋,5,43000000,１ＬＤＫ,40,1986年,ＳＲＣ,住宅,住宅,商業,80.0,600.0,2022年第2四半期,改装済み,,文京区,2022,2,1986.0,36.0,5.0,1075000.0,240069,353648,147.31098
中古マンション等,不動産取引価格情報,13105,東京都,文京区,音羽,江戸川橋,3,79000000,２ＬＤＫ,70,2010年,ＲＣ,住宅,住宅,商業,80.0,600.0,2022年第2四半期,未改装,,文京区,2022,2,2010.0,12.0,3.0,1128571.4285714286,240069,353648,147.31098
中古マンション等,不動産取引価格情報,13105,東京都,文京区,音羽,江戸川橋,6,29000000,１ＤＫ,30,1998年,ＳＲＣ,住宅,住宅,商業,80.0,600.0,2022年第1四半期,改装済み,,文京区,2022,1,1998.0,24.0,6.0,966666.6666666666,240069,353648,147.31098
中古マンション等,不動産取引価格情報,13105,東京都,文京区,音羽,江戸川橋,3,24000000,１Ｋ,20,2011年,ＲＣ,住宅,住宅,近隣商業,80.0,400.0,2022年第1四半期,未改装,,文京区,2022,1,2011.0,11.0,3.0,1200000.0,240069,353648,147.31098
中古マンション等,不動産取引価格情報,13105,東京都,文京区,音羽,江戸川橋,3,23000000,１Ｋ,15,2011年,ＲＣ,住宅,住宅,近隣商業,80.0,400.0,2022年第1四半期,未改装,,文京区,2022,1,2011.0,11.0,3.0,1533333.3333333333,240069,353648,147.31098
中古マンション等,不動産取引価格情報,13105,東京都,文京区,音羽,江戸川橋,2,69000000,２ＬＤＫ,50,2012年,ＲＣ,住宅,住宅,近隣商業,80.0,300.0,2021年第4四半期,未改装,,文京区,2021,4,2012.0,9.0,2.0,1380000.0,240069,353648,147.31098
中古マンション等,不動産取引価格情報,13105,東京都,文京区,音羽,江戸川橋,5,14000000,１Ｋ,20,1986年,ＳＲＣ,住宅,住宅,商業,80.0,600.0,2021年第4四半期,未改装,,文京区,2021,4,1986.0,35.0,5.0,700000.0,240069,353648,147.31098
中古マンション等,不動産取引価格情報,13105,東京都,文京区,音羽,江戸川橋,3,27000000,１Ｋ,20,2002年,ＲＣ,住宅,住宅,近隣商業,80.0,400.0,2021年第3四半期,改装済み,,文京区,2021,3,2002.0,19.0,3.0,1350000.0,240069,353648,147.31098
中古マンション等,不動産取引価格情報,13105,東京都,文京区,音羽,江戸川橋,3,59000000,１ＬＤＫ,60,1997年,ＳＲＣ,住宅,住宅,商業,80.0,600.0,2021年第3四半期,改装済み,,文京区,2021,3,1997.0,24.0,3.0,983333.3333333334,240069,353648,147.31098
中古マンション等,不動産取引価格情報,13105,東京都,文京区,音羽,江戸川橋,4,40000000,１ＬＤＫ,40,1983年,ＳＲＣ,住宅,住宅,商業,80.0,600.0,2021年第3四半期,改装済み,,文京区,2021,3,1983.0,38.0,4.0,1000000.0,240069,353648,147.31098
中古マンション等,不動産取引価格情報,13105,東京都,文京区,音羽,江戸川橋,3,74000000,２ＤＫ,70,1997年,ＳＲＣ,住宅,,商業,80.0,600.0,2021年第3四半期,未改装,,文京区,2021,3,1997.0,24.0,3.0,1057142.857142857,240069,353648,147.31098
中古マンション等,不動産取引価格情報,13105,東京都,文京区,音羽,江戸川橋,3,21000000,１Ｋ,20,2002年,ＲＣ,住宅,住宅,近隣商業,80.0,400.0,2021年第3四半期,未改装,,文京区,2021,3,2002.0,19.0,3.0,1050000.0,240069,353648,147.31098
中古マンション等,不動産取引価格情報,13105,東京都,文京区,音羽,江戸川橋,3,23000000,１Ｋ,15,2002年,ＲＣ,住宅,住宅,近隣商業,80.0,300.0,2021年第2四半期,改装済み,,文京区,2021,2,2002.0,19.0,3.0,1533333.3333333333,240069,353648,147.31098
中古マンション等,不動産取引価格情報,13105,東京都,文京区,音羽,江戸川橋,4,16000000,１Ｋ,20,1998年,ＳＲＣ,住宅,住宅,商業,80.0,600.0,2021年第2四半期,未改装,,文京区,2021,2,1998.0,23.0,4.0,800000.0,240069,353648,147.31098
中古マンション等,不動産取引価格情報,13105,東京都,文京区,音羽,江戸川橋,3,21000000,１Ｋ,20,2002年,ＲＣ,住宅,住宅,近隣商業,80.0,400.0,2021年第2四半期,未改装,,文京区,2021,2,2002.0,19.0,3.0,1050000.0,240069,353648,147.31098
中古マンション等,不動産取引価格情報,13105,東京都,文京区,音羽,江戸川橋,3,22000000,１Ｋ,15,1998年,ＳＲＣ,住宅,住宅,商業,80.0,600.0,2021年第1四半期,未改装,,文京区,2021,1,1998.0,23.0,3.0,1466666.6666666667,240069,353648,147.31098
中古マンション等,不動産取引価格情報,13105,東京都,文京区,音羽,護国寺,1,69000000,３ＬＤＫ,75,1997年,ＳＲＣ,住宅,,商業,80.0,600.0,2025年第4四半期,未改装,,文京区,2025,4,1997.0,28.0,1.0,920000.0,240069,353648,147.31098
中古マンション等,不動産取引価格情報,13105,東京都,文京区,音羽,護国寺,0,40000000,１ＬＤＫ,40,1978年,ＳＲＣ,住宅,住宅,商業,80.0,600.0,2025年第4四半期,未改装,,文京区,2025,4,1978.0,47.0,0.0,1000000.0,240069,353648,147.31098
中古マンション等,不動産取引価格情報,13105,東京都,文京区,音羽,護国寺,1,130000000,３ＬＤＫ,65,2002年,ＳＲＣ,住宅,住宅,商業,80.0,400.0,2025年第3四半期,改装済み,,文京区,2025,3,2002.0,23.0,1.0,2000000.0,240069,353648,147.31098
中古マンション等,不動産取引価格情報,13105,東京都,文京区,音羽,護国寺,0,42000000,１ＬＤＫ,40,1978年,ＳＲＣ,住宅,住宅,商業,80.0,600.0,2025年第3四半期,改装済み,,文京区,2025,3,1978.0,47.0,0.0,1050000.0,240069,353648,147.31098
中古マンション等,不動産取引価格情報,13105,東京都,文京区,音羽,護国寺,4,39000000,１ＬＤＫ,45,1985年,ＳＲＣ,住宅,住宅,商業,80.0,600.0,2025年第3四半期,改装済み,,文京区,2025,3,1985.0,40.0,4.0,866666.6666666666,240069,353648,147.31098
中古マンション等,不動産取引価格情報,13105,東京都,文京区,音羽,護国寺,4,41000000,１ＬＤＫ,35,1985年,ＳＲＣ,住宅,住宅,商業,80.0,600.0,2025年第3四半期,改装済み,,文京区,2025,3,1985.0,40.0,4.0,1171428.5714285714,240069,353648,147.31098
中古マンション等,不動産取引価格情報,13105,東京都,文京区,音羽,護国寺,3,12000000,オープンフロア,30,1985年,ＳＲＣ,事務所,事務所,商業,80.0,600.0,2025年第3四半期,未改装,,文京区,2025,3,1985.0,40.0,3.0,400000.0,240069,353648,147.31098
中古マンション等,不動産取引価格情報,13105,東京都,文京区,音羽,護国寺,5,54000000,１ＬＤＫ,40,1983年,ＲＣ,住宅,住宅,商業,80.0,600.0,2025年第3四半期,改装済み,,文京区,2025,3,1983.0,42.0,5.0,1350000.0,240069,353648,147.31098
中古マンション等,不動産取引価格情報,13105,東京都,文京区,音羽,護国寺,1,5000000,,15,1987年,ＳＲＣ,駐車場,その他,商業,80.0,600.0,2025年第3四半期,,,文京区,2025,3,1987.0,38.0,1.0,333333.3333333333,240069,353648,147.31098
中古マンション等,不動産取引価格情報,13105,東京都,文京区,音羽,護国寺,1,29000000,オープンフロア,35,1987年,ＳＲＣ,,店舗,商業,80.0,600.0,2025年第2四半期,未改装,,文京区,2025,2,1987.0,38.0,1.0,828571.4285714285,240069,353648,147.31098
中古マンション等,不動産取引価格情報,13105,東京都,文京区,音羽,護国寺,4,93000000,３ＬＤＫ,80,1985年,ＳＲＣ,住宅,,商業,80.0,600.0,2025年第2四半期,,,文京区,2025,2,1985.0,40.0,4.0,1162500.0,240069,353648,147.31098
中古マンション等,不動産取引価格情報,13105,東京都,文京区,音羽,護国寺,4,58000000,１ＬＤＫ,45,1985年,ＳＲＣ,住宅,住宅,商業,80.0,600.0,2025年第2四半期,改装済み,,文京区,2025,2,1985.0,40.0,4.0,1288888.888888889,240069,353648,147.31098
中古マンション等,不動産取引価格情報,13105,東京都,文京区,音羽,護国寺,5,43000000,２ＬＤＫ,60,1984年,ＳＲＣ,住宅,その他,商業,80.0,600.0,2025年第2四半期,未改装,,文京区,2025,2,1984.0,41.0,5.0,716666.6666666666,240069,353648,147.31098
中古マンション等,不動産取引価格情報,13105,東京都,文京区,音羽,護国寺,5,23000000,１Ｋ,30,1991年,ＲＣ,住宅,住宅,商業,80.0,400.0,2025年第2四半期,改装済み,,文京区,2025,2,1991.0,34.0,5.0,766666.6666666666,240069,353648,147.31098
中古マンション等,不動産取引価格情報,13105,東京都,文京区,音羽,護国寺,0,63000000,,65,1978年,ＳＲＣ,住宅,事務所,商業,80.0,600.0,2025年第2四半期,改装済み,,文京区,2025,2,1978.0,47.0,0.0,969230.7692307692,240069,353648,147.31098
中古マンション等,不動産取引価格情報,13105,東京都,文京区,音羽,護国寺,6,18000000,,20,1997年,ＲＣ,住宅,住宅,近隣商業,80.0,300.0,2025年第2四半期,,,文京区,2025,2,1997.0,28.0,6.0,900000.0,240069,353648,147.31098
中古マンション等,不動産取引価格情報,13105,東京都,文京区,音羽,護国寺,2,90000000,２ＬＤＫ,60,1989年,ＳＲＣ,住宅,住宅,商業,80.0,600.0,2025年第2四半期,改装済み,,文京区,2025,2,1989.0,36.0,2.0,1500000.0,240069,353648,147.31098
中古マンション等,不動産取引価格情報,13105,東京都,文京区,音羽,護国寺,1,100000000,２ＬＤＫ,50,2012年,ＲＣ,住宅,住宅,商業,80.0,600.0,2025年第2四半期,改装済み,,文京区,2025,2,2012.0,13.0,1.0,2000000.0,240069,353648,147.31098
中古マンション等,不動産取引価格情報,13105,東京都,文京区,音羽,護国寺,4,48000000,２ＤＫ,40,1989年,ＳＲＣ,住宅,住宅,商業,80.0,600.0,2025年第2四半期,改装済み,,文京区,2025,2,1989.0,36.0,4.0,1200000.0,240069,353648,147.31098
中古マンション等,不動産取引価格情報,13105,東京都,文京区,音羽,護国寺,2,25000000,,25,2001年,ＲＣ,住宅,その他,商業,80.0,600.0,2025年第1四半期,改装済み,,文京区,2025,1,2001.0,24.0,2.0,1000000.0,240069,353648,147.31098
中古マンション等,不動産取引価格情報,13105,東京都,文京区,音羽,護国寺,5,23000000,１Ｋ,20,2002年,ＲＣ,住宅,住宅,近隣商業,80.0,300.0,2025年第1四半期,未改装,,文京区,2025,1,2002.0,23.0,5.0,1150000.0,240069,353648,147.31098
中古マンション等,不動産取引価格情報,13105,東京都,文京区,音羽,護国寺,3,76000000,３ＬＤＫ,65,1985年,ＳＲＣ,,住宅,商業,80.0,600.0,2025年第1四半期,改装済み,,文京区,2025,1,1985.0,40.0,3.0,1169230.7692307692,240069,353648,147.31098
中古マンション等,不動産取引価格情報,13105,東京都,文京区,音羽,護国寺,5,69000000,３ＬＤＫ,60,1984年,ＳＲＣ,住宅,住宅,商業,80.0,600.0,2025年第1四半期,改装済み,,文京区,2025,1,1984.0,41.0,5.0,1150000.0,240069,353648,147.31098
中古マンション等,不動産取引価格情報,13105,東京都,文京区,音羽,護国寺,5,100000000,２ＬＤＫ,85,1984年,ＳＲＣ,,住宅,商業,80.0,600.0,2025年第1四半期,改装済み,,文京区,2025,1,1984.0,41.0,5.0,1176470.5882352942,240069,353648,147.31098
中古マンション等,不動産取引価格情報,13105,東京都,文京区,音羽,護国寺,1,64000000,２ＬＤＫ,45,2005年,ＳＲＣ,住宅,住宅,商業,80.0,400.0,2024年第4四半期,未改装,,文京区,2024,4,2005.0,19.0,1.0,1422222.2222222222,240069,353648,147.31098
中古マンション等,不動産取引価格情報,13105,東京都,文京区,音羽,護国寺,4,16000000,１Ｋ,20,1989年,ＳＲＣ,住宅,住宅,商業,80.0,600.0,2024年第4四半期,未改装,,文京区,2024,4,1989.0,35.0,4.0,800000.0,240069,353648,147.31098
中古マンション等,不動産取引価格情報,13105,東京都,文京区,音羽,護国寺,2,120000000,２ＬＤＫ,70,2012年,ＲＣ,住宅,住宅,商業,80.0,600.0,2024年第4四半期,未改装,,文京区,2024,4,2012.0,12.0,2.0,1714285.7142857143,240069,353648,147.31098
中古マンション等,不動産取引価格情報,13105,東京都,文京区,音羽,護国寺,1,47000000,,40,1984年,ＳＲＣ,住宅,住宅,商業,80.0,600.0,2024年第3四半期,改装済み,,文京区,2024,3,1984.0,40.0,1.0,1175000.0,240069,353648,147.31098
中古マンション等,不動産取引価格情報,13105,東京都,文京区,音羽,護国寺,6,30000000,１ＤＫ,30,1998年,ＳＲＣ,住宅,,商業,80.0,600.0,2024年第3四半期,,,文京区,2024,3,1998.0,26.0,6.0,1000000.0,240069,353648,147.31098
中古マンション等,不動産取引価格情報,13105,東京都,文京区,音羽,護国寺,5,95000000,３ＬＤＫ,85,1984年,ＳＲＣ,住宅,住宅,商業,80.0,600.0,2024年第3四半期,改装済み,,文京区,2024,3,1984.0,40.0,5.0,1117647.0588235294,240069,353648,147.31098
中古マンション等,不動産取引価格情報,13105,東京都,文京区,音羽,護国寺,5,63000000,１ＬＤＫ,60,1984年,ＳＲＣ,,住宅,商業,80.0,600.0,2024年第3四半期,未改装,,文京区,2024,3,1984.0,40.0,5.0,1050000.0,240069,353648,147.31098
中古マンション等,不動産取引価格情報,13105,東京都,文京区,音羽,護国寺,0,46000000,２ＬＤＫ,50,1978年,ＳＲＣ,住宅,住宅,商業,80.0,600.0,2024年第3四半期,改装済み,,文京区,2024,3,1978.0,46.0,0.0,920000.0,240069,353648,147.31098
中古マンション等,不動産取引価格情報,13105,東京都,文京区,音羽,護国寺,5,66000000,３ＬＤＫ,60,1984年,ＳＲＣ,,住宅,商業,80.0,600.0,2024年第3四半期,未改装,,文京区,2024,3,1984.0,40.0,5.0,1100000.0,240069,353648,147.31098
中古マンション等,不動産取引価格情報,13105,東京都,文京区,音羽,護国寺,5,69000000,３ＬＤＫ,60,1984年,ＳＲＣ,,住宅,商業,80.0,600.0,2024年第3四半期,改装済み,,文京区,2024,3,1984.0,40.0,5.0,1150000.0,240069,353648,147.31098
中古マンション等,不動産取引価格情報,13105,東京都,文京区,音羽,護国寺,2,60000000,２ＬＤＫ,45,2012年,ＲＣ,住宅,住宅,商業,80.0,600.0,2024年第2四半期,改装済み,,文京区,2024,2,2012.0,12.0,2.0,1333333.3333333333,240069,353648,147.31098
中古マンション等,不動産取引価格情報,13105,東京都,文京区,音羽,護国寺,5,51000000,２ＬＤＫ,60,1984年,ＳＲＣ,住宅,住宅,商業,80.0,600.0,2024年第2四半期,未改装,,文京区,2024,2,1984.0,40.0,5.0,850000.0,240069,353648,147.31098
中古マンション等,不動産取引価格情報,13105,東京都,文京区,音羽,護国寺,2,27000000,１Ｋ,20,2001年,ＲＣ,住宅,住宅,商業,80.0,600.0,2024年第2四半期,,,文京区,2024,2,2001.0,23.0,2.0,1350000.0,240069,353648,147.31098
中古マンション等,不動産取引価格情報,13105,東京都,文京区,音羽,護国寺,5,66000000,２ＬＤＫ,60,1984年,ＳＲＣ,住宅,住宅,商業,80.0,600.0,2024年第2四半期,改装済み,,文京区,2024,2,1984.0,40.0,5.0,1100000.0,240069,353648,147.31098
中古マンション等,不動産取引価格情報,13105,東京都,文京区,音羽,護国寺,5,23000000,１Ｋ,20,1991年,ＲＣ,住宅,住宅,商業,80.0,400.0,2024年第2四半期,改装済み,,文京区,2024,2,1991.0,33.0,5.0,1150000.0,240069,353648,147.31098
中古マンション等,不動産取引価格情報,13105,東京都,文京区,音羽,護国寺,5,23000000,１Ｋ,30,1991年,ＲＣ,住宅,住宅,商業,80.0,600.0,2024年第1四半期,未改装,,文京区,2024,1,1991.0,33.0,5.0,766666.6666666666,240069,353648,147.31098
中古マンション等,不動産取引価格情報,13105,東京都,文京区,音羽,護国寺,2,65000000,オープンフロア,70,1989年,ＳＲＣ,店舗,店舗,商業,80.0,600.0,2024年第1四半期,改装済み,,文京区,2024,1,1989.0,35.0,2.0,928571.4285714285,240069,353648,147.31098
中古マンション等,不動産取引価格情報,13105,東京都,文京区,音羽,護国寺,5,16000000,１Ｋ,25,1991年,ＲＣ,住宅,その他,商業,80.0,400.0,2024年第1四半期,未改装,,文京区,2024,1,1991.0,33.0,5.0,640000.0,240069,353648,147.31098
中古マンション等,不動産取引価格情報,13105,東京都,文京区,音羽,護国寺,1,130000000,４ＬＤＫ,90,2005年,ＳＲＣ,住宅,住宅,商業,80.0,400.0,2024年第1四半期,未改装,,文京区,2024,1,2005.0,19.0,1.0,1444444.4444444445,240069,353648,147.31098
中古マンション等,不動産取引価格情報,13105,東京都,文京区,音羽,護国寺,6,17000000,１Ｋ,20,1997年,ＲＣ,住宅,住宅,近隣商業,80.0,300.0,2023年第4四半期,未改装,,文京区,2023,4,1997.0,26.0,6.0,850000.0,240069,353648,147.31098
中古マンション等,不動産取引価格情報,13105,東京都,文京区,音羽,護国寺,4,38000000,オープンフロア,35,1985年,ＳＲＣ,店舗,店舗,商業,80.0,600.0,2023年第4四半期,未改装,,文京区,2023,4,1985.0,38.0,4.0,1085714.2857142857,240069,353648,147.31098
中古マンション等,不動産取引価格情報,13105,東京都,文京区,音羽,護国寺,1,62000000,２ＤＫ,45,2005年,ＳＲＣ,住宅,住宅,商業,80.0,400.0,2023年第4四半期,改装済み,,文京区,2023,4,2005.0,18.0,1.0,1377777.7777777778,240069,353648,147.31098
中古マンション等,不動産取引価格情報,13105,東京都,文京区,音羽,護国寺,6,29000000,１ＤＫ,30,1998年,ＳＲＣ,住宅,住宅,商業,80.0,600.0,2023年第4四半期,未改装,,文京区,2023,4,1998.0,25.0,6.0,966666.6666666666,240069,353648,147.31098
中古マンション等,不動産取引価格情報,13105,東京都,文京区,音羽,護国寺,3,74000000,３ＬＤＫ,65,1985年,ＳＲＣ,住宅,住宅,商業,80.0,600.0,2023年第4四半期,改装済み,,文京区,2023,4,1985.0,38.0,3.0,1138461.5384615385,240069,353648,147.31098
中古マンション等,不動産取引価格情報,13105,東京都,文京区,音羽,護国寺,6,18000000,１Ｋ,20,1997年,ＲＣ,,その他,近隣商業,80.0,300.0,2023年第4四半期,,,文京区,2023,4,1997.0,26.0,6.0,900000.0,240069,353648,147.31098
中古マンション等,不動産取引価格情報,13105,東京都,文京区,音羽,護国寺,4,18000000,１Ｋ,25,1989年,ＳＲＣ,住宅,住宅,商業,80.0,600.0,2023年第3四半期,改装済み,,文京区,2023,3,1989.0,34.0,4.0,720000.0,240069,353648,147.31098
中古マンション等,不動産取引価格情報,13105,東京都,文京区,音羽,護国寺,0,55000000,２ＬＤＫ,55,1978年,ＳＲＣ,住宅,住宅,商業,80.0,600.0,2023年第3四半期,,,文京区,2023,3,1978.0,45.0,0.0,1000000.0,240069,353648,147.31098
中古マンション等,不動産取引価格情報,13105,東京都,文京区,音羽,護国寺,5,31000000,１ＬＤＫ,40,1991年,ＲＣ,住宅,その他,商業,80.0,400.0,2023年第3四半期,未改装,,文京区,2023,3,1991.0,32.0,5.0,775000.0,240069,353648,147.31098
中古マンション等,不動産取引価格情報,13105,東京都,文京区,音羽,護国寺,4,18000000,,20,2002年,ＳＲＣ,住宅,住宅,商業,80.0,600.0,2023年第3四半期,,,文京区,2023,3,2002.0,21.0,4.0,900000.0,240069,353648,147.31098
中古マンション等,不動産取引価格情報,13105,東京都,文京区,音羽,護国寺,4,23000000,１Ｋ,25,1989年,ＳＲＣ,住宅,住宅,商業,80.0,600.0,2023年第2四半期,未改装,,文京区,2023,2,1989.0,34.0,4.0,920000.0,240069,353648,147.31098
中古マンション等,不動産取引価格情報,13105,東京都,文京区,音羽,護国寺,1,21000000,１Ｋ,15,2001年,ＳＲＣ,住宅,その他,商業,80.0,400.0,2023年第2四半期,未改装,,文京区,2023,2,2001.0,22.0,1.0,1400000.0,240069,353648,147.31098
中古マンション等,不動産取引価格情報,13105,東京都,文京区,音羽,護国寺,5,19000000,１Ｋ,20,2002年,ＲＣ,住宅,その他,近隣商業,80.0,300.0,2023年第2四半期,未改装,,文京区,2023,2,2002.0,21.0,5.0,950000.0,240069,353648,147.31098
中古マンション等,不動産取引価格情報,13105,東京都,文京区,音羽,護国寺,1,21000000,１Ｋ,15,2001年,ＳＲＣ,住宅,その他,商業,80.0,400.0,2023年第2四半期,未改装,,文京区,2023,2,2001.0,22.0,1.0,1400000.0,240069,353648,147.31098
中古マンション等,不動産取引価格情報,13105,東京都,文京区,音羽,護国寺,4,19000000,１Ｋ,25,1985年,ＳＲＣ,住宅,住宅,商業,80.0,600.0,2023年第2四半期,未改装,,文京区,2023,2,1985.0,38.0,4.0,760000.0,240069,353648,147.31098
中古マンション等,不動産取引価格情報,13105,東京都,文京区,音羽,護国寺,5,77000000,３ＬＤＫ,85,1984年,ＳＲＣ,住宅,住宅,商業,80.0,600.0,2023年第1四半期,改装済み,,文京区,2023,1,1984.0,39.0,5.0,905882.3529411765,240069,353648,147.31098
中古マンション等,不動産取引価格情報,13105,東京都,文京区,音羽,護国寺,6,33000000,１ＤＫ,30,1998年,ＳＲＣ,住宅,住宅,商業,80.0,600.0,2023年第1四半期,改装済み,,文京区,2023,1,1998.0,25.0,6.0,1100000.0,240069,353648,147.31098
中古マンション等,不動産取引価格情報,13105,東京都,文京区,音羽,護国寺,1,32000000,２ＬＤＫ,55,1980年,ＳＲＣ,住宅,住宅,商業,80.0,600.0,2023年第1四半期,未改装,,文京区,2023,1,1980.0,43.0,1.0,581818.1818181818,240069,353648,147.31098
中古マンション等,不動産取引価格情報,13105,東京都,文京区,音羽,護国寺,1,52000000,１ＬＤＫ,40,1997年,ＳＲＣ,事務所,事務所,商業,80.0,600.0,2023年第1四半期,未改装,,文京区,2023,1,1997.0,26.0,1.0,1300000.0,240069,353648,147.31098
中古マンション等,不動産取引価格情報,13105,東京都,文京区,音羽,護国寺,0,36000000,２ＬＤＫ,55,1978年,ＳＲＣ,住宅,住宅,商業,80.0,600.0,2023年第1四半期,未改装,,文京区,2023,1,1978.0,45.0,0.0,654545.4545454546,240069,353648,147.31098
中古マンション等,不動産取引価格情報,13105,東京都,文京区,音羽,護国寺,5,45000000,１ＬＤＫ,40,1983年,ＲＣ,住宅,住宅,商業,80.0,600.0,2023年第1四半期,改装済み,,文京区,2023,1,1983.0,40.0,5.0,1125000.0,240069,353648,147.31098
中古マンション等,不動産取引価格情報,13105,東京都,文京区,音羽,護国寺,3,66000000,２ＬＤＫ,65,1985年,ＳＲＣ,住宅,住宅,商業,80.0,600.0,2023年第1四半期,未改装,,文京区,2023,1,1985.0,38.0,3.0,1015384.6153846154,240069,353648,147.31098
中古マンション等,不動産取引価格情報,13105,東京都,文京区,音羽,護国寺,4,41000000,１ＬＤＫ,35,1985年,ＳＲＣ,住宅,住宅,商業,80.0,600.0,2022年第4四半期,,,文京区,2022,4,1985.0,37.0,4.0,1171428.5714285714,240069,353648,147.31098
中古マンション等,不動産取引価格情報,13105,東京都,文京区,音羽,護国寺,4,26000000,１Ｋ,25,1989年,ＳＲＣ,住宅,住宅,商業,80.0,600.0,2022年第4四半期,改装済み,,文京区,2022,4,1989.0,33.0,4.0,1040000.0,240069,353648,147.31098
中古マンション等,不動産取引価格情報,13105,東京都,文京区,音羽,護国寺,1,19000000,１Ｋ,15,2001年,ＳＲＣ,住宅,住宅,商業,80.0,400.0,2022年第4四半期,未改装,,文京区,2022,4,2001.0,21.0,1.0,1266666.6666666667,240069,353648,147.31098
中古マンション等,不動産取引価格情報,13105,東京都,文京区,音羽,護国寺,1,20000000,１Ｒ,25,1987年,ＳＲＣ,住宅,住宅,商業,80.0,600.0,2022年第4四半期,改装済み,,文京区,2022,4,1987.0,35.0,1.0,800000.0,240069,353648,147.31098
中古マンション等,不動産取引価格情報,13105,東京都,文京区,音羽,護国寺,3,58000000,３ＬＤＫ,65,1985年,ＳＲＣ,住宅,住宅,商業,80.0,600.0,2022年第4四半期,未改装,,文京区,2022,4,1985.0,37.0,3.0,892307.6923076923,240069,353648,147.31098
中古マンション等,不動産取引価格情報,13105,東京都,文京区,音羽,護国寺,1,48000000,２ＬＤＫ,40,1984年,ＳＲＣ,住宅,住宅,商業,80.0,600.0,2022年第3四半期,改装済み,,文京区,2022,3,1984.0,38.0,1.0,1200000.0,240069,353648,147.31098
中古マンション等,不動産取引価格情報,13105,東京都,文京区,音羽,護国寺,1,42000000,,55,1980年,ＳＲＣ,住宅,住宅,商業,80.0,600.0,2022年第3四半期,未改装,,文京区,2022,3,1980.0,42.0,1.0,763636.3636363636,240069,353648,147.31098
中古マンション等,不動産取引価格情報,13105,東京都,文京区,音羽,護国寺,1,85000000,３ＬＤＫ,70,1987年,ＳＲＣ,住宅,住宅,商業,80.0,600.0,2022年第3四半期,改装済み,,文京区,2022,3,1987.0,35.0,1.0,1214285.7142857143,240069,353648,147.31098
中古マンション等,不動産取引価格情報,13105,東京都,文京区,音羽,護国寺,5,26000000,１Ｋ,30,1991年,ＲＣ,事務所,事務所,商業,80.0,400.0,2022年第3四半期,改装済み,,文京区,2022,3,1991.0,31.0,5.0,866666.6666666666,240069,353648,147.31098
中古マンション等,不動産取引価格情報,13105,東京都,文京区,音羽,護国寺,6,18000000,１Ｋ,20,1997年,ＲＣ,住宅,住宅,近隣商業,80.0,300.0,2022年第3四半期,未改装,,文京区,2022,3,1997.0,25.0,6.0,900000.0,240069,353648,147.31098
中古マンション等,不動産取引価格情報,13105,東京都,文京区,音羽,護国寺,1,18000000,１Ｋ,15,2001年,ＳＲＣ,住宅,その他,商業,80.0,400.0,2022年第3四半期,,,文京区,2022,3,2001.0,21.0,1.0,1200000.0,240069,353648,147.31098
中古マンション等,不動産取引価格情報,13105,東京都,文京区,音羽,護国寺,2,33000000,１ＤＫ,35,2001年,ＲＣ,住宅,住宅,商業,80.0,600.0,2022年第2四半期,改装済み,,文京区,2022,2,2001.0,21.0,2.0,942857.1428571428,240069,353648,147.31098
中古マンション等,不動産取引価格情報,13105,東京都,文京区,音羽,護国寺,5,71000000,２ＬＤＫ,60,1985年,ＳＲＣ,住宅,住宅,商業,80.0,600.0,2022年第2四半期,改装済み,,文京区,2022,2,1985.0,37.0,5.0,1183333.3333333333,240069,353648,147.31098
中古マンション等,不動産取引価格情報,13105,東京都,文京区,音羽,護国寺,2,80000000,２ＬＤＫ,70,2012年,ＲＣ,住宅,住宅,商業,80.0,600.0,2022年第2四半期,未改装,,文京区,2022,2,2012.0,10.0,2.0,1142857.142857143,240069,353648,147.31098
中古マンション等,不動産取引価格情報,13105,東京都,文京区,音羽,護国寺,5,15000000,１Ｋ,20,1991年,ＲＣ,住宅,住宅,商業,80.0,400.0,2022年第2四半期,未改装,,文京区,2022,2,1991.0,31.0,5.0,750000.0,240069,353648,147.31098
中古マンション等,不動産取引価格情報,13105,東京都,文京区,音羽,護国寺,3,35000000,１ＬＤＫ,30,1985年,ＳＲＣ,住宅,住宅,商業,80.0,600.0,2022年第2四半期,改装済み,,文京区,2022,2,1985.0,37.0,3.0,1166666.6666666667,240069,353648,147.31098
中古マンション等,不動産取引価格情報,13105,東京都,文京区,音羽,護国寺,4,61000000,４ＬＤＫ,85,1982年,ＳＲＣ,住宅,住宅,商業,80.0,600.0,2022年第2四半期,未改装,,文京区,2022,2,1982.0,40.0,4.0,717647.0588235294,240069,353648,147.31098
中古マンション等,不動産取引価格情報,13105,東京都,文京区,音羽,護国寺,1,24000000,１ＤＫ,30,1987年,ＳＲＣ,住宅,住宅,商業,80.0,600.0,2022年第2四半期,未改装,,文京区,2022,2,1987.0,35.0,1.0,800000.0,240069,353648,147.31098
中古マンション等,不動産取引価格情報,13105,東京都,文京区,音羽,護国寺,1,65000000,１ＬＤＫ,50,2012年,ＲＣ,住宅,住宅,商業,80.0,600.0,2022年第2四半期,未改装,,文京区,2022,2,2012.0,10.0,1.0,1300000.0,240069,353648,147.31098
中古マンション等,不動産取引価格情報,13105,東京都,文京区,音羽,護国寺,5,28000000,１ＬＤＫ,40,1985年,ＳＲＣ,住宅,住宅,商業,80.0,600.0,2022年第1四半期,未改装,,文京区,2022,1,1985.0,37.0,5.0,700000.0,240069,353648,147.31098
中古マンション等,不動産取引価格情報,13105,東京都,文京区,音羽,護国寺,1,70000000,３ＬＤＫ,70,1987年,ＳＲＣ,住宅,住宅,商業,80.0,600.0,2022年第1四半期,未改装,,文京区,2022,1,1987.0,35.0,1.0,1000000.0,240069,353648,147.31098
中古マンション等,不動産取引価格情報,13105,東京都,文京区,音羽,護国寺,5,59000000,２ＬＤＫ,65,1985年,ＳＲＣ,住宅,住宅,商業,80.0,600.0,2021年第4四半期,改装済み,,文京区,2021,4,1985.0,36.0,5.0,907692.3076923077,240069,353648,147.31098
中古マンション等,不動産取引価格情報,13105,東京都,文京区,音羽,護国寺,2,27000000,１ＤＫ,30,2001年,ＲＣ,住宅,住宅,商業,80.0,600.0,2021年第4四半期,,,文京区,2021,4,2001.0,20.0,2.0,900000.0,240069,353648,147.31098
中古マンション等,不動産取引価格情報,13105,東京都,文京区,音羽,護国寺,5,39000000,３ＬＤＫ,60,1985年,ＳＲＣ,住宅,その他,商業,80.0,600.0,2021年第4四半期,未改装,,文京区,2021,4,1985.0,36.0,5.0,650000.0,240069,353648,147.31098
中古マンション等,不動産取引価格情報,13105,東京都,文京区,音羽,護国寺,1,36000000,１ＬＤＫ,40,1984年,ＳＲＣ,住宅,その他,商業,80.0,600.0,2021年第4四半期,未改装,,文京区,2021,4,1984.0,37.0,1.0,900000.0,240069,353648,147.31098
中古マンション等,不動産取引価格情報,13105,東京都,文京区,音羽,護国寺,0,37000000,１ＬＤＫ,40,1978年,ＳＲＣ,住宅,住宅,商業,80.0,600.0,2021年第4四半期,改装済み,,文京区,2021,4,1978.0,43.0,0.0,925000.0,240069,353648,147.31098
中古マンション等,不動産取引価格情報,13105,東京都,文京区,音羽,護国寺,5,44000000,１ＬＤＫ,50,1991年,ＲＣ,住宅,住宅,商業,80.0,600.0,2021年第3四半期,改装済み,,文京区,2021,3,1991.0,30.0,5.0,880000.0,240069,353648,147.31098
中古マンション等,不動産取引価格情報,13105,東京都,文京区,音羽,護国寺,8,53000000,２ＬＤＫ,60,1986年,ＳＲＣ,住宅,住宅,商業,80.0,600.0,2021年第3四半期,改装済み,,文京区,2021,3,1986.0,35.0,8.0,883333.3333333334,240069,353648,147.31098
中古マンション等,不動産取引価格情報,13105,東京都,文京区,音羽,護国寺,4,15000000,１Ｋ,20,1989年,ＳＲＣ,住宅,その他,商業,80.0,600.0,2021年第3四半期,改装済み,,文京区,2021,3,1989.0,32.0,4.0,750000.0,240069,353648,147.31098
中古マンション等,不動産取引価格情報,13105,東京都,文京区,音羽,護国寺,6,16000000,１Ｋ,20,1997年,ＲＣ,住宅,その他,近隣商業,80.0,300.0,2021年第3四半期,未改装,,文京区,2021,3,1997.0,24.0,6.0,800000.0,240069,353648,147.31098
中古マンション等,不動産取引価格情報,13105,東京都,文京区,音羽,護国寺,2,29000000,１ＤＫ,35,2001年,ＲＣ,住宅,住宅,商業,80.0,600.0,2021年第2四半期,改装済み,,文京区,2021,2,2001.0,20.0,2.0,828571.4285714285,240069,353648,147.31098
中古マンション等,不動産取引価格情報,13105,東京都,文京区,音羽,護国寺,2,21000000,１Ｋ,20,2001年,ＲＣ,住宅,その他,商業,80.0,600.0,2021年第2四半期,改装済み,,文京区,2021,2,2001.0,20.0,2.0,1050000.0,240069,353648,147.31098
中古マンション等,不動産取引価格情報,13105,東京都,文京区,音羽,護国寺,4,19000000,,25,1985年,ＳＲＣ,住宅,住宅,商業,80.0,600.0,2021年第2四半期,改装済み,,文京区,2021,2,1985.0,36.0,4.0,760000.0,240069,353648,147.31098
中古マンション等,不動産取引価格情報,13105,東京都,文京区,音羽,護国寺,0,34000000,２ＬＤＫ,50,1978年,ＳＲＣ,,事務所,商業,80.0,600.0,2021年第2四半期,未改装,,文京区,2021,2,1978.0,43.0,0.0,680000.0,240069,353648,147.31098
中古マンション等,不動産取引価格情報,13105,東京都,文京区,音羽,護国寺,4,17000000,１ＤＫ,25,1985年,ＳＲＣ,住宅,その他,商業,80.0,600.0,2021年第1四半期,未改装,,文京区,2021,1,1985.0,36.0,4.0,680000.0,240069,353648,147.31098
中古マンション等,不動産取引価格情報,13105,東京都,文京区,音羽,護国寺,3,37000000,１Ｋ,30,1985年,ＳＲＣ,住宅,住宅,商業,80.0,600.0,2021年第1四半期,改装済み,,文京区,2021,1,1985.0,36.0,3.0,1233333.3333333333,240069,353648,147.31098
中古マンション等,不動産取引価格情報,13105,東京都,文京区,音羽,護国寺,4,47000000,１ＬＤＫ,45,1985年,ＳＲＣ,住宅,住宅,商業,80.0,600.0,2021年第1四半期,改装済み,,文京区,2021,1,1985.0,36.0,4.0,1044444.4444444445,240069,353648,147.31098
中古マンション等,不動産取引価格情報,13105,東京都,文京区,音羽,護国寺,2,54000000,１ＬＤＫ,40,2012年,ＲＣ,住宅,住宅,商業,80.0,600.0,2021年第1四半期,改装済み,,文京区,2021,1,2012.0,9.0,2.0,1350000.0,240069,353648,147.31098
中古マンション等,不動産取引価格情報,13105,東京都,文京区,音羽,東池袋,5,15000000,１Ｋ,20,1997年,ＲＣ,住宅,事務所,近隣商業,80.0,300.0,2021年第4四半期,改装済み,,文京区,2021,4,1997.0,24.0,5.0,750000.0,240069,353648,147.31098
中古マンション等,不動産取引価格情報,13105,東京都,文京区,音羽,東池袋,4,24000000,１ＤＫ,25,1985年,ＳＲＣ,住宅,事務所,商業,80.0,600.0,2021年第2四半期,改装済み,,文京区,2021,2,1985.0,36.0,4.0,960000.0,240069,353648,147.31098
中古マンション等,不動産取引価格情報,13105,東京都,文京区,春日,飯田橋,6,20000000,１Ｋ,20,2001年,ＳＲＣ,住宅,住宅,近隣商業,80.0,300.0,2024年第4四半期,改装済み,,文京区,2024,4,2001.0,23.0,6.0,1000000.0,240069,353648,147.31098
中古マンション等,不動産取引価格情報,13105,東京都,文京区,春日,飯田橋,9,92000000,２ＬＤＫ,65,2004年,ＳＲＣ,住宅,住宅,１種住居,60.0,300.0,2024年第2四半期,未改装,,文京区,2024,2,2004.0,20.0,9.0,1415384.6153846155,240069,353648,147.31098
中古マンション等,不動産取引価格情報,13105,東京都,文京区,春日,飯田橋,9,70000000,１ＬＤＫ,50,2004年,ＳＲＣ,住宅,住宅,１種住居,60.0,300.0,2024年第1四半期,改装済み,,文京区,2024,1,2004.0,20.0,9.0,1400000.0,240069,353648,147.31098
中古マンション等,不動産取引価格情報,13105,東京都,文京区,春日,飯田橋,6,24000000,１Ｋ,20,2001年,ＳＲＣ,,住宅,近隣商業,80.0,300.0,2022年第4四半期,未改装,,文京区,2022,4,2001.0,21.0,6.0,1200000.0,240069,353648,147.31098
中古マンション等,不動産取引価格情報,13105,東京都,文京区,春日,飯田橋,9,90000000,２ＬＤＫ,75,2004年,ＳＲＣ,住宅,住宅,１種住居,60.0,300.0,2021年第2四半期,未改装,,文京区,2021,2,2004.0,17.0,9.0,1200000.0,240069,353648,147.31098
中古マンション等,不動産取引価格情報,13105,東京都,文京区,春日,飯田橋,6,23000000,１Ｋ,15,2001年,ＳＲＣ,住宅,住宅,近隣商業,80.0,300.0,2021年第1四半期,未改装,,文京区,2021,1,2001.0,20.0,6.0,1533333.3333333333,240069,353648,147.31098
中古マンション等,不動産取引価格情報,13105,東京都,文京区,春日,飯田橋,9,85000000,２ＬＤＫ,70,2004年,ＳＲＣ,,住宅,１種住居,60.0,300.0,2021年第1四半期,未改装,,文京区,2021,1,2004.0,17.0,9.0,1214285.7142857143,240069,353648,147.31098
中古マンション等,不動産取引価格情報,13105,東京都,文京区,春日,江戸川橋,12,59000000,１ＬＤＫ,40,2010年,ＲＣ,住宅,住宅,１種住居,60.0,300.0,2025年第2四半期,,,文京区,2025,2,2010.0,15.0,12.0,1475000.0,240069,353648,147.31098
中古マンション等,不動産取引価格情報,13105,東京都,文京区,春日,江戸川橋,12,20000000,１Ｋ,20,2010年,ＲＣ,住宅,住宅,１種住居,60.0,300.0,2025年第2四半期,,,文京区,2025,2,2010.0,15.0,12.0,1000000.0,240069,353648,147.31098
中古マンション等,不動産取引価格情報,13105,東京都,文京区,春日,江戸川橋,12,24000000,１Ｋ,20,2010年,ＲＣ,住宅,住宅,１種住居,60.0,300.0,2024年第4四半期,,,文京区,2024,4,2010.0,14.0,12.0,1200000.0,240069,353648,147.31098
中古マンション等,不動産取引価格情報,13105,東京都,文京区,春日,江戸川橋,12,24000000,１Ｋ,20,2010年,ＲＣ,住宅,住宅,１種住居,60.0,300.0,2023年第3四半期,未改装,,文京区,2023,3,2010.0,13.0,12.0,1200000.0,240069,353648,147.31098
中古マンション等,不動産取引価格情報,13105,東京都,文京区,春日,江戸川橋,12,26000000,１Ｋ,20,2010年,ＲＣ,住宅,その他,１種住居,60.0,300.0,2021年第4四半期,,,文京区,2021,4,2010.0,11.0,12.0,1300000.0,240069,353648,147.31098
中古マンション等,不動産取引価格情報,13105,東京都,文京区,春日,江戸川橋,12,38000000,１ＬＤＫ,40,2010年,ＲＣ,住宅,住宅,１種住居,60.0,300.0,2021年第2四半期,,,文京区,2021,2,2010.0,11.0,12.0,950000.0,240069,353648,147.31098
中古マンション等,不動産取引価格情報,13105,東京都,文京区,春日,春日(東京),6,13000000,１Ｒ,15,1985年,ＳＲＣ,住宅,住宅,商業,80.0,600.0,2024年第4四半期,未改装,,文京区,2024,4,1985.0,39.0,6.0,866666.6666666666,240069,353648,147.31098
中古マンション等,不動産取引価格情報,13105,東京都,文京区,春日,春日(東京),11,88000000,３ＬＤＫ,70,2001年,ＳＲＣ,住宅,住宅,１種住居,60.0,300.0,2021年第3四半期,未改装,,文京区,2021,3,2001.0,20.0,11.0,1257142.857142857,240069,353648,147.31098
中古マンション等,不動産取引価格情報,13105,東京都,文京区,春日,春日(東京),11,75000000,３ＬＤＫ,65,2001年,ＳＲＣ,住宅,住宅,１種住居,60.0,300.0,2021年第2四半期,未改装,,文京区,2021,2,2001.0,20.0,11.0,1153846.1538461538,240069,353648,147.31098
中古マンション等,不動産取引価格情報,13105,東京都,文京区,春日,後楽園,11,31000000,,30,2000年,ＲＣ,住宅,住宅,１種住居,60.0,300.0,2025年第3四半期,,,文京区,2025,3,2000.0,25.0,11.0,1033333.3333333334,240069,353648,147.31098
中古マンション等,不動産取引価格情報,13105,東京都,文京区,春日,後楽園,9,130000000,２ＬＤＫ,70,2003年,ＲＣ,住宅,住宅,１中住専,60.0,200.0,2025年第2四半期,未改装,,文京区,2025,2,2003.0,22.0,9.0,1857142.857142857,240069,353648,147.31098
中古マンション等,不動産取引価格情報,13105,東京都,文京区,春日,後楽園,9,78000000,２ＬＤＫ,65,1977年,ＲＣ,住宅,住宅,１種住居,60.0,300.0,2025年第2四半期,改装済み,,文京区,2025,2,1977.0,48.0,9.0,1200000.0,240069,353648,147.31098
中古マンション等,不動産取引価格情報,13105,東京都,文京区,春日,後楽園,9,26000000,１Ｋ,20,2003年,ＲＣ,住宅,住宅,近隣商業,80.0,400.0,2025年第1四半期,未改装,,文京区,2025,1,2003.0,22.0,9.0,1300000.0,240069,353648,147.31098
中古マンション等,不動産取引価格情報,13105,東京都,文京区,春日,後楽園,8,28000000,１Ｋ,20,2006年,ＲＣ,住宅,その他,近隣商業,80.0,400.0,2024年第3四半期,,,文京区,2024,3,2006.0,18.0,8.0,1400000.0,240069,353648,147.31098
中古マンション等,不動産取引価格情報,13105,東京都,文京区,春日,後楽園,9,24000000,１Ｋ,20,2003年,ＲＣ,住宅,住宅,近隣商業,80.0,400.0,2024年第2四半期,改装済み,,文京区,2024,2,2003.0,21.0,9.0,1200000.0,240069,353648,147.31098
中古マンション等,不動産取引価格情報,13105,東京都,文京区,春日,後楽園,9,22000000,１Ｋ,20,2003年,ＲＣ,住宅,住宅,近隣商業,80.0,400.0,2024年第2四半期,未改装,,文京区,2024,2,2003.0,21.0,9.0,1100000.0,240069,353648,147.31098
中古マンション等,不動産取引価格情報,13105,東京都,文京区,春日,後楽園,8,22000000,１Ｋ,20,2006年,ＲＣ,住宅,住宅,近隣商業,80.0,400.0,2024年第2四半期,改装済み,,文京区,2024,2,2006.0,18.0,8.0,1100000.0,240069,353648,147.31098
中古マンション等,不動産取引価格情報,13105,東京都,文京区,春日,後楽園,4,100000000,２ＬＤＫ,60,2001年,ＲＣ,住宅,住宅,近隣商業,80.0,400.0,2024年第1四半期,改装済み,,文京区,2024,1,2001.0,23.0,4.0,1666666.6666666667,240069,353648,147.31098
中古マンション等,不動産取引価格情報,13105,東京都,文京区,春日,後楽園,5,70000000,２ＬＤＫ,60,2001年,ＲＣ,住宅,住宅,近隣商業,80.0,400.0,2023年第4四半期,未改装,,文京区,2023,4,2001.0,22.0,5.0,1166666.6666666667,240069,353648,147.31098
中古マンション等,不動産取引価格情報,13105,東京都,文京区,春日,後楽園,10,150000000,３ＬＤＫ,95,1999年,ＳＲＣ,住宅,住宅,近隣商業,60.0,300.0,2023年第4四半期,改装済み,,文京区,2023,4,1999.0,24.0,10.0,1578947.3684210526,240069,353648,147.31098
中古マンション等,不動産取引価格情報,13105,東京都,文京区,春日,後楽園,9,20000000,１ＤＫ,30,2004年,ＲＣ,住宅,住宅,１種住居,60.0,300.0,2023年第2四半期,未改装,関係者間取引,文京区,2023,2,2004.0,19.0,9.0,666666.6666666666,240069,353648,147.31098
中古マンション等,不動産取引価格情報,13105,東京都,文京区,春日,後楽園,9,23000000,１Ｋ,20,2003年,ＲＣ,住宅,住宅,近隣商業,80.0,400.0,2023年第1四半期,改装済み,,文京区,2023,1,2003.0,20.0,9.0,1150000.0,240069,353648,147.31098
中古マンション等,不動産取引価格情報,13105,東京都,文京区,春日,後楽園,11,21000000,１Ｋ,20,2000年,ＲＣ,住宅,住宅,１種住居,60.0,300.0,2022年第3四半期,,,文京区,2022,3,2000.0,22.0,11.0,1050000.0,240069,353648,147.31098
中古マンション等,不動産取引価格情報,13105,東京都,文京区,春日,後楽園,9,20000000,１ＬＤＫ,50,1977年,ＲＣ,住宅,住宅,１種住居,60.0,300.0,2022年第3四半期,未改装,,文京区,2022,3,1977.0,45.0,9.0,400000.0,240069,353648,147.31098
中古マンション等,不動産取引価格情報,13105,東京都,文京区,春日,後楽園,5,130000000,２ＬＤＫ,85,2001年,ＲＣ,住宅,住宅,近隣商業,80.0,400.0,2022年第3四半期,改装済み,,文京区,2022,3,2001.0,21.0,5.0,1529411.7647058824,240069,353648,147.31098
中古マンション等,不動産取引価格情報,13105,東京都,文京区,春日,後楽園,9,39000000,１ＬＤＫ,40,1977年,ＲＣ,住宅,住宅,１種住居,60.0,300.0,2022年第3四半期,未改装,,文京区,2022,3,1977.0,45.0,9.0,975000.0,240069,353648,147.31098
中古マンション等,不動産取引価格情報,13105,東京都,文京区,春日,後楽園,8,26000000,１Ｋ,20,2006年,ＲＣ,住宅,住宅,近隣商業,80.0,400.0,2022年第2四半期,,,文京区,2022,2,2006.0,16.0,8.0,1300000.0,240069,353648,147.31098
中古マンション等,不動産取引価格情報,13105,東京都,文京区,春日,後楽園,10,120000000,３ＬＤＫ,95,1999年,ＳＲＣ,住宅,住宅,近隣商業,60.0,300.0,2022年第2四半期,未改装,,文京区,2022,2,1999.0,23.0,10.0,1263157.894736842,240069,353648,147.31098
中古マンション等,不動産取引価格情報,13105,東京都,文京区,春日,後楽園,9,52000000,２ＬＤＫ,50,1977年,ＲＣ,,住宅,１種住居,60.0,300.0,2022年第1四半期,改装済み,,文京区,2022,1,1977.0,45.0,9.0,1040000.0,240069,353648,147.31098
中古マンション等,不動産取引価格情報,13105,東京都,文京区,春日,後楽園,8,29000000,１Ｋ,25,2006年,ＲＣ,,住宅,近隣商業,80.0,400.0,2022年第1四半期,未改装,,文京区,2022,1,2006.0,16.0,8.0,1160000.0,240069,353648,147.31098
中古マンション等,不動産取引価格情報,13105,東京都,文京区,春日,後楽園,9,24000000,１Ｋ,20,2003年,ＲＣ,住宅,住宅,近隣商業,80.0,400.0,2021年第4四半期,未改装,,文京区,2021,4,2003.0,18.0,9.0,1200000.0,240069,353648,147.31098
中古マンション等,不動産取引価格情報,13105,東京都,文京区,春日,後楽園,9,58000000,２ＬＤＫ,60,1977年,ＲＣ,住宅,住宅,１種住居,60.0,300.0,2021年第2四半期,改装済み,,文京区,2021,2,1977.0,44.0,9.0,966666.6666666666,240069,353648,147.31098
中古マンション等,不動産取引価格情報,13105,東京都,文京区,春日,後楽園,6,9000000,１Ｋ,15,1985年,ＲＣ,住宅,住宅,商業,80.0,600.0,2021年第2四半期,改装済み,,文京区,2021,2,1985.0,36.0,6.0,600000.0,240069,353648,147.31098
中古マンション等,不動産取引価格情報,13105,東京都,文京区,春日,茗荷谷,9,29000000,１Ｋ,25,2013年,ＲＣ,住宅,住宅,商業,80.0,600.0,2024年第4四半期,,,文京区,2024,4,2013.0,11.0,9.0,1160000.0,240069,353648,147.31098
中古マンション等,不動産取引価格情報,13105,東京都,文京区,春日,茗荷谷,11,42000000,１ＬＤＫ,45,1991年,ＳＲＣ,住宅,住宅,商業,80.0,600.0,2024年第4四半期,改装済み,,文京区,2024,4,1991.0,33.0,11.0,933333.3333333334,240069,353648,147.31098
中古マンション等,不動産取引価格情報,13105,東京都,文京区,春日,茗荷谷,13,58000000,２ＬＤＫ,50,1978年,ＲＣ,住宅,住宅,１中住専,60.0,200.0,2024年第4四半期,改装済み,,文京区,2024,4,1978.0,46.0,13.0,1160000.0,240069,353648,147.31098
中古マンション等,不動産取引価格情報,13105,東京都,文京区,春日,茗荷谷,10,71000000,１ＬＤＫ＋Ｓ,55,,ＲＣ,住宅,住宅,商業,80.0,600.0,2024年第3四半期,未改装,,文京区,2024,3,,,10.0,1290909.0909090908,240069,353648,147.31098
中古マンション等,不動産取引価格情報,13105,東京都,文京区,春日,茗荷谷,9,22000000,１Ｋ,20,2005年,ＲＣ,住宅,住宅,商業,80.0,600.0,2024年第3四半期,未改装,,文京区,2024,3,2005.0,19.0,9.0,1100000.0,240069,353648,147.31098
中古マンション等,不動産取引価格情報,13105,東京都,文京区,春日,茗荷谷,9,35000000,１ＬＤＫ,35,2005年,ＲＣ,住宅,住宅,商業,80.0,600.0,2024年第2四半期,未改装,,文京区,2024,2,2005.0,19.0,9.0,1000000.0,240069,353648,147.31098
中古マンション等,不動産取引価格情報,13105,東京都,文京区,春日,茗荷谷,9,62000000,２ＬＤＫ,60,1992年,ＲＣ,住宅,住宅,商業,80.0,600.0,2024年第1四半期,未改装,,文京区,2024,1,1992.0,32.0,9.0,1033333.3333333334,240069,353648,147.31098
中古マンション等,不動産取引価格情報,13105,東京都,文京区,春日,茗荷谷,13,40000000,１ＬＤＫ,40,2015年,軽量鉄骨造,住宅,その他,１種住居,60.0,300.0,2023年第3四半期,,,文京区,2023,3,2015.0,8.0,13.0,1000000.0,240069,353648,147.31098
中古マンション等,不動産取引価格情報,13105,東京都,文京区,春日,茗荷谷,13,42000000,１ＬＤＫ,40,2015年,軽量鉄骨造,住宅,住宅,１種住居,60.0,300.0,2023年第3四半期,,,文京区,2023,3,2015.0,8.0,13.0,1050000.0,240069,353648,147.31098
中古マンション等,不動産取引価格情報,13105,東京都,文京区,春日,茗荷谷,13,42000000,１ＬＤＫ,40,2015年,軽量鉄骨造,住宅,住宅,１種住居,60.0,300.0,2023年第3四半期,未改装,,文京区,2023,3,2015.0,8.0,13.0,1050000.0,240069,353648,147.31098
中古マンション等,不動産取引価格情報,13105,東京都,文京区,春日,茗荷谷,9,36000000,,35,2005年,ＲＣ,住宅,住宅,商業,80.0,600.0,2023年第3四半期,,,文京区,2023,3,2005.0,18.0,9.0,1028571.4285714285,240069,353648,147.31098
中古マンション等,不動産取引価格情報,13105,東京都,文京区,春日,茗荷谷,9,20000000,１Ｋ,20,2005年,ＲＣ,,住宅,商業,80.0,600.0,2023年第2四半期,未改装,,文京区,2023,2,2005.0,18.0,9.0,1000000.0,240069,353648,147.31098
中古マンション等,不動産取引価格情報,13105,東京都,文京区,春日,茗荷谷,11,36000000,１ＬＤＫ,45,1991年,ＳＲＣ,住宅,住宅,商業,80.0,600.0,2023年第2四半期,改装済み,,文京区,2023,2,1991.0,32.0,11.0,800000.0,240069,353648,147.31098
中古マンション等,不動産取引価格情報,13105,東京都,文京区,春日,茗荷谷,9,31000000,,35,2005年,ＲＣ,住宅,住宅,商業,80.0,600.0,2023年第2四半期,,,文京区,2023,2,2005.0,18.0,9.0,885714.2857142857,240069,353648,147.31098
中古マンション等,不動産取引価格情報,13105,東京都,文京区,春日,茗荷谷,10,77000000,２ＬＤＫ,55,2019年,ＲＣ,,住宅,１中住専,60.0,200.0,2022年第4四半期,未改装,,文京区,2022,4,2019.0,3.0,10.0,1400000.0,240069,353648,147.31098
中古マンション等,不動産取引価格情報,13105,東京都,文京区,春日,茗荷谷,13,46000000,２ＬＤＫ,50,2001年,ＲＣ,,住宅,１種住居,60.0,300.0,2022年第3四半期,未改装,,文京区,2022,3,2001.0,21.0,13.0,920000.0,240069,353648,147.31098
中古マンション等,不動産取引価格情報,13105,東京都,文京区,春日,茗荷谷,13,63000000,２ＬＤＫ,60,1978年,ＲＣ,,住宅,１中住専,60.0,200.0,2022年第2四半期,改装済み,,文京区,2022,2,1978.0,44.0,13.0,1050000.0,240069,353648,147.31098
中古マンション等,不動産取引価格情報,13105,東京都,文京区,春日,茗荷谷,8,120000000,３ＬＤＫ,70,2012年,ＲＣ,住宅,住宅,商業,80.0,600.0,2022年第1四半期,未改装,,文京区,2022,1,2012.0,10.0,8.0,1714285.7142857143,240069,353648,147.31098
中古マンション等,不動産取引価格情報,13105,東京都,文京区,春日,茗荷谷,10,55000000,１ＬＤＫ,40,,ＲＣ,住宅,住宅,商業,80.0,600.0,2022年第1四半期,未改装,,文京区,2022,1,,,10.0,1375000.0,240069,353648,147.31098
中古マンション等,不動産取引価格情報,13105,東京都,文京区,春日,茗荷谷,9,25000000,１Ｋ,25,2013年,ＲＣ,住宅,住宅,商業,80.0,600.0,2021年第2四半期,未改装,,文京区,2021,2,2013.0,8.0,9.0,1000000.0,240069,353648,147.31098
中古マンション等,不動産取引価格情報,13105,東京都,文京区,春日,茗荷谷,9,28000000,１Ｋ,25,2013年,ＲＣ,,住宅,商業,80.0,600.0,2021年第2四半期,未改装,,文京区,2021,2,2013.0,8.0,9.0,1120000.0,240069,353648,147.31098
中古マンション等,不動産取引価格情報,13105,東京都,文京区,春日,茗荷谷,10,43000000,,40,,ＲＣ,,,商業,80.0,600.0,2021年第2四半期,,,文京区,2021,2,,,10.0,1075000.0,240069,353648,147.31098
中古マンション等,不動産取引価格情報,13105,東京都,文京区,春日,茗荷谷,9,18000000,１Ｋ,20,2005年,ＲＣ,住宅,住宅,商業,80.0,600.0,2021年第1四半期,,,文京区,2021,1,2005.0,16.0,9.0,900000.0,240069,353648,147.31098
中古マンション等,不動産取引価格情報,13105,東京都,文京区,小石川,春日(東京),1,23000000,１Ｋ,15,1978年,ＳＲＣ,住宅,その他,商業,80.0,600.0,2025年第4四半期,未改装,,文京区,2025,4,1978.0,47.0,1.0,1533333.3333333333,240069,353648,147.31098
中古マンション等,不動産取引価格情報,13105,東京都,文京区,小石川,春日(東京),5,30000000,１Ｒ,20,2004年,ＲＣ,住宅,住宅,準工業,60.0,300.0,2025年第4四半期,未改装,,文京区,2025,4,2004.0,21.0,5.0,1500000.0,240069,353648,147.31098
中古マンション等,不動産取引価格情報,13105,東京都,文京区,小石川,春日(東京),4,53000000,１ＬＤＫ,40,2005年,ＳＲＣ,住宅,住宅,商業,80.0,600.0,2025年第4四半期,,,文京区,2025,4,2005.0,20.0,4.0,1325000.0,240069,353648,147.31098
中古マンション等,不動産取引価格情報,13105,東京都,文京区,小石川,春日(東京),3,120000000,２ＬＤＫ,55,2000年,ＲＣ,住宅,住宅,商業,80.0,600.0,2025年第3四半期,改装済み,,文京区,2025,3,2000.0,25.0,3.0,2181818.1818181816,240069,353648,147.31098
中古マンション等,不動産取引価格情報,13105,東京都,文京区,小石川,春日(東京),3,58000000,１ＬＤＫ,40,2003年,ＳＲＣ,住宅,住宅,商業,80.0,600.0,2025年第3四半期,未改装,,文京区,2025,3,2003.0,22.0,3.0,1450000.0,240069,353648,147.31098
中古マンション等,不動産取引価格情報,13105,東京都,文京区,小石川,春日(東京),3,110000000,２ＬＤＫ,65,1997年,ＲＣ,住宅,住宅,準工業,60.0,300.0,2025年第3四半期,改装済み,,文京区,2025,3,1997.0,28.0,3.0,1692307.6923076923,240069,353648,147.31098
中古マンション等,不動産取引価格情報,13105,東京都,文京区,小石川,春日(東京),10,72000000,,45,2016年,ＲＣ,住宅,住宅,準工業,60.0,300.0,2025年第3四半期,,,文京区,2025,3,2016.0,9.0,10.0,1600000.0,240069,353648,147.31098
中古マンション等,不動産取引価格情報,13105,東京都,文京区,小石川,春日(東京),11,150000000,４ＬＤＫ,75,2017年,ＲＣ,住宅,住宅,準工業,60.0,300.0,2025年第3四半期,,,文京区,2025,3,2017.0,8.0,11.0,2000000.0,240069,353648,147.31098
中古マンション等,不動産取引価格情報,13105,東京都,文京区,小石川,春日(東京),9,70000000,１ＬＤＫ,35,2005年,ＲＣ,住宅,住宅,準工業,60.0,300.0,2025年第3四半期,改装済み,,文京区,2025,3,2005.0,20.0,9.0,2000000.0,240069,353648,147.31098
中古マンション等,不動産取引価格情報,13105,東京都,文京区,小石川,春日(東京),10,140000000,３ＬＤＫ,65,2008年,ＲＣ,住宅,住宅,準工業,60.0,400.0,2025年第3四半期,改装済み,,文京区,2025,3,2008.0,17.0,10.0,2153846.153846154,240069,353648,147.31098
中古マンション等,不動産取引価格情報,13105,東京都,文京区,小石川,春日(東京),7,23000000,,20,2006年,ＲＣ,住宅,,商業,80.0,600.0,2025年第2四半期,,,文京区,2025,2,2006.0,19.0,7.0,1150000.0,240069,353648,147.31098
中古マンション等,不動産取引価格情報,13105,東京都,文京区,小石川,春日(東京),11,73000000,３ＬＤＫ,55,1983年,ＳＲＣ,住宅,住宅,準工業,60.0,400.0,2025年第2四半期,改装済み,,文京区,2025,2,1983.0,42.0,11.0,1327272.7272727273,240069,353648,147.31098
中古マンション等,不動産取引価格情報,13105,東京都,文京区,小石川,春日(東京),1,34000000,１Ｋ,25,1978年,ＳＲＣ,住宅,住宅,商業,80.0,600.0,2025年第2四半期,改装済み,,文京区,2025,2,1978.0,47.0,1.0,1360000.0,240069,353648,147.31098
中古マンション等,不動産取引価格情報,13105,東京都,文京区,小石川,春日(東京),3,93000000,,50,2000年,ＲＣ,,,商業,80.0,600.0,2025年第2四半期,,,文京区,2025,2,2000.0,25.0,3.0,1860000.0,240069,353648,147.31098
中古マンション等,不動産取引価格情報,13105,東京都,文京区,小石川,春日(東京),4,77000000,３ＬＤＫ,55,1996年,ＳＲＣ,住宅,その他,商業,80.0,600.0,2025年第2四半期,未改装,,文京区,2025,2,1996.0,29.0,4.0,1400000.0,240069,353648,147.31098
中古マンション等,不動産取引価格情報,13105,東京都,文京区,小石川,春日(東京),9,140000000,３ＬＤＫ,50,2011年,ＲＣ,住宅,住宅,１中住専,60.0,300.0,2025年第2四半期,未改装,,文京区,2025,2,2011.0,14.0,9.0,2800000.0,240069,353648,147.31098
中古マンション等,不動産取引価格情報,13105,東京都,文京区,小石川,春日(東京),9,120000000,３ＬＤＫ,70,2005年,ＲＣ,住宅,住宅,準工業,60.0,300.0,2025年第2四半期,未改装,,文京区,2025,2,2005.0,20.0,9.0,1714285.7142857143,240069,353648,147.31098
中古マンション等,不動産取引価格情報,13105,東京都,文京区,小石川,春日(東京),7,22000000,１Ｋ,15,2008年,ＲＣ,住宅,住宅,１中住専,60.0,300.0,2025年第1四半期,改装済み,,文京区,2025,1,2008.0,17.0,7.0,1466666.6666666667,240069,353648,147.31098
中古マンション等,不動産取引価格情報,13105,東京都,文京区,小石川,春日(東京),2,120000000,２ＬＤＫ,65,2003年,ＳＲＣ,住宅,住宅,商業,80.0,600.0,2025年第1四半期,未改装,,文京区,2025,1,2003.0,22.0,2.0,1846153.8461538462,240069,353648,147.31098
中古マンション等,不動産取引価格情報,13105,東京都,文京区,小石川,春日(東京),3,88000000,２ＬＤＫ,55,2000年,ＲＣ,住宅,,商業,80.0,600.0,2025年第1四半期,未改装,,文京区,2025,1,2000.0,25.0,3.0,1600000.0,240069,353648,147.31098
中古マンション等,不動産取引価格情報,13105,東京都,文京区,小石川,春日(東京),10,23000000,１Ｋ,20,2000年,ＲＣ,住宅,住宅,準工業,60.0,300.0,2025年第1四半期,,,文京区,2025,1,2000.0,25.0,10.0,1150000.0,240069,353648,147.31098
中古マンション等,不動産取引価格情報,13105,東京都,文京区,小石川,春日(東京),3,34000000,１Ｋ,25,2003年,ＳＲＣ,住宅,住宅,商業,80.0,600.0,2025年第1四半期,,,文京区,2025,1,2003.0,22.0,3.0,1360000.0,240069,353648,147.31098
中古マンション等,不動産取引価格情報,13105,東京都,文京区,小石川,春日(東京),4,39000000,１ＬＤＫ,40,2005年,ＳＲＣ,住宅,住宅,商業,80.0,600.0,2025年第1四半期,未改装,,文京区,2025,1,2005.0,20.0,4.0,975000.0,240069,353648,147.31098
中古マンション等,不動産取引価格情報,13105,東京都,文京区,小石川,春日(東京),4,38000000,１ＬＤＫ,40,2005年,ＳＲＣ,住宅,住宅,商業,80.0,600.0,2025年第1四半期,未改装,,文京区,2025,1,2005.0,20.0,4.0,950000.0,240069,353648,147.31098
中古マンション等,不動産取引価格情報,13105,東京都,文京区,小石川,春日(東京),7,19000000,１Ｋ,20,2006年,ＲＣ,住宅,住宅,商業,80.0,600.0,2025年第1四半期,,,文京区,2025,1,2006.0,19.0,7.0,950000.0,240069,353648,147.31098
中古マンション等,不動産取引価格情報,13105,東京都,文京区,小石川,春日(東京),9,80000000,２ＬＤＫ,50,2005年,ＲＣ,住宅,住宅,準工業,60.0,300.0,2024年第4四半期,未改装,,文京区,2024,4,2005.0,19.0,9.0,1600000.0,240069,353648,147.31098
中古マンション等,不動産取引価格情報,13105,東京都,文京区,小石川,春日(東京),1,12000000,１Ｋ,25,1978年,ＳＲＣ,住宅,住宅,商業,80.0,600.0,2024年第4四半期,未改装,,文京区,2024,4,1978.0,46.0,1.0,480000.0,240069,353648,147.31098
中古マンション等,不動産取引価格情報,13105,東京都,文京区,小石川,春日(東京),11,90000000,３ＬＤＫ,65,2017年,ＲＣ,住宅,住宅,準工業,60.0,300.0,2024年第4四半期,未改装,,文京区,2024,4,2017.0,7.0,11.0,1384615.3846153845,240069,353648,147.31098
中古マンション等,不動産取引価格情報,13105,東京都,文京区,小石川,春日(東京),7,40000000,１ＤＫ,35,2003年,ＲＣ,住宅,住宅,準工業,60.0,300.0,2024年第4四半期,改装済み,,文京区,2024,4,2003.0,21.0,7.0,1142857.142857143,240069,353648,147.31098
中古マンション等,不動産取引価格情報,13105,東京都,文京区,小石川,春日(東京),11,60000000,１ＬＤＫ,35,2023年,ＲＣ,住宅,住宅,準工業,60.0,300.0,2024年第4四半期,未改装,,文京区,2024,4,2023.0,1.0,11.0,1714285.7142857143,240069,353648,147.31098
中古マンション等,不動産取引価格情報,13105,東京都,文京区,小石川,春日(東京),3,170000000,３ＬＤＫ,90,1997年,ＲＣ,住宅,住宅,準工業,60.0,300.0,2024年第4四半期,改装済み,,文京区,2024,4,1997.0,27.0,3.0,1888888.888888889,240069,353648,147.31098
中古マンション等,不動産取引価格情報,13105,東京都,文京区,小石川,春日(東京),7,36000000,１Ｒ,30,2003年,ＲＣ,住宅,,準工業,60.0,300.0,2024年第4四半期,未改装,,文京区,2024,4,2003.0,21.0,7.0,1200000.0,240069,353648,147.31098
中古マンション等,不動産取引価格情報,13105,東京都,文京区,小石川,春日(東京),1,24000000,１Ｋ,30,1978年,ＳＲＣ,住宅,住宅,商業,80.0,600.0,2024年第4四半期,未改装,,文京区,2024,4,1978.0,46.0,1.0,800000.0,240069,353648,147.31098
中古マンション等,不動産取引価格情報,13105,東京都,文京区,小石川,春日(東京),11,55000000,３ＬＤＫ,55,1983年,ＳＲＣ,住宅,,準工業,60.0,400.0,2024年第4四半期,未改装,,文京区,2024,4,1983.0,41.0,11.0,1000000.0,240069,353648,147.31098
中古マンション等,不動産取引価格情報,13105,東京都,文京区,小石川,春日(東京),2,110000000,１ＬＤＫ,50,2003年,ＳＲＣ,住宅,住宅,商業,80.0,600.0,2024年第3四半期,改装済み,,文京区,2024,3,2003.0,21.0,2.0,2200000.0,240069,353648,147.31098
中古マンション等,不動産取引価格情報,13105,東京都,文京区,小石川,春日(東京),3,89000000,２ＬＤＫ,65,1997年,ＲＣ,,,準工業,60.0,300.0,2024年第3四半期,未改装,,文京区,2024,3,1997.0,27.0,3.0,1369230.7692307692,240069,353648,147.31098
中古マンション等,不動産取引価格情報,13105,東京都,文京区,小石川,春日(東京),7,30000000,１Ｋ,30,2003年,ＲＣ,住宅,住宅,準工業,60.0,300.0,2024年第3四半期,,,文京区,2024,3,2003.0,21.0,7.0,1000000.0,240069,353648,147.31098
中古マンション等,不動産取引価格情報,13105,東京都,文京区,小石川,春日(東京),7,23000000,１Ｋ,20,2003年,ＲＣ,住宅,住宅,準工業,60.0,400.0,2024年第3四半期,未改装,,文京区,2024,3,2003.0,21.0,7.0,1150000.0,240069,353648,147.31098
中古マンション等,不動産取引価格情報,13105,東京都,文京区,小石川,春日(東京),7,38000000,１Ｋ,35,2003年,ＲＣ,住宅,住宅,準工業,60.0,300.0,2024年第3四半期,改装済み,,文京区,2024,3,2003.0,21.0,7.0,1085714.2857142857,240069,353648,147.31098
中古マンション等,不動産取引価格情報,13105,東京都,文京区,小石川,春日(東京),11,86000000,３ＬＤＫ,75,1983年,ＳＲＣ,住宅,住宅,準工業,60.0,400.0,2024年第3四半期,未改装,,文京区,2024,3,1983.0,41.0,11.0,1146666.6666666667,240069,353648,147.31098
中古マンション等,不動産取引価格情報,13105,東京都,文京区,小石川,春日(東京),9,97000000,３ＬＤＫ,70,2014年,ＲＣ,住宅,住宅,準工業,60.0,400.0,2024年第3四半期,未改装,,文京区,2024,3,2014.0,10.0,9.0,1385714.2857142857,240069,353648,147.31098
中古マンション等,不動産取引価格情報,13105,東京都,文京区,小石川,春日(東京),2,72000000,１ＬＤＫ,40,2003年,ＳＲＣ,住宅,住宅,商業,80.0,600.0,2024年第3四半期,改装済み,,文京区,2024,3,2003.0,21.0,2.0,1800000.0,240069,353648,147.31098
中古マンション等,不動産取引価格情報,13105,東京都,文京区,小石川,春日(東京),11,59000000,２ＬＤＫ,55,1983年,ＳＲＣ,住宅,住宅,準工業,60.0,400.0,2024年第3四半期,未改装,,文京区,2024,3,1983.0,41.0,11.0,1072727.2727272727,240069,353648,147.31098
中古マンション等,不動産取引価格情報,13105,東京都,文京区,小石川,春日(東京),6,44000000,１ＬＤＫ,40,1984年,ＳＲＣ,住宅,住宅,商業,80.0,600.0,2024年第3四半期,改装済み,,文京区,2024,3,1984.0,40.0,6.0,1100000.0,240069,353648,147.31098
中古マンション等,不動産取引価格情報,13105,東京都,文京区,小石川,春日(東京),3,69000000,１ＬＤＫ,50,2002年,ＲＣ,住宅,住宅,準工業,60.0,300.0,2024年第3四半期,未改装,,文京区,2024,3,2002.0,22.0,3.0,1380000.0,240069,353648,147.31098
中古マンション等,不動産取引価格情報,13105,東京都,文京区,小石川,春日(東京),3,150000000,１ＬＤＫ,75,2000年,ＲＣ,住宅,住宅,商業,80.0,600.0,2024年第3四半期,改装済み,,文京区,2024,3,2000.0,24.0,3.0,2000000.0,240069,353648,147.31098
中古マンション等,不動産取引価格情報,13105,東京都,文京区,小石川,春日(東京),3,21000000,,20,2002年,ＳＲＣ,住宅,住宅,商業,80.0,600.0,2024年第2四半期,未改装,,文京区,2024,2,2002.0,22.0,3.0,1050000.0,240069,353648,147.31098
中古マンション等,不動産取引価格情報,13105,東京都,文京区,小石川,春日(東京),4,27000000,,40,1979年,ＲＣ,住宅,,準工業,60.0,300.0,2024年第2四半期,未改装,,文京区,2024,2,1979.0,45.0,4.0,675000.0,240069,353648,147.31098
中古マンション等,不動産取引価格情報,13105,東京都,文京区,小石川,春日(東京),3,32000000,,25,2012年,ＲＣ,住宅,,商業,80.0,600.0,2024年第2四半期,,,文京区,2024,2,2012.0,12.0,3.0,1280000.0,240069,353648,147.31098
中古マンション等,不動産取引価格情報,13105,東京都,文京区,小石川,春日(東京),10,24000000,１Ｋ,20,2000年,ＲＣ,住宅,住宅,準工業,60.0,300.0,2024年第2四半期,改装済み,,文京区,2024,2,2000.0,24.0,10.0,1200000.0,240069,353648,147.31098
中古マンション等,不動産取引価格情報,13105,東京都,文京区,小石川,春日(東京),7,35000000,１Ｋ,25,2019年,ＲＣ,住宅,住宅,準工業,60.0,400.0,2024年第2四半期,,,文京区,2024,2,2019.0,5.0,7.0,1400000.0,240069,353648,147.31098
中古マンション等,不動産取引価格情報,13105,東京都,文京区,小石川,春日(東京),5,94000000,２ＬＤＫ,65,2000年,ＳＲＣ,住宅,住宅,商業,80.0,600.0,2024年第1四半期,改装済み,,文京区,2024,1,2000.0,24.0,5.0,1446153.8461538462,240069,353648,147.31098
中古マンション等,不動産取引価格情報,13105,東京都,文京区,小石川,春日(東京),9,98000000,３ＬＤＫ,70,2005年,ＲＣ,住宅,住宅,準工業,60.0,300.0,2024年第1四半期,未改装,,文京区,2024,1,2005.0,19.0,9.0,1400000.0,240069,353648,147.31098
中古マンション等,不動産取引価格情報,13105,東京都,文京区,小石川,春日(東京),8,74000000,２ＬＤＫ,60,1997年,ＲＣ,住宅,住宅,１中住専,60.0,200.0,2024年第1四半期,改装済み,,文京区,2024,1,1997.0,27.0,8.0,1233333.3333333333,240069,353648,147.31098
中古マンション等,不動産取引価格情報,13105,東京都,文京区,小石川,春日(東京),9,56000000,１ＬＤＫ,40,2005年,ＲＣ,住宅,住宅,準工業,60.0,300.0,2024年第1四半期,改装済み,,文京区,2024,1,2005.0,19.0,9.0,1400000.0,240069,353648,147.31098
中古マンション等,不動産取引価格情報,13105,東京都,文京区,小石川,春日(東京),6,33000000,１ＬＤＫ,40,1984年,ＳＲＣ,住宅,住宅,商業,80.0,600.0,2024年第1四半期,未改装,,文京区,2024,1,1984.0,40.0,6.0,825000.0,240069,353648,147.31098
中古マンション等,不動産取引価格情報,13105,東京都,文京区,小石川,春日(東京),4,65000000,１ＬＤＫ,45,2005年,ＳＲＣ,住宅,住宅,商業,80.0,600.0,2024年第1四半期,,,文京区,2024,1,2005.0,19.0,4.0,1444444.4444444445,240069,353648,147.31098
中古マンション等,不動産取引価格情報,13105,東京都,文京区,小石川,春日(東京),7,31000000,１ＤＫ,30,2003年,ＲＣ,住宅,住宅,準工業,60.0,300.0,2024年第1四半期,未改装,,文京区,2024,1,2003.0,21.0,7.0,1033333.3333333334,240069,353648,147.31098
中古マンション等,不動産取引価格情報,13105,東京都,文京区,小石川,春日(東京),3,58000000,１ＬＤＫ,40,2003年,ＳＲＣ,住宅,住宅,商業,80.0,600.0,2024年第1四半期,改装済み,,文京区,2024,1,2003.0,21.0,3.0,1450000.0,240069,353648,147.31098
中古マンション等,不動産取引価格情報,13105,東京都,文京区,小石川,春日(東京),4,240000000,３ＬＤＫ,95,2009年,ＲＣ,住宅,住宅,商業,80.0,600.0,2024年第1四半期,未改装,,文京区,2024,1,2009.0,15.0,4.0,2526315.789473684,240069,353648,147.31098
中古マンション等,不動産取引価格情報,13105,東京都,文京区,小石川,春日(東京),3,75000000,１ＬＤＫ,50,2000年,ＲＣ,住宅,,商業,80.0,600.0,2024年第1四半期,未改装,,文京区,2024,1,2000.0,24.0,3.0,1500000.0,240069,353648,147.31098
中古マンション等,不動産取引価格情報,13105,東京都,文京区,小石川,春日(東京),3,150000000,３ＬＤＫ,75,2002年,ＲＣ,住宅,住宅,準工業,60.0,300.0,2024年第1四半期,改装済み,,文京区,2024,1,2002.0,22.0,3.0,2000000.0,240069,353648,147.31098
中古マンション等,不動産取引価格情報,13105,東京都,文京区,小石川,春日(東京),3,55000000,１ＬＤＫ,50,2002年,ＲＣ,住宅,その他,準工業,60.0,300.0,2024年第1四半期,未改装,,文京区,2024,1,2002.0,22.0,3.0,1100000.0,240069,353648,147.31098
中古マンション等,不動産取引価格情報,13105,東京都,文京区,小石川,春日(東京),4,110000000,３ＬＤＫ,75,2005年,ＳＲＣ,住宅,住宅,商業,80.0,600.0,2023年第4四半期,未改装,,文京区,2023,4,2005.0,18.0,4.0,1466666.6666666667,240069,353648,147.31098
中古マンション等,不動産取引価格情報,13105,東京都,文京区,小石川,春日(東京),2,150000000,３ＬＤＫ,90,2003年,ＳＲＣ,住宅,住宅,商業,80.0,600.0,2023年第4四半期,未改装,,文京区,2023,4,2003.0,20.0,2.0,1666666.6666666667,240069,353648,147.31098
中古マンション等,不動産取引価格情報,13105,東京都,文京区,小石川,春日(東京),10,21000000,１Ｋ,20,2000年,ＲＣ,,住宅,準工業,60.0,300.0,2023年第4四半期,未改装,,文京区,2023,4,2000.0,23.0,10.0,1050000.0,240069,353648,147.31098
中古マンション等,不動産取引価格情報,13105,東京都,文京区,小石川,春日(東京),1,21000000,１Ｋ,20,1978年,ＳＲＣ,住宅,住宅,商業,80.0,600.0,2023年第4四半期,改装済み,,文京区,2023,4,1978.0,45.0,1.0,1050000.0,240069,353648,147.31098
中古マンション等,不動産取引価格情報,13105,東京都,文京区,小石川,春日(東京),7,96000000,２ＬＤＫ,55,2019年,ＲＣ,住宅,住宅,準工業,60.0,300.0,2023年第4四半期,未改装,,文京区,2023,4,2019.0,4.0,7.0,1745454.5454545454,240069,353648,147.31098
中古マンション等,不動産取引価格情報,13105,東京都,文京区,小石川,春日(東京),4,96000000,,65,2001年,ＲＣ,住宅,住宅,１中住専,60.0,300.0,2023年第4四半期,改装済み,,文京区,2023,4,2001.0,22.0,4.0,1476923.076923077,240069,353648,147.31098
中古マンション等,不動産取引価格情報,13105,東京都,文京区,小石川,春日(東京),11,64000000,２ＬＤＫ,60,2003年,ＲＣ,住宅,住宅,１中住専,60.0,300.0,2023年第4四半期,未改装,,文京区,2023,4,2003.0,20.0,11.0,1066666.6666666667,240069,353648,147.31098
中古マンション等,不動産取引価格情報,13105,東京都,文京区,小石川,春日(東京),4,35000000,２ＤＫ,45,1984年,ＳＲＣ,住宅,住宅,商業,80.0,600.0,2023年第3四半期,未改装,,文京区,2023,3,1984.0,39.0,4.0,777777.7777777778,240069,353648,147.31098
中古マンション等,不動産取引価格情報,13105,東京都,文京区,小石川,春日(東京),9,60000000,１ＬＤＫ,40,2005年,ＲＣ,住宅,住宅,準工業,60.0,300.0,2023年第3四半期,未改装,,文京区,2023,3,2005.0,18.0,9.0,1500000.0,240069,353648,147.31098
中古マンション等,不動産取引価格情報,13105,東京都,文京区,小石川,春日(東京),10,23000000,,20,2000年,ＲＣ,住宅,住宅,準工業,60.0,300.0,2023年第3四半期,未改装,,文京区,2023,3,2000.0,23.0,10.0,1150000.0,240069,353648,147.31098
中古マンション等,不動産取引価格情報,13105,東京都,文京区,小石川,春日(東京),2,100000000,２ＬＤＫ,65,2003年,ＳＲＣ,住宅,住宅,商業,80.0,600.0,2023年第3四半期,未改装,,文京区,2023,3,2003.0,20.0,2.0,1538461.5384615385,240069,353648,147.31098
中古マンション等,不動産取引価格情報,13105,東京都,文京区,小石川,春日(東京),9,73000000,２ＬＤＫ,55,2005年,ＲＣ,住宅,住宅,準工業,60.0,300.0,2023年第3四半期,未改装,,文京区,2023,3,2005.0,18.0,9.0,1327272.7272727273,240069,353648,147.31098
中古マンション等,不動産取引価格情報,13105,東京都,文京区,小石川,春日(東京),11,77000000,２ＬＤＫ,55,2017年,ＲＣ,住宅,住宅,準工業,60.0,300.0,2023年第3四半期,未改装,,文京区,2023,3,2017.0,6.0,11.0,1400000.0,240069,353648,147.31098
中古マンション等,不動産取引価格情報,13105,東京都,文京区,小石川,春日(東京),11,120000000,２ＬＤＫ,80,2017年,ＲＣ,住宅,住宅,準工業,60.0,300.0,2023年第3四半期,未改装,,文京区,2023,3,2017.0,6.0,11.0,1500000.0,240069,353648,147.31098
中古マンション等,不動産取引価格情報,13105,東京都,文京区,小石川,春日(東京),9,95000000,３ＬＤＫ,70,2014年,ＲＣ,住宅,住宅,準工業,60.0,400.0,2023年第3四半期,未改装,,文京区,2023,3,2014.0,9.0,9.0,1357142.857142857,240069,353648,147.31098
中古マンション等,不動産取引価格情報,13105,東京都,文京区,小石川,春日(東京),9,60000000,１ＬＤＫ,40,2005年,ＲＣ,住宅,住宅,準工業,60.0,300.0,2023年第3四半期,改装済み,,文京区,2023,3,2005.0,18.0,9.0,1500000.0,240069,353648,147.31098
中古マンション等,不動産取引価格情報,13105,東京都,文京区,小石川,春日(東京),7,130000000,３ＬＤＫ,65,2019年,ＲＣ,住宅,住宅,準工業,60.0,300.0,2023年第3四半期,未改装,,文京区,2023,3,2019.0,4.0,7.0,2000000.0,240069,353648,147.31098
中古マンション等,不動産取引価格情報,13105,東京都,文京区,小石川,春日(東京),10,100000000,２ＬＤＫ,70,2005年,ＲＣ,住宅,住宅,準工業,60.0,300.0,2023年第2四半期,,,文京区,2023,2,2005.0,18.0,10.0,1428571.4285714286,240069,353648,147.31098
中古マンション等,不動産取引価格情報,13105,東京都,文京区,小石川,春日(東京),3,83000000,２ＬＤＫ,60,2000年,ＲＣ,住宅,住宅,商業,80.0,600.0,2023年第2四半期,未改装,,文京区,2023,2,2000.0,23.0,3.0,1383333.3333333333,240069,353648,147.31098
中古マンション等,不動産取引価格情報,13105,東京都,文京区,小石川,春日(東京),7,24000000,１Ｋ,15,2008年,ＲＣ,住宅,住宅,１中住専,60.0,300.0,2023年第2四半期,未改装,,文京区,2023,2,2008.0,15.0,7.0,1600000.0,240069,353648,147.31098
中古マンション等,不動産取引価格情報,13105,東京都,文京区,小石川,春日(東京),7,96000000,１ＬＤＫ,55,2019年,ＲＣ,住宅,住宅,準工業,60.0,300.0,2023年第2四半期,未改装,,文京区,2023,2,2019.0,4.0,7.0,1745454.5454545454,240069,353648,147.31098
中古マンション等,不動産取引価格情報,13105,東京都,文京区,小石川,春日(東京),3,60000000,２ＬＤＫ,50,2000年,ＲＣ,住宅,住宅,商業,80.0,600.0,2023年第2四半期,未改装,,文京区,2023,2,2000.0,23.0,3.0,1200000.0,240069,353648,147.31098
中古マンション等,不動産取引価格情報,13105,東京都,文京区,小石川,春日(東京),4,55000000,１ＬＤＫ,35,2012年,ＳＲＣ,,住宅,商業,80.0,600.0,2023年第1四半期,改装済み,,文京区,2023,1,2012.0,11.0,4.0,1571428.5714285714,240069,353648,147.31098
中古マンション等,不動産取引価格情報,13105,東京都,文京区,小石川,春日(東京),3,69000000,２ＬＤＫ,55,1997年,ＲＣ,住宅,住宅,準工業,60.0,300.0,2023年第1四半期,改装済み,,文京区,2023,1,1997.0,26.0,3.0,1254545.4545454546,240069,353648,147.31098
中古マンション等,不動産取引価格情報,13105,東京都,文京区,小石川,春日(東京),4,130000000,３ＬＤＫ,120,1990年,ＳＲＣ,住宅,住宅,商業,80.0,600.0,2023年第1四半期,未改装,,文京区,2023,1,1990.0,33.0,4.0,1083333.3333333333,240069,353648,147.31098
中古マンション等,不動産取引価格情報,13105,東京都,文京区,小石川,春日(東京),11,65000000,３ＬＤＫ,55,1983年,ＳＲＣ,住宅,住宅,準工業,60.0,400.0,2023年第1四半期,改装済み,,文京区,2023,1,1983.0,40.0,11.0,1181818.1818181819,240069,353648,147.31098
中古マンション等,不動産取引価格情報,13105,東京都,文京区,小石川,春日(東京),5,93000000,３ＬＤＫ,70,1995年,ＳＲＣ,,住宅,商業,80.0,600.0,2023年第1四半期,改装済み,,文京区,2023,1,1995.0,28.0,5.0,1328571.4285714286,240069,353648,147.31098
中古マンション等,不動産取引価格情報,13105,東京都,文京区,小石川,春日(東京),2,130000000,２ＬＤＫ,75,2003年,ＳＲＣ,,住宅,商業,80.0,600.0,2023年第1四半期,改装済み,,文京区,2023,1,2003.0,20.0,2.0,1733333.3333333333,240069,353648,147.31098
中古マンション等,不動産取引価格情報,13105,東京都,文京区,小石川,春日(東京),9,65000000,１ＬＤＫ,40,2005年,ＲＣ,住宅,住宅,準工業,60.0,300.0,2023年第1四半期,改装済み,,文京区,2023,1,2005.0,18.0,9.0,1625000.0,240069,353648,147.31098
中古マンション等,不動産取引価格情報,13105,東京都,文京区,小石川,春日(東京),7,25000000,１Ｋ,20,2003年,ＲＣ,住宅,住宅,準工業,60.0,300.0,2023年第1四半期,未改装,,文京区,2023,1,2003.0,20.0,7.0,1250000.0,240069,353648,147.31098
中古マンション等,不動産取引価格情報,13105,東京都,文京区,小石川,春日(東京),9,100000000,３ＬＤＫ,70,2005年,ＲＣ,住宅,住宅,準工業,60.0,300.0,2023年第1四半期,改装済み,,文京区,2023,1,2005.0,18.0,9.0,1428571.4285714286,240069,353648,147.31098
中古マンション等,不動産取引価格情報,13105,東京都,文京区,小石川,春日(東京),2,42000000,１ＤＫ,40,2003年,ＳＲＣ,住宅,住宅,商業,80.0,600.0,2023年第1四半期,未改装,,文京区,2023,1,2003.0,20.0,2.0,1050000.0,240069,353648,147.31098
中古マンション等,不動産取引価格情報,13105,東京都,文京区,小石川,春日(東京),7,24000000,１Ｋ,20,2006年,ＲＣ,住宅,住宅,商業,80.0,600.0,2023年第1四半期,未改装,,文京区,2023,1,2006.0,17.0,7.0,1200000.0,240069,353648,147.31098
中古マンション等,不動産取引価格情報,13105,東京都,文京区,小石川,春日(東京),10,86000000,３ＬＤＫ,70,2005年,ＲＣ,住宅,住宅,準工業,60.0,300.0,2023年第1四半期,未改装,,文京区,2023,1,2005.0,18.0,10.0,1228571.4285714286,240069,353648,147.31098
中古マンション等,不動産取引価格情報,13105,東京都,文京区,小石川,春日(東京),9,89000000,３ＬＤＫ,70,2014年,ＲＣ,住宅,住宅,準工業,60.0,300.0,2023年第1四半期,未改装,,文京区,2023,1,2014.0,9.0,9.0,1271428.5714285714,240069,353648,147.31098
中古マンション等,不動産取引価格情報,13105,東京都,文京区,小石川,春日(東京),11,61000000,１ＬＤＫ,55,2017年,ＲＣ,住宅,その他,準工業,60.0,300.0,2023年第1四半期,,,文京区,2023,1,2017.0,6.0,11.0,1109090.9090909092,240069,353648,147.31098
中古マンション等,不動産取引価格情報,13105,東京都,文京区,小石川,春日(東京),7,21000000,１Ｋ,20,2003年,ＲＣ,住宅,住宅,準工業,60.0,400.0,2022年第4四半期,,,文京区,2022,4,2003.0,19.0,7.0,1050000.0,240069,353648,147.31098
中古マンション等,不動産取引価格情報,13105,東京都,文京区,小石川,春日(東京),7,23000000,１Ｋ,20,2006年,ＲＣ,,住宅,商業,80.0,600.0,2022年第4四半期,,,文京区,2022,4,2006.0,16.0,7.0,1150000.0,240069,353648,147.31098
中古マンション等,不動産取引価格情報,13105,東京都,文京区,小石川,春日(東京),6,47000000,１ＬＤＫ,30,2015年,ＲＣ,住宅,住宅,準工業,60.0,300.0,2022年第4四半期,未改装,,文京区,2022,4,2015.0,7.0,6.0,1566666.6666666667,240069,353648,147.31098
中古マンション等,不動産取引価格情報,13105,東京都,文京区,小石川,春日(東京),7,28000000,,35,2006年,ＲＣ,,住宅,商業,80.0,600.0,2022年第4四半期,,,文京区,2022,4,2006.0,16.0,7.0,800000.0,240069,353648,147.31098
中古マンション等,不動産取引価格情報,13105,東京都,文京区,小石川,春日(東京),7,22000000,,20,2003年,ＲＣ,,住宅,準工業,60.0,300.0,2022年第4四半期,,,文京区,2022,4,2003.0,19.0,7.0,1100000.0,240069,353648,147.31098
中古マンション等,不動産取引価格情報,13105,東京都,文京区,小石川,春日(東京),7,22000000,１Ｋ,20,2003年,ＲＣ,住宅,住宅,準工業,60.0,300.0,2022年第4四半期,未改装,,文京区,2022,4,2003.0,19.0,7.0,1100000.0,240069,353648,147.31098
中古マンション等,不動産取引価格情報,13105,東京都,文京区,小石川,春日(東京),9,58000000,１ＤＫ,40,2005年,ＲＣ,住宅,住宅,準工業,60.0,300.0,2022年第4四半期,改装済み,,文京区,2022,4,2005.0,17.0,9.0,1450000.0,240069,353648,147.31098
中古マンション等,不動産取引価格情報,13105,東京都,文京区,小石川,春日(東京),7,40000000,１ＬＤＫ,35,2019年,ＲＣ,住宅,その他,準工業,60.0,300.0,2022年第4四半期,未改装,,文京区,2022,4,2019.0,3.0,7.0,1142857.142857143,240069,353648,147.31098
中古マンション等,不動産取引価格情報,13105,東京都,文京区,小石川,春日(東京),1,40000000,,60,1978年,ＳＲＣ,住宅,住宅,商業,80.0,600.0,2022年第4四半期,未改装,,文京区,2022,4,1978.0,44.0,1.0,666666.6666666666,240069,353648,147.31098
中古マンション等,不動産取引価格情報,13105,東京都,文京区,小石川,春日(東京),5,55000000,２ＤＫ,45,2000年,ＳＲＣ,,住宅,商業,80.0,600.0,2022年第4四半期,未改装,,文京区,2022,4,2000.0,22.0,5.0,1222222.2222222222,240069,353648,147.31098
中古マンション等,不動産取引価格情報,13105,東京都,文京区,小石川,春日(東京),5,66000000,２ＬＤＫ,50,2008年,ＲＣ,住宅,住宅,商業,80.0,600.0,2022年第3四半期,未改装,,文京区,2022,3,2008.0,14.0,5.0,1320000.0,240069,353648,147.31098
中古マンション等,不動産取引価格情報,13105,東京都,文京区,小石川,春日(東京),4,55000000,１ＬＤＫ,40,2012年,ＳＲＣ,住宅,住宅,商業,80.0,600.0,2022年第3四半期,未改装,,文京区,2022,3,2012.0,10.0,4.0,1375000.0,240069,353648,147.31098
中古マンション等,不動産取引価格情報,13105,東京都,文京区,小石川,春日(東京),7,20000000,１Ｋ,20,2006年,ＲＣ,住宅,住宅,商業,80.0,600.0,2022年第3四半期,,,文京区,2022,3,2006.0,16.0,7.0,1000000.0,240069,353648,147.31098
中古マンション等,不動産取引価格情報,13105,東京都,文京区,小石川,春日(東京),4,50000000,１ＬＤＫ,50,1998年,ＳＲＣ,住宅,住宅,商業,80.0,600.0,2022年第3四半期,未改装,,文京区,2022,3,1998.0,24.0,4.0,1000000.0,240069,353648,147.31098
中古マンション等,不動産取引価格情報,13105,東京都,文京区,小石川,春日(東京),3,30000000,１Ｋ,25,2003年,ＳＲＣ,住宅,住宅,商業,80.0,600.0,2022年第3四半期,未改装,,文京区,2022,3,2003.0,19.0,3.0,1200000.0,240069,353648,147.31098
中古マンション等,不動産取引価格情報,13105,東京都,文京区,小石川,春日(東京),7,23000000,１Ｋ,20,2006年,ＲＣ,住宅,住宅,商業,80.0,600.0,2022年第3四半期,未改装,,文京区,2022,3,2006.0,16.0,7.0,1150000.0,240069,353648,147.31098
中古マンション等,不動産取引価格情報,13105,東京都,文京区,小石川,春日(東京),5,100000000,３ＬＤＫ,75,1995年,ＳＲＣ,,住宅,商業,80.0,600.0,2022年第3四半期,改装済み,,文京区,2022,3,1995.0,27.0,5.0,1333333.3333333333,240069,353648,147.31098
中古マンション等,不動産取引価格情報,13105,東京都,文京区,小石川,春日(東京),7,23000000,１Ｋ,20,2003年,ＲＣ,住宅,住宅,準工業,60.0,400.0,2022年第3四半期,改装済み,,文京区,2022,3,2003.0,19.0,7.0,1150000.0,240069,353648,147.31098
中古マンション等,不動産取引価格情報,13105,東京都,文京区,小石川,春日(東京),4,59000000,１ＬＤＫ,45,2009年,ＲＣ,住宅,住宅,商業,80.0,600.0,2022年第3四半期,未改装,,文京区,2022,3,2009.0,13.0,4.0,1311111.111111111,240069,353648,147.31098
中古マンション等,不動産取引価格情報,13105,東京都,文京区,小石川,春日(東京),7,21000000,１Ｋ,20,2003年,ＲＣ,住宅,住宅,準工業,60.0,300.0,2022年第3四半期,改装済み,,文京区,2022,3,2003.0,19.0,7.0,1050000.0,240069,353648,147.31098
中古マンション等,不動産取引価格情報,13105,東京都,文京区,小石川,春日(東京),1,30000000,１Ｋ,25,2002年,ＳＲＣ,,,商業,80.0,600.0,2022年第2四半期,,,文京区,2022,2,2002.0,20.0,1.0,1200000.0,240069,353648,147.31098
中古マンション等,不動産取引価格情報,13105,東京都,文京区,小石川,春日(東京),7,20000000,１Ｋ,20,2003年,ＲＣ,住宅,住宅,準工業,60.0,400.0,2022年第2四半期,未改装,,文京区,2022,2,2003.0,19.0,7.0,1000000.0,240069,353648,147.31098
中古マンション等,不動産取引価格情報,13105,東京都,文京区,小石川,春日(東京),9,100000000,２ＬＤＫ,70,2005年,ＲＣ,住宅,住宅,準工業,60.0,300.0,2022年第2四半期,未改装,,文京区,2022,2,2005.0,17.0,9.0,1428571.4285714286,240069,353648,147.31098
中古マンション等,不動産取引価格情報,13105,東京都,文京区,小石川,春日(東京),3,66000000,１ＬＤＫ,55,1997年,ＲＣ,住宅,住宅,準工業,60.0,300.0,2022年第2四半期,改装済み,,文京区,2022,2,1997.0,25.0,3.0,1200000.0,240069,353648,147.31098
中古マンション等,不動産取引価格情報,13105,東京都,文京区,小石川,春日(東京),7,20000000,１Ｋ,20,2003年,ＲＣ,住宅,住宅,準工業,60.0,400.0,2022年第2四半期,未改装,,文京区,2022,2,2003.0,19.0,7.0,1000000.0,240069,353648,147.31098
中古マンション等,不動産取引価格情報,13105,東京都,文京区,小石川,春日(東京),5,140000000,２ＤＫ,140,1995年,ＲＣ,住宅,住宅,１中住専,60.0,300.0,2022年第2四半期,改装済み,,文京区,2022,2,1995.0,27.0,5.0,1000000.0,240069,353648,147.31098
中古マンション等,不動産取引価格情報,13105,東京都,文京区,小石川,春日(東京),9,45000000,１ＬＤＫ,40,2005年,ＲＣ,住宅,その他,準工業,60.0,300.0,2022年第2四半期,未改装,,文京区,2022,2,2005.0,17.0,9.0,1125000.0,240069,353648,147.31098
中古マンション等,不動産取引価格情報,13105,東京都,文京区,小石川,春日(東京),10,85000000,３ＬＤＫ,65,2008年,ＲＣ,住宅,住宅,準工業,60.0,400.0,2022年第2四半期,,,文京区,2022,2,2008.0,14.0,10.0,1307692.3076923077,240069,353648,147.31098
中古マンション等,不動産取引価格情報,13105,東京都,文京区,小石川,春日(東京),6,39000000,１ＬＤＫ,40,1984年,ＳＲＣ,住宅,住宅,商業,80.0,600.0,2022年第2四半期,改装済み,,文京区,2022,2,1984.0,38.0,6.0,975000.0,240069,353648,147.31098
中古マンション等,不動産取引価格情報,13105,東京都,文京区,小石川,春日(東京),1,29000000,１Ｋ,25,2002年,ＳＲＣ,住宅,住宅,商業,80.0,600.0,2022年第2四半期,改装済み,,文京区,2022,2,2002.0,20.0,1.0,1160000.0,240069,353648,147.31098
中古マンション等,不動産取引価格情報,13105,東京都,文京区,小石川,春日(東京),3,130000000,３ＬＤＫ,75,2002年,ＲＣ,住宅,住宅,準工業,60.0,300.0,2022年第2四半期,改装済み,,文京区,2022,2,2002.0,20.0,3.0,1733333.3333333333,240069,353648,147.31098
中古マンション等,不動産取引価格情報,13105,東京都,文京区,小石川,春日(東京),11,84000000,３ＬＤＫ,100,1983年,ＳＲＣ,,住宅,準工業,60.0,400.0,2022年第2四半期,未改装,,文京区,2022,2,1983.0,39.0,11.0,840000.0,240069,353648,147.31098
中古マンション等,不動産取引価格情報,13105,東京都,文京区,小石川,春日(東京),9,54000000,１ＬＤＫ,40,2005年,ＲＣ,,住宅,準工業,60.0,300.0,2022年第1四半期,,,文京区,2022,1,2005.0,17.0,9.0,1350000.0,240069,353648,147.31098
中古マンション等,不動産取引価格情報,13105,東京都,文京区,小石川,春日(東京),6,23000000,１Ｋ,20,2004年,ＲＣ,住宅,住宅,準工業,60.0,400.0,2022年第1四半期,未改装,,文京区,2022,1,2004.0,18.0,6.0,1150000.0,240069,353648,147.31098
中古マンション等,不動産取引価格情報,13105,東京都,文京区,小石川,春日(東京),4,56000000,,40,2009年,ＲＣ,住宅,住宅,商業,80.0,600.0,2022年第1四半期,未改装,,文京区,2022,1,2009.0,13.0,4.0,1400000.0,240069,353648,147.31098
中古マンション等,不動産取引価格情報,13105,東京都,文京区,小石川,春日(東京),4,150000000,３ＬＤＫ,90,2009年,ＲＣ,住宅,住宅,商業,80.0,600.0,2022年第1四半期,未改装,,文京区,2022,1,2009.0,13.0,4.0,1666666.6666666667,240069,353648,147.31098
中古マンション等,不動産取引価格情報,13105,東京都,文京区,小石川,春日(東京),1,20000000,,20,1978年,ＳＲＣ,,住宅,商業,80.0,600.0,2022年第1四半期,改装済み,,文京区,2022,1,1978.0,44.0,1.0,1000000.0,240069,353648,147.31098
中古マンション等,不動産取引価格情報,13105,東京都,文京区,小石川,春日(東京),3,24000000,,25,2012年,ＲＣ,住宅,住宅,商業,80.0,600.0,2022年第1四半期,,,文京区,2022,1,2012.0,10.0,3.0,960000.0,240069,353648,147.31098
中古マンション等,不動産取引価格情報,13105,東京都,文京区,小石川,春日(東京),2,150000000,３ＬＤＫ,85,2003年,ＳＲＣ,住宅,住宅,商業,80.0,600.0,2022年第1四半期,未改装,,文京区,2022,1,2003.0,19.0,2.0,1764705.8823529412,240069,353648,147.31098
中古マンション等,不動産取引価格情報,13105,東京都,文京区,小石川,春日(東京),4,120000000,３ＬＤＫ,80,2005年,ＳＲＣ,住宅,住宅,商業,80.0,600.0,2022年第1四半期,改装済み,,文京区,2022,1,2005.0,17.0,4.0,1500000.0,240069,353648,147.31098
中古マンション等,不動産取引価格情報,13105,東京都,文京区,小石川,春日(東京),3,18000000,,20,1997年,ＳＲＣ,住宅,住宅,商業,80.0,600.0,2022年第1四半期,未改装,,文京区,2022,1,1997.0,25.0,3.0,900000.0,240069,353648,147.31098
中古マンション等,不動産取引価格情報,13105,東京都,文京区,小石川,春日(東京),4,120000000,３ＬＤＫ,80,2009年,ＲＣ,住宅,住宅,商業,80.0,600.0,2021年第4四半期,未改装,,文京区,2021,4,2009.0,12.0,4.0,1500000.0,240069,353648,147.31098
中古マンション等,不動産取引価格情報,13105,東京都,文京区,小石川,春日(東京),4,120000000,３ＬＤＫ,75,2009年,ＲＣ,住宅,住宅,商業,80.0,600.0,2021年第4四半期,改装済み,,文京区,2021,4,2009.0,12.0,4.0,1600000.0,240069,353648,147.31098
中古マンション等,不動産取引価格情報,13105,東京都,文京区,小石川,春日(東京),9,53000000,３ＬＤＫ,70,1996年,ＲＣ,住宅,住宅,準工業,60.0,300.0,2021年第4四半期,未改装,,文京区,2021,4,1996.0,25.0,9.0,757142.8571428572,240069,353648,147.31098
中古マンション等,不動産取引価格情報,13105,東京都,文京区,小石川,春日(東京),4,96000000,２ＬＤＫ,65,2009年,ＲＣ,住宅,住宅,商業,80.0,600.0,2021年第4四半期,未改装,,文京区,2021,4,2009.0,12.0,4.0,1476923.076923077,240069,353648,147.31098
中古マンション等,不動産取引価格情報,13105,東京都,文京区,小石川,春日(東京),7,20000000,１Ｋ,15,2003年,ＲＣ,住宅,住宅,準工業,60.0,300.0,2021年第4四半期,改装済み,,文京区,2021,4,2003.0,18.0,7.0,1333333.3333333333,240069,353648,147.31098
中古マンション等,不動産取引価格情報,13105,東京都,文京区,小石川,春日(東京),6,84000000,３ＬＤＫ,75,1997年,ＳＲＣ,住宅,住宅,商業,80.0,600.0,2021年第4四半期,未改装,,文京区,2021,4,1997.0,24.0,6.0,1120000.0,240069,353648,147.31098
中古マンション等,不動産取引価格情報,13105,東京都,文京区,小石川,春日(東京),3,71000000,２ＬＤＫ,55,2000年,ＲＣ,住宅,住宅,商業,80.0,600.0,2021年第4四半期,,,文京区,2021,4,2000.0,21.0,3.0,1290909.0909090908,240069,353648,147.31098
中古マンション等,不動産取引価格情報,13105,東京都,文京区,小石川,春日(東京),11,50000000,２ＬＤＫ,55,1983年,ＳＲＣ,住宅,その他,準工業,60.0,400.0,2021年第4四半期,未改装,,文京区,2021,4,1983.0,38.0,11.0,909090.9090909091,240069,353648,147.31098
中古マンション等,不動産取引価格情報,13105,東京都,文京区,小石川,春日(東京),9,71000000,２ＬＤＫ,55,2005年,ＲＣ,,住宅,準工業,60.0,300.0,2021年第4四半期,,,文京区,2021,4,2005.0,16.0,9.0,1290909.0909090908,240069,353648,147.31098
中古マンション等,不動産取引価格情報,13105,東京都,文京区,小石川,春日(東京),3,73000000,２ＬＤＫ,55,2002年,ＳＲＣ,住宅,住宅,準工業,60.0,300.0,2021年第4四半期,未改装,,文京区,2021,4,2002.0,19.0,3.0,1327272.7272727273,240069,353648,147.31098
中古マンション等,不動産取引価格情報,13105,東京都,文京区,小石川,春日(東京),3,65000000,２ＬＤＫ,55,2000年,ＲＣ,住宅,住宅,商業,80.0,600.0,2021年第3四半期,未改装,関係者間取引,文京区,2021,3,2000.0,21.0,3.0,1181818.1818181819,240069,353648,147.31098
中古マンション等,不動産取引価格情報,13105,東京都,文京区,小石川,春日(東京),3,81000000,２ＬＤＫ,55,2000年,ＲＣ,住宅,住宅,商業,80.0,600.0,2021年第3四半期,未改装,,文京区,2021,3,2000.0,21.0,3.0,1472727.2727272727,240069,353648,147.31098
中古マンション等,不動産取引価格情報,13105,東京都,文京区,小石川,春日(東京),1,24000000,１Ｋ,25,2002年,ＳＲＣ,住宅,住宅,商業,80.0,600.0,2021年第3四半期,未改装,,文京区,2021,3,2002.0,19.0,1.0,960000.0,240069,353648,147.31098
中古マンション等,不動産取引価格情報,13105,東京都,文京区,小石川,春日(東京),6,86000000,２ＬＤＫ,55,2015年,ＲＣ,住宅,住宅,準工業,60.0,300.0,2021年第3四半期,未改装,,文京区,2021,3,2015.0,6.0,6.0,1563636.3636363635,240069,353648,147.31098
中古マンション等,不動産取引価格情報,13105,東京都,文京区,小石川,春日(東京),9,85000000,２ＬＤＫ,70,2005年,ＲＣ,住宅,住宅,準工業,60.0,300.0,2021年第3四半期,未改装,,文京区,2021,3,2005.0,16.0,9.0,1214285.7142857143,240069,353648,147.31098
中古マンション等,不動産取引価格情報,13105,東京都,文京区,小石川,春日(東京),7,35000000,１Ｋ,25,2019年,ＲＣ,住宅,その他,準工業,60.0,400.0,2021年第3四半期,未改装,,文京区,2021,3,2019.0,2.0,7.0,1400000.0,240069,353648,147.31098
中古マンション等,不動産取引価格情報,13105,東京都,文京区,小石川,春日(東京),1,35000000,２ＬＤＫ,40,1978年,ＳＲＣ,住宅,住宅,商業,80.0,600.0,2021年第3四半期,未改装,,文京区,2021,3,1978.0,43.0,1.0,875000.0,240069,353648,147.31098
中古マンション等,不動産取引価格情報,13105,東京都,文京区,小石川,春日(東京),3,60000000,１ＬＤＫ,45,2002年,ＲＣ,住宅,住宅,準工業,60.0,300.0,2021年第3四半期,改装済み,,文京区,2021,3,2002.0,19.0,3.0,1333333.3333333333,240069,353648,147.31098
中古マンション等,不動産取引価格情報,13105,東京都,文京区,小石川,春日(東京),4,44000000,,30,2012年,ＳＲＣ,,住宅,商業,80.0,600.0,2021年第2四半期,,,文京区,2021,2,2012.0,9.0,4.0,1466666.6666666667,240069,353648,147.31098
中古マンション等,不動産取引価格情報,13105,東京都,文京区,小石川,春日(東京),11,70000000,２ＬＤＫ,55,2017年,ＲＣ,住宅,住宅,準工業,60.0,300.0,2021年第2四半期,未改装,,文京区,2021,2,2017.0,4.0,11.0,1272727.2727272727,240069,353648,147.31098
中古マンション等,不動産取引価格情報,13105,東京都,文京区,小石川,春日(東京),9,42000000,１ＬＤＫ,40,2005年,ＲＣ,住宅,住宅,準工業,60.0,300.0,2021年第2四半期,未改装,,文京区,2021,2,2005.0,16.0,9.0,1050000.0,240069,353648,147.31098
中古マンション等,不動産取引価格情報,13105,東京都,文京区,小石川,春日(東京),6,23000000,１Ｋ,20,2004年,ＲＣ,住宅,住宅,準工業,60.0,400.0,2021年第2四半期,未改装,,文京区,2021,2,2004.0,17.0,6.0,1150000.0,240069,353648,147.31098
中古マンション等,不動産取引価格情報,13105,東京都,文京区,小石川,春日(東京),7,22000000,１Ｋ,20,2006年,ＲＣ,,住宅,商業,80.0,600.0,2021年第2四半期,改装済み,,文京区,2021,2,2006.0,15.0,7.0,1100000.0,240069,353648,147.31098
中古マンション等,不動産取引価格情報,13105,東京都,文京区,小石川,春日(東京),4,28000000,１Ｋ,25,2012年,ＳＲＣ,,住宅,商業,80.0,600.0,2021年第2四半期,,,文京区,2021,2,2012.0,9.0,4.0,1120000.0,240069,353648,147.31098
中古マンション等,不動産取引価格情報,13105,東京都,文京区,小石川,春日(東京),6,26000000,１Ｋ,20,2007年,ＲＣ,住宅,住宅,準工業,60.0,300.0,2021年第2四半期,未改装,,文京区,2021,2,2007.0,14.0,6.0,1300000.0,240069,353648,147.31098
中古マンション等,不動産取引価格情報,13105,東京都,文京区,小石川,春日(東京),4,58000000,１ＬＤＫ,45,2009年,ＲＣ,,住宅,商業,80.0,600.0,2021年第2四半期,未改装,,文京区,2021,2,2009.0,12.0,4.0,1288888.888888889,240069,353648,147.31098
中古マンション等,不動産取引価格情報,13105,東京都,文京区,小石川,春日(東京),6,21000000,１Ｋ,20,2004年,ＲＣ,住宅,住宅,準工業,60.0,400.0,2021年第2四半期,未改装,,文京区,2021,2,2004.0,17.0,6.0,1050000.0,240069,353648,147.31098
中古マンション等,不動産取引価格情報,13105,東京都,文京区,小石川,春日(東京),4,66000000,３ＬＤＫ,80,1990年,ＳＲＣ,住宅,住宅,商業,80.0,600.0,2021年第1四半期,未改装,,文京区,2021,1,1990.0,31.0,4.0,825000.0,240069,353648,147.31098
中古マンション等,不動産取引価格情報,13105,東京都,文京区,小石川,春日(東京),5,72000000,２ＬＤＫ,55,2004年,ＲＣ,住宅,住宅,準工業,60.0,300.0,2021年第1四半期,未改装,,文京区,2021,1,2004.0,17.0,5.0,1309090.9090909092,240069,353648,147.31098
中古マンション等,不動産取引価格情報,13105,東京都,文京区,小石川,春日(東京),6,36000000,１ＬＤＫ,40,1984年,ＳＲＣ,住宅,住宅,商業,80.0,600.0,2021年第1四半期,改装済み,,文京区,2021,1,1984.0,37.0,6.0,900000.0,240069,353648,147.31098
中古マンション等,不動産取引価格情報,13105,東京都,文京区,小石川,春日(東京),3,23000000,１Ｋ,20,2002年,ＳＲＣ,,その他,商業,80.0,600.0,2021年第1四半期,未改装,,文京区,2021,1,2002.0,19.0,3.0,1150000.0,240069,353648,147.31098
中古マンション等,不動産取引価格情報,13105,東京都,文京区,小石川,春日(東京),9,60000000,２ＬＤＫ,50,2005年,ＲＣ,住宅,住宅,準工業,60.0,300.0,2021年第1四半期,未改装,,文京区,2021,1,2005.0,16.0,9.0,1200000.0,240069,353648,147.31098
中古マンション等,不動産取引価格情報,13105,東京都,文京区,小石川,春日(東京),7,20000000,,15,2008年,ＲＣ,住宅,その他,１中住専,60.0,300.0,2021年第1四半期,未改装,,文京区,2021,1,2008.0,13.0,7.0,1333333.3333333333,240069,353648,147.31098
中古マンション等,不動産取引価格情報,13105,東京都,文京区,小石川,春日(東京),4,140000000,３ＬＤＫ,125,1990年,ＳＲＣ,,住宅,商業,80.0,600.0,2021年第1四半期,改装済み,,文京区,2021,1,1990.0,31.0,4.0,1120000.0,240069,353648,147.31098
中古マンション等,不動産取引価格情報,13105,東京都,文京区,小石川,春日(東京),11,50000000,１ＬＤＫ,50,2003年,ＲＣ,住宅,住宅,１中住専,60.0,300.0,2021年第1四半期,未改装,,文京区,2021,1,2003.0,18.0,11.0,1000000.0,240069,353648,147.31098
中古マンション等,不動産取引価格情報,13105,東京都,文京区,小石川,後楽園,0,25000000,１Ｋ,15,2005年,ＳＲＣ,住宅,その他,商業,80.0,600.0,2025年第3四半期,,,文京区,2025,3,2005.0,20.0,0.0,1666666.6666666667,240069,353648,147.31098
中古マンション等,不動産取引価格情報,13105,東京都,文京区,小石川,後楽園,6,110000000,３ＬＤＫ,75,1996年,ＲＣ,住宅,住宅,１中住専,60.0,300.0,2025年第3四半期,未改装,,文京区,2025,3,1996.0,29.0,6.0,1466666.6666666667,240069,353648,147.31098
中古マンション等,不動産取引価格情報,13105,東京都,文京区,小石川,後楽園,10,27000000,１Ｋ,20,2005年,ＲＣ,住宅,住宅,商業,80.0,600.0,2025年第2四半期,未改装,,文京区,2025,2,2005.0,20.0,10.0,1350000.0,240069,353648,147.31098
中古マンション等,不動産取引価格情報,13105,東京都,文京区,小石川,後楽園,6,88000000,２ＬＤＫ,60,2011年,ＲＣ,住宅,住宅,商業,80.0,600.0,2025年第2四半期,未改装,,文京区,2025,2,2011.0,14.0,6.0,1466666.6666666667,240069,353648,147.31098
中古マンション等,不動産取引価格情報,13105,東京都,文京区,小石川,後楽園,11,26000000,１Ｋ,15,2005年,ＲＣ,住宅,その他,商業,80.0,600.0,2025年第2四半期,改装済み,,文京区,2025,2,2005.0,20.0,11.0,1733333.3333333333,240069,353648,147.31098
中古マンション等,不動産取引価格情報,13105,東京都,文京区,小石川,後楽園,10,21000000,,20,2005年,ＲＣ,,,商業,80.0,600.0,2025年第1四半期,,,文京区,2025,1,2005.0,20.0,10.0,1050000.0,240069,353648,147.31098
中古マンション等,不動産取引価格情報,13105,東京都,文京区,小石川,後楽園,0,45000000,１Ｋ,25,2012年,ＲＣ,住宅,住宅,商業,80.0,600.0,2025年第1四半期,未改装,,文京区,2025,1,2012.0,13.0,0.0,1800000.0,240069,353648,147.31098
中古マンション等,不動産取引価格情報,13105,東京都,文京区,小石川,後楽園,10,23000000,１Ｋ,20,2005年,ＲＣ,住宅,その他,商業,80.0,600.0,2025年第1四半期,改装済み,,文京区,2025,1,2005.0,20.0,10.0,1150000.0,240069,353648,147.31098
中古マンション等,不動産取引価格情報,13105,東京都,文京区,小石川,後楽園,2,38000000,１Ｋ,20,2010年,ＲＣ,住宅,住宅,準工業,60.0,300.0,2024年第4四半期,未改装,,文京区,2024,4,2010.0,14.0,2.0,1900000.0,240069,353648,147.31098
中古マンション等,不動産取引価格情報,13105,東京都,文京区,小石川,後楽園,2,43000000,１ＬＤＫ,30,2020年,ＲＣ,住宅,その他,商業,80.0,600.0,2024年第4四半期,未改装,,文京区,2024,4,2020.0,4.0,2.0,1433333.3333333333,240069,353648,147.31098
中古マンション等,不動産取引価格情報,13105,東京都,文京区,小石川,後楽園,11,23000000,１Ｋ,20,2005年,ＲＣ,住宅,住宅,商業,80.0,600.0,2024年第3四半期,未改装,,文京区,2024,3,2005.0,19.0,11.0,1150000.0,240069,353648,147.31098
中古マンション等,不動産取引価格情報,13105,東京都,文京区,小石川,後楽園,11,25000000,１Ｋ,20,2005年,ＲＣ,住宅,その他,商業,80.0,600.0,2024年第3四半期,未改装,,文京区,2024,3,2005.0,19.0,11.0,1250000.0,240069,353648,147.31098
中古マンション等,不動産取引価格情報,13105,東京都,文京区,小石川,後楽園,11,23000000,１Ｋ,15,2005年,ＲＣ,住宅,住宅,商業,80.0,600.0,2024年第2四半期,未改装,,文京区,2024,2,2005.0,19.0,11.0,1533333.3333333333,240069,353648,147.31098
中古マンション等,不動産取引価格情報,13105,東京都,文京区,小石川,後楽園,2,90000000,１ＤＫ,45,2020年,ＲＣ,住宅,住宅,商業,80.0,600.0,2024年第2四半期,未改装,,文京区,2024,2,2020.0,4.0,2.0,2000000.0,240069,353648,147.31098
中古マンション等,不動産取引価格情報,13105,東京都,文京区,小石川,後楽園,5,28000000,１Ｋ,20,2005年,ＲＣ,住宅,住宅,商業,80.0,600.0,2024年第1四半期,未改装,,文京区,2024,1,2005.0,19.0,5.0,1400000.0,240069,353648,147.31098
中古マンション等,不動産取引価格情報,13105,東京都,文京区,小石川,後楽園,11,24000000,１Ｋ,20,2005年,ＲＣ,住宅,住宅,商業,80.0,600.0,2023年第4四半期,未改装,,文京区,2023,4,2005.0,18.0,11.0,1200000.0,240069,353648,147.31098
中古マンション等,不動産取引価格情報,13105,東京都,文京区,小石川,後楽園,4,100000000,４ＬＤＫ,80,1999年,ＲＣ,事務所,事務所,準工業,60.0,300.0,2023年第4四半期,改装済み,,文京区,2023,4,1999.0,24.0,4.0,1250000.0,240069,353648,147.31098
中古マンション等,不動産取引価格情報,13105,東京都,文京区,小石川,後楽園,2,47000000,,35,2020年,ＲＣ,住宅,,商業,80.0,600.0,2023年第4四半期,,,文京区,2023,4,2020.0,3.0,2.0,1342857.142857143,240069,353648,147.31098
中古マンション等,不動産取引価格情報,13105,東京都,文京区,小石川,後楽園,4,55000000,２ＬＤＫ,50,1999年,ＲＣ,事務所,その他,準工業,60.0,300.0,2023年第4四半期,未改装,,文京区,2023,4,1999.0,24.0,4.0,1100000.0,240069,353648,147.31098
中古マンション等,不動産取引価格情報,13105,東京都,文京区,小石川,後楽園,0,99000000,２ＬＤＫ,60,2012年,ＲＣ,住宅,住宅,商業,80.0,600.0,2023年第3四半期,未改装,,文京区,2023,3,2012.0,11.0,0.0,1650000.0,240069,353648,147.31098
中古マンション等,不動産取引価格情報,13105,東京都,文京区,小石川,後楽園,10,24000000,１Ｋ,20,2005年,ＲＣ,住宅,住宅,商業,80.0,600.0,2023年第3四半期,未改装,,文京区,2023,3,2005.0,18.0,10.0,1200000.0,240069,353648,147.31098
中古マンション等,不動産取引価格情報,13105,東京都,文京区,小石川,後楽園,3,210000000,３ＬＤＫ,75,2023年,ＲＣ,住宅,住宅,商業,80.0,600.0,2023年第3四半期,未改装,,文京区,2023,3,2023.0,0.0,3.0,2800000.0,240069,353648,147.31098
中古マンション等,不動産取引価格情報,13105,東京都,文京区,小石川,後楽園,11,23000000,１Ｋ,20,2005年,ＲＣ,住宅,その他,商業,80.0,600.0,2023年第1四半期,,,文京区,2023,1,2005.0,18.0,11.0,1150000.0,240069,353648,147.31098
中古マンション等,不動産取引価格情報,13105,東京都,文京区,小石川,後楽園,11,24000000,１Ｋ,15,2005年,ＲＣ,住宅,住宅,商業,80.0,600.0,2023年第1四半期,未改装,,文京区,2023,1,2005.0,18.0,11.0,1600000.0,240069,353648,147.31098
中古マンション等,不動産取引価格情報,13105,東京都,文京区,小石川,後楽園,3,16000000,１Ｋ,15,1997年,ＲＣ,住宅,住宅,準工業,60.0,300.0,2022年第4四半期,,,文京区,2022,4,1997.0,25.0,3.0,1066666.6666666667,240069,353648,147.31098
中古マンション等,不動産取引価格情報,13105,東京都,文京区,小石川,後楽園,11,22000000,,20,2005年,ＲＣ,,その他,商業,80.0,600.0,2022年第3四半期,,,文京区,2022,3,2005.0,17.0,11.0,1100000.0,240069,353648,147.31098
中古マンション等,不動産取引価格情報,13105,東京都,文京区,小石川,後楽園,1,6600000,１Ｋ,20,2002年,ＳＲＣ,住宅,住宅,商業,80.0,600.0,2022年第3四半期,,,文京区,2022,3,2002.0,20.0,1.0,330000.0,240069,353648,147.31098
中古マンション等,不動産取引価格情報,13105,東京都,文京区,小石川,後楽園,2,95000000,３ＬＤＫ,70,1999年,ＲＣ,住宅,住宅,準工業,60.0,300.0,2022年第3四半期,未改装,,文京区,2022,3,1999.0,23.0,2.0,1357142.857142857,240069,353648,147.31098
中古マンション等,不動産取引価格情報,13105,東京都,文京区,小石川,後楽園,3,19000000,１ＤＫ,15,1997年,ＲＣ,住宅,住宅,準工業,60.0,300.0,2022年第3四半期,未改装,,文京区,2022,3,1997.0,25.0,3.0,1266666.6666666667,240069,353648,147.31098
中古マンション等,不動産取引価格情報,13105,東京都,文京区,小石川,後楽園,9,120000000,,90,2007年,ＲＣ,住宅,その他,１中住専,60.0,300.0,2022年第3四半期,未改装,,文京区,2022,3,2007.0,15.0,9.0,1333333.3333333333,240069,353648,147.31098
中古マンション等,不動産取引価格情報,13105,東京都,文京区,小石川,後楽園,10,20000000,１Ｋ,20,2005年,ＲＣ,住宅,住宅,商業,80.0,600.0,2022年第2四半期,未改装,,文京区,2022,2,2005.0,17.0,10.0,1000000.0,240069,353648,147.31098
中古マンション等,不動産取引価格情報,13105,東京都,文京区,小石川,後楽園,9,60000000,２ＬＤＫ,55,2011年,ＲＣ,住宅,その他,商業,80.0,600.0,2022年第2四半期,未改装,,文京区,2022,2,2011.0,11.0,9.0,1090909.0909090908,240069,353648,147.31098
中古マンション等,不動産取引価格情報,13105,東京都,文京区,小石川,後楽園,3,18000000,１Ｋ,15,1997年,ＲＣ,,住宅,準工業,60.0,300.0,2022年第1四半期,,,文京区,2022,1,1997.0,25.0,3.0,1200000.0,240069,353648,147.31098
中古マンション等,不動産取引価格情報,13105,東京都,文京区,小石川,後楽園,0,24000000,１Ｋ,20,2005年,ＳＲＣ,住宅,住宅,商業,80.0,600.0,2022年第1四半期,未改装,,文京区,2022,1,2005.0,17.0,0.0,1200000.0,240069,353648,147.31098
中古マンション等,不動産取引価格情報,13105,東京都,文京区,小石川,後楽園,9,54000000,１ＬＤＫ,40,2005年,ＲＣ,住宅,住宅,準工業,60.0,300.0,2022年第1四半期,改装済み,,文京区,2022,1,2005.0,17.0,9.0,1350000.0,240069,353648,147.31098
中古マンション等,不動産取引価格情報,13105,東京都,文京区,小石川,後楽園,1,26000000,１Ｒ,15,2002年,ＳＲＣ,住宅,住宅,商業,80.0,600.0,2022年第1四半期,未改装,,文京区,2022,1,2002.0,20.0,1.0,1733333.3333333333,240069,353648,147.31098
中古マンション等,不動産取引価格情報,13105,東京都,文京区,小石川,後楽園,11,75000000,２ＬＤＫ,55,2017年,ＲＣ,住宅,住宅,準工業,60.0,300.0,2022年第1四半期,未改装,,文京区,2022,1,2017.0,5.0,11.0,1363636.3636363635,240069,353648,147.31098
中古マンション等,不動産取引価格情報,13105,東京都,文京区,小石川,後楽園,1,24000000,１Ｋ,15,2002年,ＳＲＣ,住宅,住宅,商業,80.0,600.0,2022年第1四半期,改装済み,,文京区,2022,1,2002.0,20.0,1.0,1600000.0,240069,353648,147.31098
中古マンション等,不動産取引価格情報,13105,東京都,文京区,小石川,後楽園,9,120000000,４ＬＤＫ,80,2004年,ＳＲＣ,住宅,住宅,商業,80.0,500.0,2022年第1四半期,未改装,,文京区,2022,1,2004.0,18.0,9.0,1500000.0,240069,353648,147.31098
中古マンション等,不動産取引価格情報,13105,東京都,文京区,小石川,後楽園,2,130000000,３ＬＤＫ,70,2020年,ＲＣ,住宅,住宅,商業,80.0,600.0,2021年第4四半期,未改装,,文京区,2021,4,2020.0,1.0,2.0,1857142.857142857,240069,353648,147.31098
中古マンション等,不動産取引価格情報,13105,東京都,文京区,小石川,後楽園,11,23000000,１Ｋ,25,2005年,ＲＣ,住宅,住宅,商業,80.0,600.0,2021年第4四半期,改装済み,,文京区,2021,4,2005.0,16.0,11.0,920000.0,240069,353648,147.31098
中古マンション等,不動産取引価格情報,13105,東京都,文京区,小石川,後楽園,0,31000000,１Ｋ,25,2012年,ＲＣ,,住宅,商業,80.0,600.0,2021年第4四半期,,,文京区,2021,4,2012.0,9.0,0.0,1240000.0,240069,353648,147.31098
中古マンション等,不動産取引価格情報,13105,東京都,文京区,小石川,後楽園,8,70000000,２ＤＫ,55,1996年,ＲＣ,住宅,住宅,１中住専,60.0,300.0,2021年第4四半期,改装済み,,文京区,2021,4,1996.0,25.0,8.0,1272727.2727272727,240069,353648,147.31098
中古マンション等,不動産取引価格情報,13105,東京都,文京区,小石川,後楽園,0,22000000,１Ｋ,15,2005年,ＳＲＣ,住宅,,商業,80.0,600.0,2021年第3四半期,未改装,,文京区,2021,3,2005.0,16.0,0.0,1466666.6666666667,240069,353648,147.31098
中古マンション等,不動産取引価格情報,13105,東京都,文京区,小石川,後楽園,2,53000000,１ＤＫ,30,2020年,ＲＣ,住宅,住宅,商業,80.0,600.0,2021年第3四半期,未改装,,文京区,2021,3,2020.0,1.0,2.0,1766666.6666666667,240069,353648,147.31098
中古マンション等,不動産取引価格情報,13105,東京都,文京区,小石川,後楽園,2,28000000,１Ｋ,20,2010年,ＲＣ,,住宅,準工業,60.0,300.0,2021年第3四半期,,,文京区,2021,3,2010.0,11.0,2.0,1400000.0,240069,353648,147.31098
中古マンション等,不動産取引価格情報,13105,東京都,文京区,小石川,後楽園,11,22000000,１Ｋ,20,2005年,ＲＣ,住宅,住宅,商業,80.0,600.0,2021年第2四半期,未改装,,文京区,2021,2,2005.0,16.0,11.0,1100000.0,240069,353648,147.31098
中古マンション等,不動産取引価格情報,13105,東京都,文京区,小石川,後楽園,2,38000000,１Ｋ,25,2020年,ＲＣ,住宅,住宅,商業,80.0,600.0,2021年第2四半期,未改装,,文京区,2021,2,2020.0,1.0,2.0,1520000.0,240069,353648,147.31098
中古マンション等,不動産取引価格情報,13105,東京都,文京区,小石川,後楽園,3,48000000,１ＬＤＫ,45,1997年,ＲＣ,住宅,住宅,準工業,60.0,300.0,2021年第2四半期,改装済み,,文京区,2021,2,1997.0,24.0,3.0,1066666.6666666667,240069,353648,147.31098
中古マンション等,不動産取引価格情報,13105,東京都,文京区,小石川,後楽園,3,15000000,１Ｋ,15,1997年,ＲＣ,住宅,住宅,準工業,60.0,300.0,2021年第1四半期,,,文京区,2021,1,1997.0,24.0,3.0,1000000.0,240069,353648,147.31098
中古マンション等,不動産取引価格情報,13105,東京都,文京区,小石川,後楽園,2,35000000,１Ｋ,25,2020年,ＲＣ,住宅,住宅,商業,80.0,600.0,2021年第1四半期,未改装,,文京区,2021,1,2020.0,1.0,2.0,1400000.0,240069,353648,147.31098
中古マンション等,不動産取引価格情報,13105,東京都,文京区,小石川,後楽園,10,22000000,１Ｋ,20,2005年,ＲＣ,住宅,住宅,商業,80.0,600.0,2021年第1四半期,,,文京区,2021,1,2005.0,16.0,10.0,1100000.0,240069,353648,147.31098
中古マンション等,不動産取引価格情報,13105,東京都,文京区,小石川,後楽園,11,24000000,,20,2005年,ＲＣ,住宅,その他,商業,80.0,600.0,2021年第1四半期,,,文京区,2021,1,2005.0,16.0,11.0,1200000.0,240069,353648,147.31098
中古マンション等,不動産取引価格情報,13105,東京都,文京区,小石川,茗荷谷,7,150000000,３ＬＤＫ,95,1992年,ＳＲＣ,住宅,住宅,商業,80.0,600.0,2025年第4四半期,改装済み,,文京区,2025,4,1992.0,33.0,7.0,1578947.3684210526,240069,353648,147.31098
中古マンション等,不動産取引価格情報,13105,東京都,文京区,小石川,茗荷谷,11,180000000,,70,2016年,ＲＣ,住宅,住宅,１種住居,60.0,300.0,2025年第4四半期,,,文京区,2025,4,2016.0,9.0,11.0,2571428.5714285714,240069,353648,147.31098
中古マンション等,不動産取引価格情報,13105,東京都,文京区,小石川,茗荷谷,4,25000000,,20,2002年,ＲＣ,住宅,住宅,２種住居,60.0,300.0,2025年第3四半期,,,文京区,2025,3,2002.0,23.0,4.0,1250000.0,240069,353648,147.31098
中古マンション等,不動産取引価格情報,13105,東京都,文京区,小石川,茗荷谷,8,10000000,１Ｋ,20,2005年,ＲＣ,住宅,その他,準工業,60.0,400.0,2025年第3四半期,,,文京区,2025,3,2005.0,20.0,8.0,500000.0,240069,353648,147.31098
中古マンション等,不動産取引価格情報,13105,東京都,文京区,小石川,茗荷谷,6,26000000,１Ｋ,20,2005年,ＲＣ,住宅,,準工業,60.0,400.0,2025年第3四半期,,,文京区,2025,3,2005.0,20.0,6.0,1300000.0,240069,353648,147.31098
中古マンション等,不動産取引価格情報,13105,東京都,文京区,小石川,茗荷谷,5,48000000,１ＬＤＫ,40,1981年,ＲＣ,住宅,住宅,１種住居,60.0,400.0,2025年第3四半期,未改装,,文京区,2025,3,1981.0,44.0,5.0,1200000.0,240069,353648,147.31098
中古マンション等,不動産取引価格情報,13105,東京都,文京区,小石川,茗荷谷,3,25000000,１Ｒ,15,2000年,ＲＣ,住宅,住宅,２種住居,60.0,400.0,2025年第3四半期,未改装,,文京区,2025,3,2000.0,25.0,3.0,1666666.6666666667,240069,353648,147.31098
中古マンション等,不動産取引価格情報,13105,東京都,文京区,小石川,茗荷谷,10,85000000,２ＬＤＫ,55,1995年,ＳＲＣ,住宅,住宅,商業,80.0,600.0,2025年第3四半期,未改装,,文京区,2025,3,1995.0,30.0,10.0,1545454.5454545454,240069,353648,147.31098
中古マンション等,不動産取引価格情報,13105,東京都,文京区,小石川,茗荷谷,4,170000000,３ＬＤＫ,75,2005年,ＳＲＣ,住宅,住宅,２種住居,60.0,400.0,2025年第3四半期,改装済み,,文京区,2025,3,2005.0,20.0,4.0,2266666.6666666665,240069,353648,147.31098
中古マンション等,不動産取引価格情報,13105,東京都,文京区,小石川,茗荷谷,8,120000000,３ＬＤＫ,75,1998年,ＲＣ,住宅,住宅,準工業,60.0,400.0,2025年第3四半期,未改装,,文京区,2025,3,1998.0,27.0,8.0,1600000.0,240069,353648,147.31098
中古マンション等,不動産取引価格情報,13105,東京都,文京区,小石川,茗荷谷,5,190000000,３ＬＤＫ,70,2023年,ＲＣ,住宅,住宅,１種住居,60.0,400.0,2025年第3四半期,未改装,,文京区,2025,3,2023.0,2.0,5.0,2714285.714285714,240069,353648,147.31098
中古マンション等,不動産取引価格情報,13105,東京都,文京区,小石川,茗荷谷,10,29000000,１Ｋ,20,2008年,ＲＣ,住宅,住宅,準工業,60.0,400.0,2025年第2四半期,未改装,,文京区,2025,2,2008.0,17.0,10.0,1450000.0,240069,353648,147.31098
中古マンション等,不動産取引価格情報,13105,東京都,文京区,小石川,茗荷谷,2,95000000,３ＬＤＫ,70,1971年,ＳＲＣ,住宅,住宅,１種住居,60.0,400.0,2025年第2四半期,改装済み,,文京区,2025,2,1971.0,54.0,2.0,1357142.857142857,240069,353648,147.31098
中古マンション等,不動産取引価格情報,13105,東京都,文京区,小石川,茗荷谷,11,150000000,３ＬＤＫ,115,1989年,ＲＣ,,住宅,１中住専,60.0,200.0,2025年第2四半期,改装済み,,文京区,2025,2,1989.0,36.0,11.0,1304347.8260869565,240069,353648,147.31098
中古マンション等,不動産取引価格情報,13105,東京都,文京区,小石川,茗荷谷,9,22000000,１Ｋ,15,2003年,ＲＣ,住宅,住宅,準工業,60.0,400.0,2025年第2四半期,未改装,,文京区,2025,2,2003.0,22.0,9.0,1466666.6666666667,240069,353648,147.31098
中古マンション等,不動産取引価格情報,13105,東京都,文京区,小石川,茗荷谷,4,72000000,２ＬＤＫ,45,1987年,ＳＲＣ,住宅,住宅,商業,80.0,600.0,2025年第2四半期,改装済み,,文京区,2025,2,1987.0,38.0,4.0,1600000.0,240069,353648,147.31098
中古マンション等,不動産取引価格情報,13105,東京都,文京区,小石川,茗荷谷,5,69000000,,50,2000年,ＳＲＣ,住宅,住宅,商業,80.0,600.0,2025年第2四半期,未改装,,文京区,2025,2,2000.0,25.0,5.0,1380000.0,240069,353648,147.31098
中古マンション等,不動産取引価格情報,13105,東京都,文京区,小石川,茗荷谷,8,110000000,２ＬＤＫ,55,2003年,ＲＣ,住宅,住宅,２種住居,60.0,400.0,2025年第1四半期,改装済み,,文京区,2025,1,2003.0,22.0,8.0,2000000.0,240069,353648,147.31098
中古マンション等,不動産取引価格情報,13105,東京都,文京区,小石川,茗荷谷,8,62000000,１ＬＤＫ,45,2010年,ＲＣ,住宅,住宅,２種住居,60.0,400.0,2025年第1四半期,未改装,,文京区,2025,1,2010.0,15.0,8.0,1377777.7777777778,240069,353648,147.31098
中古マンション等,不動産取引価格情報,13105,東京都,文京区,小石川,茗荷谷,7,60000000,２ＬＤＫ,75,1968年,ＳＲＣ,住宅,住宅,２種住居,60.0,400.0,2024年第4四半期,未改装,,文京区,2024,4,1968.0,56.0,7.0,800000.0,240069,353648,147.31098
中古マンション等,不動産取引価格情報,13105,東京都,文京区,小石川,茗荷谷,8,32000000,２Ｋ,25,2005年,ＲＣ,住宅,住宅,準工業,60.0,400.0,2024年第4四半期,未改装,,文京区,2024,4,2005.0,19.0,8.0,1280000.0,240069,353648,147.31098
中古マンション等,不動産取引価格情報,13105,東京都,文京区,小石川,茗荷谷,8,26000000,１Ｋ,20,2005年,ＲＣ,住宅,住宅,準工業,60.0,400.0,2024年第4四半期,未改装,,文京区,2024,4,2005.0,19.0,8.0,1300000.0,240069,353648,147.31098
中古マンション等,不動産取引価格情報,13105,東京都,文京区,小石川,茗荷谷,3,22000000,１Ｋ,15,2000年,ＲＣ,住宅,住宅,２種住居,60.0,400.0,2024年第4四半期,未改装,,文京区,2024,4,2000.0,24.0,3.0,1466666.6666666667,240069,353648,147.31098
中古マンション等,不動産取引価格情報,13105,東京都,文京区,小石川,茗荷谷,8,90000000,３ＬＤＫ,75,1998年,ＲＣ,住宅,住宅,準工業,60.0,400.0,2024年第4四半期,未改装,,文京区,2024,4,1998.0,26.0,8.0,1200000.0,240069,353648,147.31098
中古マンション等,不動産取引価格情報,13105,東京都,文京区,小石川,茗荷谷,8,120000000,３ＬＤＫ,75,1998年,ＲＣ,住宅,住宅,準工業,60.0,400.0,2024年第3四半期,改装済み,,文京区,2024,3,1998.0,26.0,8.0,1600000.0,240069,353648,147.31098
中古マンション等,不動産取引価格情報,13105,東京都,文京区,小石川,茗荷谷,9,57000000,１ＬＤＫ,40,2011年,ＲＣ,住宅,住宅,２種住居,60.0,400.0,2024年第3四半期,未改装,,文京区,2024,3,2011.0,13.0,9.0,1425000.0,240069,353648,147.31098
中古マンション等,不動産取引価格情報,13105,東京都,文京区,小石川,茗荷谷,7,190000000,４ＬＤＫ,95,2005年,ＳＲＣ,住宅,住宅,１種住居,60.0,400.0,2024年第3四半期,改装済み,,文京区,2024,3,2005.0,19.0,7.0,2000000.0,240069,353648,147.31098
中古マンション等,不動産取引価格情報,13105,東京都,文京区,小石川,茗荷谷,9,130000000,３ＬＤＫ,75,2011年,ＲＣ,住宅,住宅,２種住居,60.0,400.0,2024年第2四半期,未改装,,文京区,2024,2,2011.0,13.0,9.0,1733333.3333333333,240069,353648,147.31098
中古マンション等,不動産取引価格情報,13105,東京都,文京区,小石川,茗荷谷,2,75000000,２ＬＤＫ,70,1971年,ＳＲＣ,住宅,住宅,１種住居,60.0,400.0,2024年第1四半期,未改装,,文京区,2024,1,1971.0,53.0,2.0,1071428.5714285714,240069,353648,147.31098
中古マンション等,不動産取引価格情報,13105,東京都,文京区,小石川,茗荷谷,8,64000000,２ＬＤＫ,50,2010年,ＲＣ,住宅,住宅,２種住居,60.0,400.0,2024年第1四半期,未改装,,文京区,2024,1,2010.0,14.0,8.0,1280000.0,240069,353648,147.31098
中古マンション等,不動産取引価格情報,13105,東京都,文京区,小石川,茗荷谷,6,59000000,１ＬＤＫ,30,2021年,ＲＣ,住宅,住宅,２種住居,60.0,400.0,2024年第1四半期,未改装,,文京区,2024,1,2021.0,3.0,6.0,1966666.6666666667,240069,353648,147.31098
中古マンション等,不動産取引価格情報,13105,東京都,文京区,小石川,茗荷谷,5,69000000,２ＤＫ,55,2004年,ＲＣ,住宅,住宅,２中住専,60.0,300.0,2023年第4四半期,改装済み,,文京区,2023,4,2004.0,19.0,5.0,1254545.4545454546,240069,353648,147.31098
中古マンション等,不動産取引価格情報,13105,東京都,文京区,小石川,茗荷谷,5,52000000,２ＬＤＫ,50,1981年,ＲＣ,住宅,住宅,１種住居,60.0,400.0,2023年第4四半期,改装済み,,文京区,2023,4,1981.0,42.0,5.0,1040000.0,240069,353648,147.31098
中古マンション等,不動産取引価格情報,13105,東京都,文京区,小石川,茗荷谷,5,74000000,２ＬＤＫ,55,2004年,ＲＣ,住宅,住宅,２中住専,60.0,300.0,2023年第4四半期,未改装,,文京区,2023,4,2004.0,19.0,5.0,1345454.5454545454,240069,353648,147.31098
中古マンション等,不動産取引価格情報,13105,東京都,文京区,小石川,茗荷谷,9,60000000,,40,2011年,ＲＣ,住宅,住宅,商業,80.0,600.0,2023年第4四半期,未改装,,文京区,2023,4,2011.0,12.0,9.0,1500000.0,240069,353648,147.31098
中古マンション等,不動産取引価格情報,13105,東京都,文京区,小石川,茗荷谷,9,22000000,１Ｋ,20,2003年,ＲＣ,住宅,住宅,準工業,60.0,400.0,2023年第3四半期,未改装,,文京区,2023,3,2003.0,20.0,9.0,1100000.0,240069,353648,147.31098
中古マンション等,不動産取引価格情報,13105,東京都,文京区,小石川,茗荷谷,4,100000000,２ＬＤＫ,65,2005年,ＳＲＣ,住宅,住宅,２種住居,60.0,400.0,2023年第3四半期,改装済み,,文京区,2023,3,2005.0,18.0,4.0,1538461.5384615385,240069,353648,147.31098
中古マンション等,不動産取引価格情報,13105,東京都,文京区,小石川,茗荷谷,9,69000000,１ＬＤＫ,40,2011年,ＲＣ,住宅,住宅,２種住居,60.0,400.0,2023年第3四半期,未改装,,文京区,2023,3,2011.0,12.0,9.0,1725000.0,240069,353648,147.31098
中古マンション等,不動産取引価格情報,13105,東京都,文京区,小石川,茗荷谷,7,57000000,３ＬＤＫ,85,1968年,ＳＲＣ,住宅,住宅,２種住居,60.0,400.0,2023年第3四半期,未改装,,文京区,2023,3,1968.0,55.0,7.0,670588.2352941176,240069,353648,147.31098
中古マンション等,不動産取引価格情報,13105,東京都,文京区,小石川,茗荷谷,9,72000000,１ＤＫ,55,2015年,ＲＣ,住宅,住宅,２種住居,60.0,400.0,2023年第2四半期,未改装,,文京区,2023,2,2015.0,8.0,9.0,1309090.9090909092,240069,353648,147.31098
中古マンション等,不動産取引価格情報,13105,東京都,文京区,小石川,茗荷谷,4,47000000,２ＤＫ,45,1987年,ＳＲＣ,住宅,住宅,商業,80.0,600.0,2023年第2四半期,未改装,,文京区,2023,2,1987.0,36.0,4.0,1044444.4444444445,240069,353648,147.31098
中古マンション等,不動産取引価格情報,13105,東京都,文京区,小石川,茗荷谷,7,17000000,１Ｋ,20,1999年,ＲＣ,住宅,住宅,準工業,60.0,400.0,2023年第1四半期,未改装,,文京区,2023,1,1999.0,24.0,7.0,850000.0,240069,353648,147.31098
中古マンション等,不動産取引価格情報,13105,東京都,文京区,小石川,茗荷谷,3,22000000,１Ｋ,15,2000年,ＲＣ,住宅,住宅,２種住居,60.0,400.0,2023年第1四半期,,,文京区,2023,1,2000.0,23.0,3.0,1466666.6666666667,240069,353648,147.31098
中古マンション等,不動産取引価格情報,13105,東京都,文京区,小石川,茗荷谷,9,160000000,３ＬＤＫ,95,1991年,ＳＲＣ,住宅,事務所,２種住居,60.0,400.0,2022年第4四半期,改装済み,,文京区,2022,4,1991.0,31.0,9.0,1684210.5263157894,240069,353648,147.31098
中古マンション等,不動産取引価格情報,13105,東京都,文京区,小石川,茗荷谷,10,20000000,,20,1999年,ＲＣ,,住宅,準工業,60.0,400.0,2022年第4四半期,,,文京区,2022,4,1999.0,23.0,10.0,1000000.0,240069,353648,147.31098
中古マンション等,不動産取引価格情報,13105,東京都,文京区,小石川,茗荷谷,13,16000000,１ＤＫ,25,1970年,ＳＲＣ,住宅,住宅,１中住専,60.0,300.0,2022年第4四半期,,,文京区,2022,4,1970.0,52.0,13.0,640000.0,240069,353648,147.31098
中古マンション等,不動産取引価格情報,13105,東京都,文京区,小石川,茗荷谷,4,18000000,１Ｋ,20,2002年,ＲＣ,住宅,住宅,２種住居,60.0,300.0,2022年第4四半期,未改装,,文京区,2022,4,2002.0,20.0,4.0,900000.0,240069,353648,147.31098
中古マンション等,不動産取引価格情報,13105,東京都,文京区,小石川,茗荷谷,2,95000000,３ＬＤＫ,140,1971年,ＳＲＣ,住宅,住宅,１種住居,60.0,400.0,2022年第4四半期,未改装,,文京区,2022,4,1971.0,51.0,2.0,678571.4285714285,240069,353648,147.31098
中古マンション等,不動産取引価格情報,13105,東京都,文京区,小石川,茗荷谷,8,56000000,２ＬＤＫ,50,1998年,ＲＣ,住宅,住宅,準工業,60.0,400.0,2022年第4四半期,未改装,,文京区,2022,4,1998.0,24.0,8.0,1120000.0,240069,353648,147.31098
中古マンション等,不動産取引価格情報,13105,東京都,文京区,小石川,茗荷谷,10,18000000,,20,2008年,ＲＣ,住宅,住宅,準工業,60.0,400.0,2022年第4四半期,,,文京区,2022,4,2008.0,14.0,10.0,900000.0,240069,353648,147.31098
中古マンション等,不動産取引価格情報,13105,東京都,文京区,小石川,茗荷谷,10,23000000,１Ｋ,20,1999年,ＲＣ,住宅,住宅,準工業,60.0,400.0,2022年第3四半期,未改装,,文京区,2022,3,1999.0,23.0,10.0,1150000.0,240069,353648,147.31098
中古マンション等,不動産取引価格情報,13105,東京都,文京区,小石川,茗荷谷,3,77000000,２ＬＤＫ,80,1992年,ＲＣ,,住宅,１種住居,60.0,400.0,2022年第3四半期,未改装,,文京区,2022,3,1992.0,30.0,3.0,962500.0,240069,353648,147.31098
中古マンション等,不動産取引価格情報,13105,東京都,文京区,小石川,茗荷谷,4,23000000,１Ｒ,20,2002年,ＲＣ,,住宅,２種住居,60.0,300.0,2022年第2四半期,未改装,,文京区,2022,2,2002.0,20.0,4.0,1150000.0,240069,353648,147.31098
中古マンション等,不動産取引価格情報,13105,東京都,文京区,小石川,茗荷谷,4,110000000,２ＬＤＫ,75,2005年,ＳＲＣ,住宅,住宅,２種住居,60.0,400.0,2022年第2四半期,未改装,,文京区,2022,2,2005.0,17.0,4.0,1466666.6666666667,240069,353648,147.31098
中古マンション等,不動産取引価格情報,13105,東京都,文京区,小石川,茗荷谷,8,70000000,２ＤＫ,60,1998年,ＲＣ,住宅,住宅,準工業,60.0,400.0,2022年第1四半期,,,文京区,2022,1,1998.0,24.0,8.0,1166666.6666666667,240069,353648,147.31098
中古マンション等,不動産取引価格情報,13105,東京都,文京区,小石川,茗荷谷,7,72000000,３ＬＤＫ,85,1968年,ＳＲＣ,住宅,住宅,２種住居,60.0,400.0,2022年第1四半期,改装済み,,文京区,2022,1,1968.0,54.0,7.0,847058.8235294118,240069,353648,147.31098
中古マンション等,不動産取引価格情報,13105,東京都,文京区,小石川,茗荷谷,5,79000000,２ＬＤＫ,55,2000年,ＳＲＣ,住宅,住宅,商業,80.0,600.0,2022年第1四半期,未改装,,文京区,2022,1,2000.0,22.0,5.0,1436363.6363636365,240069,353648,147.31098
中古マンション等,不動産取引価格情報,13105,東京都,文京区,小石川,茗荷谷,4,70000000,２ＬＤＫ,60,1987年,ＳＲＣ,住宅,住宅,商業,80.0,600.0,2022年第1四半期,改装済み,,文京区,2022,1,1987.0,35.0,4.0,1166666.6666666667,240069,353648,147.31098
中古マンション等,不動産取引価格情報,13105,東京都,文京区,小石川,茗荷谷,8,19000000,１Ｋ,25,1984年,ＳＲＣ,住宅,住宅,準工業,60.0,400.0,2022年第1四半期,未改装,,文京区,2022,1,1984.0,38.0,8.0,760000.0,240069,353648,147.31098
中古マンション等,不動産取引価格情報,13105,東京都,文京区,小石川,茗荷谷,7,56000000,２ＬＤＫ,55,1992年,ＳＲＣ,住宅,住宅,商業,80.0,600.0,2022年第1四半期,未改装,,文京区,2022,1,1992.0,30.0,7.0,1018181.8181818182,240069,353648,147.31098
中古マンション等,不動産取引価格情報,13105,東京都,文京区,小石川,茗荷谷,3,70000000,２ＬＤＫ,65,1992年,ＲＣ,住宅,住宅,１種住居,60.0,400.0,2021年第4四半期,未改装,,文京区,2021,4,1992.0,29.0,3.0,1076923.076923077,240069,353648,147.31098
中古マンション等,不動産取引価格情報,13105,東京都,文京区,小石川,茗荷谷,5,70000000,２ＬＤＫ,50,1998年,ＳＲＣ,住宅,住宅,商業,80.0,600.0,2021年第4四半期,未改装,,文京区,2021,4,1998.0,23.0,5.0,1400000.0,240069,353648,147.31098
中古マンション等,不動産取引価格情報,13105,東京都,文京区,小石川,茗荷谷,8,39000000,１ＬＤＫ,35,2003年,ＲＣ,住宅,住宅,２種住居,60.0,400.0,2021年第3四半期,未改装,,文京区,2021,3,2003.0,18.0,8.0,1114285.7142857143,240069,353648,147.31098
中古マンション等,不動産取引価格情報,13105,東京都,文京区,小石川,茗荷谷,4,25000000,１Ｋ,20,2002年,ＲＣ,住宅,事務所,２種住居,60.0,300.0,2021年第3四半期,,,文京区,2021,3,2002.0,19.0,4.0,1250000.0,240069,353648,147.31098
中古マンション等,不動産取引価格情報,13105,東京都,文京区,小石川,茗荷谷,8,23000000,１Ｋ,20,2005年,ＲＣ,住宅,住宅,準工業,60.0,400.0,2021年第3四半期,未改装,,文京区,2021,3,2005.0,16.0,8.0,1150000.0,240069,353648,147.31098
中古マンション等,不動産取引価格情報,13105,東京都,文京区,小石川,茗荷谷,9,36000000,１ＤＫ,30,2011年,ＲＣ,住宅,住宅,商業,80.0,600.0,2021年第3四半期,改装済み,,文京区,2021,3,2011.0,10.0,9.0,1200000.0,240069,353648,147.31098
中古マンション等,不動産取引価格情報,13105,東京都,文京区,小石川,茗荷谷,8,80000000,３ＬＤＫ,80,1984年,ＳＲＣ,住宅,住宅,準工業,60.0,400.0,2021年第3四半期,改装済み,,文京区,2021,3,1984.0,37.0,8.0,1000000.0,240069,353648,147.31098
中古マンション等,不動産取引価格情報,13105,東京都,文京区,小石川,茗荷谷,10,20000000,１Ｋ,20,2008年,ＲＣ,住宅,住宅,準工業,60.0,400.0,2021年第3四半期,未改装,,文京区,2021,3,2008.0,13.0,10.0,1000000.0,240069,353648,147.31098
中古マンション等,不動産取引価格情報,13105,東京都,文京区,小石川,茗荷谷,6,20000000,１Ｋ,20,2005年,ＲＣ,住宅,住宅,準工業,60.0,400.0,2021年第3四半期,未改装,,文京区,2021,3,2005.0,16.0,6.0,1000000.0,240069,353648,147.31098
中古マンション等,不動産取引価格情報,13105,東京都,文京区,小石川,茗荷谷,8,62000000,２ＬＤＫ,50,1998年,ＲＣ,住宅,住宅,準工業,60.0,400.0,2021年第3四半期,改装済み,,文京区,2021,3,1998.0,23.0,8.0,1240000.0,240069,353648,147.31098
中古マンション等,不動産取引価格情報,13105,東京都,文京区,小石川,茗荷谷,5,40000000,２ＤＫ,40,1981年,ＲＣ,,住宅,１種住居,60.0,400.0,2021年第2四半期,,,文京区,2021,2,1981.0,40.0,5.0,1000000.0,240069,353648,147.31098
中古マンション等,不動産取引価格情報,13105,東京都,文京区,小石川,茗荷谷,9,50000000,１ＬＤＫ,40,2011年,ＲＣ,住宅,住宅,商業,80.0,600.0,2021年第2四半期,未改装,,文京区,2021,2,2011.0,10.0,9.0,1250000.0,240069,353648,147.31098
中古マンション等,不動産取引価格情報,13105,東京都,文京区,小石川,茗荷谷,7,19000000,１Ｋ,20,1999年,ＲＣ,,住宅,準工業,60.0,400.0,2021年第2四半期,,,文京区,2021,2,1999.0,22.0,7.0,950000.0,240069,353648,147.31098
中古マンション等,不動産取引価格情報,13105,東京都,文京区,小石川,茗荷谷,9,77000000,１ＬＤＫ,60,2015年,ＲＣ,住宅,住宅,２種住居,60.0,400.0,2021年第2四半期,未改装,,文京区,2021,2,2015.0,6.0,9.0,1283333.3333333333,240069,353648,147.31098
中古マンション等,不動産取引価格情報,13105,東京都,文京区,小石川,茗荷谷,3,80000000,３ＬＤＫ,65,1992年,ＲＣ,住宅,住宅,１種住居,60.0,400.0,2021年第2四半期,未改装,,文京区,2021,2,1992.0,29.0,3.0,1230769.2307692308,240069,353648,147.31098
中古マンション等,不動産取引価格情報,13105,東京都,文京区,小石川,茗荷谷,7,80000000,２ＬＤＫ,50,2018年,ＲＣ,住宅,住宅,商業,80.0,600.0,2021年第2四半期,未改装,,文京区,2021,2,2018.0,3.0,7.0,1600000.0,240069,353648,147.31098
中古マンション等,不動産取引価格情報,13105,東京都,文京区,小石川,茗荷谷,2,50000000,オープンフロア,90,1971年,ＳＲＣ,店舗,店舗,１種住居,60.0,400.0,2021年第1四半期,未改装,,文京区,2021,1,1971.0,50.0,2.0,555555.5555555555,240069,353648,147.31098
中古マンション等,不動産取引価格情報,13105,東京都,文京区,小石川,茗荷谷,7,25000000,１Ｋ,20,1999年,ＲＣ,,住宅,準工業,60.0,400.0,2021年第1四半期,改装済み,,文京区,2021,1,1999.0,22.0,7.0,1250000.0,240069,353648,147.31098
中古マンション等,不動産取引価格情報,13105,東京都,文京区,小石川,茗荷谷,9,85000000,,95,1991年,ＳＲＣ,住宅,住宅,２種住居,60.0,400.0,2021年第1四半期,,,文京区,2021,1,1991.0,30.0,9.0,894736.8421052631,240069,353648,147.31098
中古マンション等,不動産取引価格情報,13105,東京都,文京区,小石川,茗荷谷,8,78000000,２ＬＤＫ＋Ｓ,70,2012年,ＲＣ,,住宅,準工業,60.0,400.0,2021年第1四半期,未改装,,文京区,2021,1,2012.0,9.0,8.0,1114285.7142857143,240069,353648,147.31098
中古マンション等,不動産取引価格情報,13105,東京都,文京区,小石川,茗荷谷,11,88000000,２ＬＤＫ＋Ｓ,70,2016年,ＲＣ,住宅,住宅,１種住居,60.0,300.0,2021年第1四半期,未改装,,文京区,2021,1,2016.0,5.0,11.0,1257142.857142857,240069,353648,147.31098
中古マンション等,不動産取引価格情報,13105,東京都,文京区,小石川,茗荷谷,4,73000000,２ＬＤＫ,55,2005年,ＳＲＣ,住宅,住宅,２種住居,60.0,400.0,2021年第1四半期,未改装,,文京区,2021,1,2005.0,16.0,4.0,1327272.7272727273,240069,353648,147.31098
中古マンション等,不動産取引価格情報,13105,東京都,文京区,後楽,飯田橋,2,22000000,１Ｋ,15,2000年,ＲＣ,住宅,住宅,商業,80.0,500.0,2023年第3四半期,改装済み,,文京区,2023,3,2000.0,23.0,2.0,1466666.6666666667,240069,353648,147.31098
中古マンション等,不動産取引価格情報,13105,東京都,文京区,後楽,飯田橋,9,70000000,３ＬＤＫ,60,1998年,ＲＣ,住宅,住宅,準工業,60.0,300.0,2023年第2四半期,改装済み,,文京区,2023,2,1998.0,25.0,9.0,1166666.6666666667,240069,353648,147.31098
中古マンション等,不動産取引価格情報,13105,東京都,文京区,後楽,後楽園,6,65000000,１ＤＫ,40,2004年,ＲＣ,住宅,住宅,近隣商業,80.0,300.0,2025年第2四半期,改装済み,,文京区,2025,2,2004.0,21.0,6.0,1625000.0,240069,353648,147.31098
中古マンション等,不動産取引価格情報,13105,東京都,文京区,後楽,後楽園,6,84000000,２ＬＤＫ,55,2004年,ＲＣ,住宅,住宅,近隣商業,80.0,300.0,2024年第3四半期,改装済み,,文京区,2024,3,2004.0,20.0,6.0,1527272.7272727273,240069,353648,147.31098
中古マンション等,不動産取引価格情報,13105,東京都,文京区,後楽,後楽園,6,50000000,１ＬＤＫ,50,2004年,ＲＣ,住宅,,近隣商業,80.0,300.0,2023年第4四半期,未改装,,文京区,2023,4,2004.0,19.0,6.0,1000000.0,240069,353648,147.31098
中古マンション等,不動産取引価格情報,13105,東京都,文京区,後楽,後楽園,6,46000000,１ＬＤＫ,35,2004年,ＲＣ,住宅,住宅,近隣商業,80.0,300.0,2022年第4四半期,未改装,,文京区,2022,4,2004.0,18.0,6.0,1314285.7142857143,240069,353648,147.31098
中古マンション等,不動産取引価格情報,13105,東京都,文京区,後楽,後楽園,6,74000000,,65,2004年,ＲＣ,住宅,住宅,近隣商業,80.0,300.0,2022年第3四半期,,,文京区,2022,3,2004.0,18.0,6.0,1138461.5384615385,240069,353648,147.31098
中古マンション等,不動産取引価格情報,13105,東京都,文京区,後楽,後楽園,6,46000000,１ＬＤＫ,40,2004年,ＲＣ,,その他,近隣商業,80.0,300.0,2022年第2四半期,未改装,,文京区,2022,2,2004.0,18.0,6.0,1150000.0,240069,353648,147.31098
中古マンション等,不動産取引価格情報,13105,東京都,文京区,後楽,後楽園,6,73000000,２ＬＤＫ,60,2004年,ＲＣ,住宅,住宅,近隣商業,80.0,300.0,2022年第1四半期,未改装,,文京区,2022,1,2004.0,18.0,6.0,1216666.6666666667,240069,353648,147.31098
中古マンション等,不動産取引価格情報,13105,東京都,文京区,後楽,後楽園,6,30000000,１Ｋ,25,2004年,ＲＣ,住宅,住宅,近隣商業,80.0,300.0,2021年第4四半期,,,文京区,2021,4,2004.0,17.0,6.0,1200000.0,240069,353648,147.31098
中古マンション等,不動産取引価格情報,13105,東京都,文京区,後楽,後楽園,5,93000000,２ＬＤＫ,70,2004年,ＲＣ,住宅,住宅,近隣商業,80.0,400.0,2021年第2四半期,未改装,,文京区,2021,2,2004.0,17.0,5.0,1328571.4285714286,240069,353648,147.31098
中古マンション等,不動産取引価格情報,13105,東京都,文京区,後楽,水道橋,4,120000000,１ＬＤＫ,60,2007年,ＲＣ,住宅,住宅,商業,80.0,600.0,2025年第2四半期,未改装,,文京区,2025,2,2007.0,18.0,4.0,2000000.0,240069,353648,147.31098
中古マンション等,不動産取引価格情報,13105,東京都,文京区,後楽,水道橋,4,290000000,３ＬＤＫ,80,2007年,ＲＣ,住宅,住宅,商業,80.0,600.0,2025年第1四半期,改装済み,,文京区,2025,1,2007.0,18.0,4.0,3625000.0,240069,353648,147.31098
中古マンション等,不動産取引価格情報,13105,東京都,文京区,後楽,水道橋,4,250000000,２ＬＤＫ,105,2007年,ＲＣ,住宅,その他,商業,80.0,600.0,2024年第4四半期,改装済み,,文京区,2024,4,2007.0,17.0,4.0,2380952.380952381,240069,353648,147.31098
中古マンション等,不動産取引価格情報,13105,東京都,文京区,後楽,水道橋,4,89000000,１ＬＤＫ,55,2007年,ＲＣ,住宅,住宅,商業,80.0,600.0,2024年第2四半期,未改装,,文京区,2024,2,2007.0,17.0,4.0,1618181.8181818181,240069,353648,147.31098
中古マンション等,不動産取引価格情報,13105,東京都,文京区,後楽,水道橋,4,270000000,,110,2007年,ＲＣ,住宅,,商業,80.0,600.0,2023年第4四半期,未改装,,文京区,2023,4,2007.0,16.0,4.0,2454545.4545454546,240069,353648,147.31098
中古マンション等,不動産取引価格情報,13105,東京都,文京区,後楽,水道橋,4,82000000,１Ｋ,55,2007年,ＲＣ,住宅,住宅,商業,80.0,600.0,2022年第4四半期,未改装,,文京区,2022,4,2007.0,15.0,4.0,1490909.0909090908,240069,353648,147.31098
中古マンション等,不動産取引価格情報,13105,東京都,文京区,後楽,水道橋,2,22000000,１Ｋ,25,2003年,ＳＲＣ,住宅,住宅,商業,80.0,600.0,2022年第3四半期,未改装,,文京区,2022,3,2003.0,19.0,2.0,880000.0,240069,353648,147.31098
中古マンション等,不動産取引価格情報,13105,東京都,文京区,後楽,水道橋,4,73000000,１ＬＤＫ,50,2007年,ＲＣ,住宅,住宅,商業,80.0,600.0,2021年第4四半期,未改装,,文京区,2021,4,2007.0,14.0,4.0,1460000.0,240069,353648,147.31098
中古マンション等,不動産取引価格情報,13105,東京都,文京区,小日向,江戸川橋,10,78000000,１ＬＤＫ,65,1988年,ＲＣ,,住宅,準工業,60.0,300.0,2025年第3四半期,改装済み,,文京区,2025,3,1988.0,37.0,10.0,1200000.0,240069,353648,147.31098
中古マンション等,不動産取引価格情報,13105,東京都,文京区,小日向,江戸川橋,5,120000000,２ＬＤＫ,80,2010年,,,住宅,１低住専,,,2025年第2四半期,未改装,,文京区,2025,2,2010.0,15.0,5.0,1500000.0,240069,353648,147.31098
中古マンション等,不動産取引価格情報,13105,東京都,文京区,小日向,江戸川橋,7,93000000,３ＬＤＫ,75,2000年,ＲＣ,住宅,住宅,１低住専,60.0,150.0,2024年第4四半期,未改装,,文京区,2024,4,2000.0,24.0,7.0,1240000.0,240069,353648,147.31098
中古マンション等,不動産取引価格情報,13105,東京都,文京区,小日向,江戸川橋,7,130000000,２ＬＤＫ,80,2000年,ＲＣ,住宅,住宅,１低住専,60.0,150.0,2024年第3四半期,改装済み,,文京区,2024,3,2000.0,24.0,7.0,1625000.0,240069,353648,147.31098
中古マンション等,不動産取引価格情報,13105,東京都,文京区,小日向,江戸川橋,7,120000000,,75,1997年,ＲＣ,,住宅,１低住専,60.0,150.0,2023年第3四半期,改装済み,,文京区,2023,3,1997.0,26.0,7.0,1600000.0,240069,353648,147.31098
中古マンション等,不動産取引価格情報,13105,東京都,文京区,小日向,江戸川橋,7,82000000,,75,1997年,ＲＣ,,住宅,１低住専,60.0,150.0,2021年第2四半期,,,文京区,2021,2,1997.0,24.0,7.0,1093333.3333333333,240069,353648,147.31098
中古マンション等,不動産取引価格情報,13105,東京都,文京区,小日向,茗荷谷,3,37000000,,35,2002年,ＳＲＣ,住宅,その他,商業,80.0,600.0,2025年第3四半期,未改装,,文京区,2025,3,2002.0,23.0,3.0,1057142.857142857,240069,353648,147.31098
中古マンション等,不動産取引価格情報,13105,東京都,文京区,小日向,茗荷谷,2,38000000,１ＬＤＫ,30,1987年,ＳＲＣ,住宅,住宅,商業,80.0,600.0,2025年第2四半期,改装済み,,文京区,2025,2,1987.0,38.0,2.0,1266666.6666666667,240069,353648,147.31098
中古マンション等,不動産取引価格情報,13105,東京都,文京区,小日向,茗荷谷,3,26000000,１ＤＫ,30,2000年,ＳＲＣ,住宅,住宅,商業,80.0,600.0,2024年第4四半期,未改装,,文京区,2024,4,2000.0,24.0,3.0,866666.6666666666,240069,353648,147.31098
中古マンション等,不動産取引価格情報,13105,東京都,文京区,小日向,茗荷谷,2,28000000,１ＬＤＫ,30,1987年,ＳＲＣ,住宅,,商業,80.0,600.0,2024年第2四半期,未改装,,文京区,2024,2,1987.0,37.0,2.0,933333.3333333334,240069,353648,147.31098
中古マンション等,不動産取引価格情報,13105,東京都,文京区,小日向,茗荷谷,2,31000000,１ＬＤＫ,30,1987年,ＳＲＣ,住宅,,商業,80.0,600.0,2024年第2四半期,未改装,,文京区,2024,2,1987.0,37.0,2.0,1033333.3333333334,240069,353648,147.31098
中古マンション等,不動産取引価格情報,13105,東京都,文京区,小日向,茗荷谷,2,43000000,１ＬＤＫ,35,1997年,ＳＲＣ,住宅,住宅,商業,80.0,600.0,2024年第2四半期,未改装,,文京区,2024,2,1997.0,27.0,2.0,1228571.4285714286,240069,353648,147.31098
中古マンション等,不動産取引価格情報,13105,東京都,文京区,小日向,茗荷谷,2,12000000,１Ｋ,15,1987年,ＳＲＣ,住宅,住宅,商業,80.0,600.0,2024年第1四半期,,,文京区,2024,1,1987.0,37.0,2.0,800000.0,240069,353648,147.31098
中古マンション等,不動産取引価格情報,13105,東京都,文京区,小日向,茗荷谷,7,120000000,３ＬＤＫ,65,2014年,ＲＣ,,住宅,１低住専,60.0,150.0,2024年第1四半期,改装済み,,文京区,2024,1,2014.0,10.0,7.0,1846153.8461538462,240069,353648,147.31098
中古マンション等,不動産取引価格情報,13105,東京都,文京区,小日向,茗荷谷,7,80000000,２ＬＤＫ,50,2014年,ＲＣ,住宅,住宅,１低住専,60.0,150.0,2023年第4四半期,,,文京区,2023,4,2014.0,9.0,7.0,1600000.0,240069,353648,147.31098
中古マンション等,不動産取引価格情報,13105,東京都,文京区,小日向,茗荷谷,3,60000000,１ＬＤＫ,40,2000年,ＳＲＣ,住宅,住宅,商業,80.0,600.0,2023年第4四半期,改装済み,,文京区,2023,4,2000.0,23.0,3.0,1500000.0,240069,353648,147.31098
中古マンション等,不動産取引価格情報,13105,東京都,文京区,小日向,茗荷谷,6,83000000,２ＬＤＫ,50,2015年,,住宅,住宅,１低住専,60.0,150.0,2023年第4四半期,未改装,,文京区,2023,4,2015.0,8.0,6.0,1660000.0,240069,353648,147.31098
中古マンション等,不動産取引価格情報,13105,東京都,文京区,小日向,茗荷谷,6,150000000,３ＬＤＫ,75,2015年,,住宅,住宅,１低住専,60.0,150.0,2023年第4四半期,未改装,,文京区,2023,4,2015.0,8.0,6.0,2000000.0,240069,353648,147.31098
中古マンション等,不動産取引価格情報,13105,東京都,文京区,小日向,茗荷谷,3,34000000,１Ｋ,35,2002年,ＳＲＣ,住宅,その他,商業,80.0,600.0,2023年第2四半期,未改装,,文京区,2023,2,2002.0,21.0,3.0,971428.5714285715,240069,353648,147.31098
中古マンション等,不動産取引価格情報,13105,東京都,文京区,小日向,茗荷谷,3,42000000,１ＬＤＫ,40,2000年,ＳＲＣ,住宅,住宅,商業,80.0,600.0,2023年第1四半期,未改装,,文京区,2023,1,2000.0,23.0,3.0,1050000.0,240069,353648,147.31098
中古マンション等,不動産取引価格情報,13105,東京都,文京区,小日向,茗荷谷,7,58000000,１ＬＤＫ,40,2014年,ＲＣ,住宅,住宅,１低住専,60.0,150.0,2022年第4四半期,未改装,,文京区,2022,4,2014.0,8.0,7.0,1450000.0,240069,353648,147.31098
中古マンション等,不動産取引価格情報,13105,東京都,文京区,小日向,茗荷谷,7,74000000,２ＬＤＫ,50,2014年,ＲＣ,,住宅,１低住専,60.0,150.0,2022年第3四半期,未改装,,文京区,2022,3,2014.0,8.0,7.0,1480000.0,240069,353648,147.31098
中古マンション等,不動産取引価格情報,13105,東京都,文京区,小日向,茗荷谷,2,13000000,１Ｋ,15,1987年,ＳＲＣ,住宅,住宅,商業,80.0,600.0,2022年第2四半期,改装済み,,文京区,2022,2,1987.0,35.0,2.0,866666.6666666666,240069,353648,147.31098
中古マンション等,不動産取引価格情報,13105,東京都,文京区,小日向,茗荷谷,3,98000000,２ＬＤＫ,65,2002年,ＳＲＣ,住宅,住宅,商業,80.0,600.0,2022年第2四半期,改装済み,,文京区,2022,2,2002.0,20.0,3.0,1507692.3076923077,240069,353648,147.31098
中古マンション等,不動産取引価格情報,13105,東京都,文京区,小日向,茗荷谷,1,12000000,１Ｋ,20,2007年,ＲＣ,住宅,住宅,商業,80.0,600.0,2021年第4四半期,未改装,,文京区,2021,4,2007.0,14.0,1.0,600000.0,240069,353648,147.31098
中古マンション等,不動産取引価格情報,13105,東京都,文京区,小日向,茗荷谷,2,13000000,１Ｒ,20,1987年,ＳＲＣ,住宅,住宅,商業,80.0,600.0,2021年第3四半期,改装済み,,文京区,2021,3,1987.0,34.0,2.0,650000.0,240069,353648,147.31098
中古マンション等,不動産取引価格情報,13105,東京都,文京区,小日向,茗荷谷,1,23000000,１Ｋ,20,2007年,ＲＣ,住宅,住宅,商業,80.0,600.0,2021年第2四半期,未改装,,文京区,2021,2,2007.0,14.0,1.0,1150000.0,240069,353648,147.31098
中古マンション等,不動産取引価格情報,13105,東京都,文京区,小日向,茗荷谷,3,22000000,１Ｋ,25,2000年,ＳＲＣ,,住宅,商業,80.0,600.0,2021年第2四半期,未改装,,文京区,2021,2,2000.0,21.0,3.0,880000.0,240069,353648,147.31098
中古マンション等,不動産取引価格情報,13105,東京都,文京区,水道,飯田橋,10,34000000,１Ｋ,25,2013年,ＲＣ,住宅,住宅,２種住居,60.0,300.0,2025年第3四半期,,,文京区,2025,3,2013.0,12.0,10.0,1360000.0,240069,353648,147.31098
中古マンション等,不動産取引価格情報,13105,東京都,文京区,水道,飯田橋,10,58000000,,35,2013年,ＲＣ,,住宅,２種住居,60.0,300.0,2025年第3四半期,,,文京区,2025,3,2013.0,12.0,10.0,1657142.857142857,240069,353648,147.31098
中古マンション等,不動産取引価格情報,13105,東京都,文京区,水道,飯田橋,11,30000000,１ＬＤＫ,35,1980年,ＳＲＣ,住宅,住宅,２種住居,60.0,300.0,2025年第3四半期,未改装,,文京区,2025,3,1980.0,45.0,11.0,857142.8571428572,240069,353648,147.31098
中古マンション等,不動産取引価格情報,13105,東京都,文京区,水道,飯田橋,10,90000000,２ＬＤＫ,60,2005年,ＲＣ,住宅,住宅,２種住居,60.0,300.0,2025年第1四半期,改装済み,,文京区,2025,1,2005.0,20.0,10.0,1500000.0,240069,353648,147.31098
中古マンション等,不動産取引価格情報,13105,東京都,文京区,水道,飯田橋,10,67000000,２ＬＤＫ,45,2013年,ＲＣ,住宅,住宅,２種住居,60.0,300.0,2024年第4四半期,未改装,,文京区,2024,4,2013.0,11.0,10.0,1488888.888888889,240069,353648,147.31098
中古マンション等,不動産取引価格情報,13105,東京都,文京区,水道,飯田橋,10,75000000,２ＤＫ,50,2005年,ＲＣ,住宅,住宅,２種住居,60.0,300.0,2024年第4四半期,未改装,,文京区,2024,4,2005.0,19.0,10.0,1500000.0,240069,353648,147.31098
中古マンション等,不動産取引価格情報,13105,東京都,文京区,水道,飯田橋,10,83000000,２ＬＤＫ,55,2005年,ＲＣ,住宅,住宅,２種住居,60.0,300.0,2024年第4四半期,改装済み,,文京区,2024,4,2005.0,19.0,10.0,1509090.9090909092,240069,353648,147.31098
中古マンション等,不動産取引価格情報,13105,東京都,文京区,水道,飯田橋,10,28000000,１ＤＫ,25,1996年,ＲＣ,住宅,住宅,２種住居,60.0,300.0,2024年第3四半期,改装済み,,文京区,2024,3,1996.0,28.0,10.0,1120000.0,240069,353648,147.31098
中古マンション等,不動産取引価格情報,13105,東京都,文京区,水道,飯田橋,9,24000000,１Ｋ,20,2006年,ＲＣ,住宅,住宅,近隣商業,80.0,400.0,2024年第2四半期,未改装,,文京区,2024,2,2006.0,18.0,9.0,1200000.0,240069,353648,147.31098
中古マンション等,不動産取引価格情報,13105,東京都,文京区,水道,飯田橋,10,35000000,１Ｋ,25,2013年,ＲＣ,住宅,住宅,２種住居,60.0,300.0,2024年第2四半期,未改装,,文京区,2024,2,2013.0,11.0,10.0,1400000.0,240069,353648,147.31098
中古マンション等,不動産取引価格情報,13105,東京都,文京区,水道,飯田橋,13,48000000,３ＬＤＫ,60,1981年,ＲＣ,住宅,住宅,２種住居,60.0,300.0,2024年第1四半期,改装済み,,文京区,2024,1,1981.0,43.0,13.0,800000.0,240069,353648,147.31098
中古マンション等,不動産取引価格情報,13105,東京都,文京区,水道,飯田橋,10,58000000,２ＬＤＫ,55,2005年,ＲＣ,住宅,住宅,２種住居,60.0,300.0,2024年第1四半期,未改装,,文京区,2024,1,2005.0,19.0,10.0,1054545.4545454546,240069,353648,147.31098
中古マンション等,不動産取引価格情報,13105,東京都,文京区,水道,飯田橋,13,28000000,１ＬＤＫ,35,1981年,ＲＣ,住宅,住宅,２種住居,60.0,300.0,2024年第1四半期,改装済み,,文京区,2024,1,1981.0,43.0,13.0,800000.0,240069,353648,147.31098
中古マンション等,不動産取引価格情報,13105,東京都,文京区,水道,飯田橋,10,71000000,２ＬＤＫ,55,2005年,ＲＣ,住宅,住宅,２種住居,60.0,300.0,2023年第4四半期,未改装,,文京区,2023,4,2005.0,18.0,10.0,1290909.0909090908,240069,353648,147.31098
中古マンション等,不動産取引価格情報,13105,東京都,文京区,水道,飯田橋,13,40000000,２ＤＫ,45,1981年,ＲＣ,住宅,住宅,２種住居,60.0,300.0,2023年第3四半期,改装済み,,文京区,2023,3,1981.0,42.0,13.0,888888.8888888889,240069,353648,147.31098
中古マンション等,不動産取引価格情報,13105,東京都,文京区,水道,飯田橋,13,54000000,２ＬＤＫ,65,1981年,ＲＣ,住宅,住宅,２種住居,60.0,300.0,2023年第1四半期,改装済み,,文京区,2023,1,1981.0,42.0,13.0,830769.2307692308,240069,353648,147.31098
中古マンション等,不動産取引価格情報,13105,東京都,文京区,水道,飯田橋,11,29000000,２ＤＫ,35,1980年,ＳＲＣ,住宅,住宅,２種住居,60.0,300.0,2023年第1四半期,未改装,,文京区,2023,1,1980.0,43.0,11.0,828571.4285714285,240069,353648,147.31098
中古マンション等,不動産取引価格情報,13105,東京都,文京区,水道,飯田橋,13,33000000,１ＤＫ,35,1981年,ＲＣ,住宅,住宅,２種住居,60.0,300.0,2023年第1四半期,改装済み,,文京区,2023,1,1981.0,42.0,13.0,942857.1428571428,240069,353648,147.31098
中古マンション等,不動産取引価格情報,13105,東京都,文京区,水道,飯田橋,11,21000000,１ＬＤＫ,35,1980年,ＳＲＣ,住宅,その他,２種住居,60.0,300.0,2023年第1四半期,未改装,,文京区,2023,1,1980.0,43.0,11.0,600000.0,240069,353648,147.31098
中古マンション等,不動産取引価格情報,13105,東京都,文京区,水道,飯田橋,9,23000000,１Ｋ,20,2006年,ＲＣ,住宅,住宅,近隣商業,80.0,400.0,2022年第4四半期,,,文京区,2022,4,2006.0,16.0,9.0,1150000.0,240069,353648,147.31098
中古マンション等,不動産取引価格情報,13105,東京都,文京区,水道,飯田橋,9,20000000,１Ｋ,20,2006年,ＲＣ,住宅,住宅,近隣商業,80.0,400.0,2022年第4四半期,未改装,,文京区,2022,4,2006.0,16.0,9.0,1000000.0,240069,353648,147.31098
中古マンション等,不動産取引価格情報,13105,東京都,文京区,水道,飯田橋,9,20000000,１Ｋ,20,2006年,ＲＣ,住宅,住宅,近隣商業,80.0,400.0,2022年第3四半期,未改装,,文京区,2022,3,2006.0,16.0,9.0,1000000.0,240069,353648,147.31098
中古マンション等,不動産取引価格情報,13105,東京都,文京区,水道,飯田橋,10,65000000,２ＬＤＫ,60,2005年,ＲＣ,住宅,住宅,２種住居,60.0,300.0,2022年第3四半期,未改装,,文京区,2022,3,2005.0,17.0,10.0,1083333.3333333333,240069,353648,147.31098
中古マンション等,不動産取引価格情報,13105,東京都,文京区,水道,飯田橋,9,20000000,１Ｋ,20,2006年,ＲＣ,住宅,住宅,近隣商業,80.0,400.0,2022年第3四半期,未改装,,文京区,2022,3,2006.0,16.0,9.0,1000000.0,240069,353648,147.31098
中古マンション等,不動産取引価格情報,13105,東京都,文京区,水道,飯田橋,11,29000000,１ＬＤＫ,35,1980年,ＳＲＣ,住宅,住宅,２種住居,60.0,300.0,2022年第2四半期,,,文京区,2022,2,1980.0,42.0,11.0,828571.4285714285,240069,353648,147.31098
中古マンション等,不動産取引価格情報,13105,東京都,文京区,水道,飯田橋,10,26000000,１ＤＫ,30,1996年,ＲＣ,住宅,住宅,２種住居,60.0,300.0,2022年第1四半期,,,文京区,2022,1,1996.0,26.0,10.0,866666.6666666666,240069,353648,147.31098
中古マンション等,不動産取引価格情報,13105,東京都,文京区,水道,飯田橋,9,26000000,１Ｋ,20,2006年,ＲＣ,住宅,住宅,近隣商業,80.0,400.0,2021年第4四半期,,,文京区,2021,4,2006.0,15.0,9.0,1300000.0,240069,353648,147.31098
中古マンション等,不動産取引価格情報,13105,東京都,文京区,水道,飯田橋,9,28000000,１Ｋ,20,2006年,ＲＣ,住宅,その他,近隣商業,80.0,400.0,2021年第4四半期,,,文京区,2021,4,2006.0,15.0,9.0,1400000.0,240069,353648,147.31098
中古マンション等,不動産取引価格情報,13105,東京都,文京区,水道,飯田橋,10,71000000,３ＬＤＫ,55,1996年,ＲＣ,,住宅,２種住居,60.0,300.0,2021年第3四半期,改装済み,,文京区,2021,3,1996.0,25.0,10.0,1290909.0909090908,240069,353648,147.31098
中古マンション等,不動産取引価格情報,13105,東京都,文京区,水道,飯田橋,10,30000000,１Ｋ,25,2013年,ＲＣ,,住宅,２種住居,60.0,300.0,2021年第2四半期,,,文京区,2021,2,2013.0,8.0,10.0,1200000.0,240069,353648,147.31098
中古マンション等,不動産取引価格情報,13105,東京都,文京区,水道,江戸川橋,4,25000000,１Ｋ,20,2002年,ＲＣ,住宅,住宅,準工業,60.0,300.0,2025年第4四半期,未改装,,文京区,2025,4,2002.0,23.0,4.0,1250000.0,240069,353648,147.31098
中古マンション等,不動産取引価格情報,13105,東京都,文京区,水道,江戸川橋,9,22000000,１Ｋ,20,1998年,ＲＣ,住宅,住宅,近隣商業,80.0,300.0,2025年第4四半期,未改装,,文京区,2025,4,1998.0,27.0,9.0,1100000.0,240069,353648,147.31098
中古マンション等,不動産取引価格情報,13105,東京都,文京区,水道,江戸川橋,8,25000000,１Ｋ,20,2006年,ＲＣ,住宅,住宅,準工業,60.0,300.0,2025年第4四半期,未改装,,文京区,2025,4,2006.0,19.0,8.0,1250000.0,240069,353648,147.31098
中古マンション等,不動産取引価格情報,13105,東京都,文京区,水道,江戸川橋,7,38000000,１Ｋ,25,2019年,ＲＣ,住宅,住宅,準工業,60.0,300.0,2025年第4四半期,未改装,,文京区,2025,4,2019.0,6.0,7.0,1520000.0,240069,353648,147.31098
中古マンション等,不動産取引価格情報,13105,東京都,文京区,水道,江戸川橋,6,56000000,１ＬＤＫ,35,2016年,ＲＣ,住宅,住宅,準工業,60.0,300.0,2025年第4四半期,未改装,,文京区,2025,4,2016.0,9.0,6.0,1600000.0,240069,353648,147.31098
中古マンション等,不動産取引価格情報,13105,東京都,文京区,水道,江戸川橋,5,95000000,３ＬＤＫ,70,1997年,ＲＣ,住宅,住宅,準工業,60.0,300.0,2025年第3四半期,改装済み,,文京区,2025,3,1997.0,28.0,5.0,1357142.857142857,240069,353648,147.31098
中古マンション等,不動産取引価格情報,13105,東京都,文京区,水道,江戸川橋,3,9700000,１Ｋ,15,1984年,ＲＣ,,その他,近隣商業,80.0,300.0,2025年第3四半期,未改装,,文京区,2025,3,1984.0,41.0,3.0,646666.6666666666,240069,353648,147.31098
中古マンション等,不動産取引価格情報,13105,東京都,文京区,水道,江戸川橋,8,53000000,１ＬＤＫ,30,2009年,ＲＣ,住宅,住宅,近隣商業,80.0,300.0,2025年第3四半期,改装済み,,文京区,2025,3,2009.0,16.0,8.0,1766666.6666666667,240069,353648,147.31098
中古マンション等,不動産取引価格情報,13105,東京都,文京区,水道,江戸川橋,3,25000000,１Ｋ,20,2002年,ＲＣ,住宅,住宅,近隣商業,80.0,300.0,2025年第3四半期,,,文京区,2025,3,2002.0,23.0,3.0,1250000.0,240069,353648,147.31098
中古マンション等,不動産取引価格情報,13105,東京都,文京区,水道,江戸川橋,9,17000000,,15,1998年,ＲＣ,,住宅,準工業,60.0,300.0,2025年第2四半期,未改装,,文京区,2025,2,1998.0,27.0,9.0,1133333.3333333333,240069,353648,147.31098
中古マンション等,不動産取引価格情報,13105,東京都,文京区,水道,江戸川橋,4,83000000,２ＬＤＫ,50,2018年,ＲＣ,,住宅,準工業,60.0,300.0,2025年第2四半期,未改装,,文京区,2025,2,2018.0,7.0,4.0,1660000.0,240069,353648,147.31098
中古マンション等,不動産取引価格情報,13105,東京都,文京区,水道,江戸川橋,4,34000000,１Ｋ,25,2014年,ＲＣ,住宅,住宅,準工業,60.0,300.0,2025年第2四半期,,,文京区,2025,2,2014.0,11.0,4.0,1360000.0,240069,353648,147.31098
中古マンション等,不動産取引価格情報,13105,東京都,文京区,水道,江戸川橋,3,23000000,１ＤＫ,20,2002年,ＲＣ,住宅,住宅,近隣商業,80.0,300.0,2025年第2四半期,,,文京区,2025,2,2002.0,23.0,3.0,1150000.0,240069,353648,147.31098
中古マンション等,不動産取引価格情報,13105,東京都,文京区,水道,江戸川橋,8,36000000,１Ｋ,30,2009年,ＲＣ,,,近隣商業,80.0,300.0,2025年第2四半期,改装済み,,文京区,2025,2,2009.0,16.0,8.0,1200000.0,240069,353648,147.31098
中古マンション等,不動産取引価格情報,13105,東京都,文京区,水道,江戸川橋,7,19000000,１Ｋ,15,1997年,ＲＣ,住宅,その他,準工業,60.0,300.0,2025年第1四半期,改装済み,,文京区,2025,1,1997.0,28.0,7.0,1266666.6666666667,240069,353648,147.31098
中古マンション等,不動産取引価格情報,13105,東京都,文京区,水道,江戸川橋,10,53000000,１ＬＤＫ,35,2021年,ＲＣ,住宅,住宅,１種住居,60.0,300.0,2025年第1四半期,未改装,,文京区,2025,1,2021.0,4.0,10.0,1514285.7142857143,240069,353648,147.31098
中古マンション等,不動産取引価格情報,13105,東京都,文京区,水道,江戸川橋,9,120000000,３ＬＤＫ,75,2003年,ＲＣ,住宅,住宅,２種住居,60.0,300.0,2025年第1四半期,未改装,,文京区,2025,1,2003.0,22.0,9.0,1600000.0,240069,353648,147.31098
中古マンション等,不動産取引価格情報,13105,東京都,文京区,水道,江戸川橋,6,19000000,１Ｋ,20,1990年,ＲＣ,,住宅,準工業,60.0,300.0,2025年第1四半期,未改装,,文京区,2025,1,1990.0,35.0,6.0,950000.0,240069,353648,147.31098
中古マンション等,不動産取引価格情報,13105,東京都,文京区,水道,江戸川橋,5,47000000,１Ｋ,35,2016年,ＲＣ,,住宅,準工業,60.0,300.0,2025年第1四半期,未改装,,文京区,2025,1,2016.0,9.0,5.0,1342857.142857143,240069,353648,147.31098
中古マンション等,不動産取引価格情報,13105,東京都,文京区,水道,江戸川橋,4,46000000,１ＬＤＫ,35,2014年,ＲＣ,住宅,住宅,準工業,60.0,300.0,2024年第4四半期,未改装,,文京区,2024,4,2014.0,10.0,4.0,1314285.7142857143,240069,353648,147.31098
中古マンション等,不動産取引価格情報,13105,東京都,文京区,水道,江戸川橋,8,39000000,オープンフロア,35,2009年,ＲＣ,店舗,店舗,近隣商業,80.0,300.0,2024年第4四半期,未改装,,文京区,2024,4,2009.0,15.0,8.0,1114285.7142857143,240069,353648,147.31098
中古マンション等,不動産取引価格情報,13105,東京都,文京区,水道,江戸川橋,8,76000000,１ＬＤＫ＋Ｓ,50,2010年,ＲＣ,住宅,住宅,準工業,60.0,300.0,2024年第4四半期,未改装,,文京区,2024,4,2010.0,14.0,8.0,1520000.0,240069,353648,147.31098
中古マンション等,不動産取引価格情報,13105,東京都,文京区,水道,江戸川橋,10,15000000,１Ｋ,20,1997年,ＲＣ,住宅,住宅,１種住居,60.0,300.0,2024年第4四半期,未改装,,文京区,2024,4,1997.0,27.0,10.0,750000.0,240069,353648,147.31098
中古マンション等,不動産取引価格情報,13105,東京都,文京区,水道,江戸川橋,9,21000000,１Ｋ,20,1998年,ＲＣ,住宅,住宅,近隣商業,80.0,300.0,2024年第4四半期,,,文京区,2024,4,1998.0,26.0,9.0,1050000.0,240069,353648,147.31098
中古マンション等,不動産取引価格情報,13105,東京都,文京区,水道,江戸川橋,5,60000000,３ＬＤＫ,70,1997年,ＲＣ,住宅,住宅,準工業,60.0,300.0,2024年第3四半期,未改装,,文京区,2024,3,1997.0,27.0,5.0,857142.8571428572,240069,353648,147.31098
中古マンション等,不動産取引価格情報,13105,東京都,文京区,水道,江戸川橋,6,75000000,２ＬＤＫ,55,2017年,ＲＣ,住宅,住宅,準工業,60.0,300.0,2024年第3四半期,未改装,,文京区,2024,3,2017.0,7.0,6.0,1363636.3636363635,240069,353648,147.31098
中古マンション等,不動産取引価格情報,13105,東京都,文京区,水道,江戸川橋,6,50000000,１ＬＤＫ,35,2016年,ＲＣ,住宅,,準工業,60.0,300.0,2024年第3四半期,未改装,,文京区,2024,3,2016.0,8.0,6.0,1428571.4285714286,240069,353648,147.31098
中古マンション等,不動産取引価格情報,13105,東京都,文京区,水道,江戸川橋,6,23000000,１Ｋ,20,1999年,ＳＲＣ,住宅,住宅,準工業,60.0,300.0,2024年第3四半期,未改装,,文京区,2024,3,1999.0,25.0,6.0,1150000.0,240069,353648,147.31098
中古マンション等,不動産取引価格情報,13105,東京都,文京区,水道,江戸川橋,10,82000000,２ＬＤＫ,70,1997年,ＲＣ,住宅,住宅,準工業,60.0,300.0,2024年第2四半期,未改装,,文京区,2024,2,1997.0,27.0,10.0,1171428.5714285714,240069,353648,147.31098
中古マンション等,不動産取引価格情報,13105,東京都,文京区,水道,江戸川橋,9,20000000,１Ｋ,15,1998年,ＲＣ,住宅,住宅,準工業,60.0,300.0,2024年第2四半期,,,文京区,2024,2,1998.0,26.0,9.0,1333333.3333333333,240069,353648,147.31098
中古マンション等,不動産取引価格情報,13105,東京都,文京区,水道,江戸川橋,8,35000000,１Ｋ,25,2016年,ＲＣ,住宅,その他,準工業,60.0,300.0,2024年第2四半期,未改装,,文京区,2024,2,2016.0,8.0,8.0,1400000.0,240069,353648,147.31098
中古マンション等,不動産取引価格情報,13105,東京都,文京区,水道,江戸川橋,4,38000000,１Ｋ,25,2018年,ＲＣ,住宅,住宅,準工業,60.0,300.0,2024年第1四半期,,,文京区,2024,1,2018.0,6.0,4.0,1520000.0,240069,353648,147.31098
中古マンション等,不動産取引価格情報,13105,東京都,文京区,水道,江戸川橋,6,35000000,１Ｋ,25,2016年,ＲＣ,住宅,住宅,準工業,60.0,300.0,2024年第1四半期,未改装,,文京区,2024,1,2016.0,8.0,6.0,1400000.0,240069,353648,147.31098
中古マンション等,不動産取引価格情報,13105,東京都,文京区,水道,江戸川橋,5,30000000,１Ｋ,25,,ＲＣ,住宅,住宅,準工業,60.0,300.0,2024年第1四半期,未改装,,文京区,2024,1,,,5.0,1200000.0,240069,353648,147.31098
中古マンション等,不動産取引価格情報,13105,東京都,文京区,水道,江戸川橋,5,110000000,３ＬＤＫ,70,2016年,ＲＣ,住宅,住宅,準工業,60.0,300.0,2024年第1四半期,未改装,,文京区,2024,1,2016.0,8.0,5.0,1571428.5714285714,240069,353648,147.31098
中古マンション等,不動産取引価格情報,13105,東京都,文京区,水道,江戸川橋,4,23000000,１ＤＫ,20,2002年,ＲＣ,住宅,その他,準工業,60.0,300.0,2024年第1四半期,改装済み,,文京区,2024,1,2002.0,22.0,4.0,1150000.0,240069,353648,147.31098
中古マンション等,不動産取引価格情報,13105,東京都,文京区,水道,江戸川橋,6,41000000,１Ｋ,25,2017年,ＲＣ,,住宅,準工業,60.0,300.0,2024年第1四半期,未改装,,文京区,2024,1,2017.0,7.0,6.0,1640000.0,240069,353648,147.31098
中古マンション等,不動産取引価格情報,13105,東京都,文京区,水道,江戸川橋,6,35000000,１Ｋ,25,2016年,ＲＣ,住宅,その他,準工業,60.0,300.0,2024年第1四半期,未改装,,文京区,2024,1,2016.0,8.0,6.0,1400000.0,240069,353648,147.31098
中古マンション等,不動産取引価格情報,13105,東京都,文京区,水道,江戸川橋,6,24000000,１Ｋ,20,2010年,ＲＣ,住宅,住宅,準工業,60.0,300.0,2024年第1四半期,未改装,,文京区,2024,1,2010.0,14.0,6.0,1200000.0,240069,353648,147.31098
中古マンション等,不動産取引価格情報,13105,東京都,文京区,水道,江戸川橋,4,40000000,２ＬＤＫ,65,2014年,ＲＣ,住宅,住宅,準工業,60.0,300.0,2023年第4四半期,未改装,,文京区,2023,4,2014.0,9.0,4.0,615384.6153846154,240069,353648,147.31098
中古マンション等,不動産取引価格情報,13105,東京都,文京区,水道,江戸川橋,5,57000000,１ＬＤＫ,40,2016年,ＲＣ,住宅,住宅,準工業,60.0,300.0,2023年第4四半期,未改装,,文京区,2023,4,2016.0,7.0,5.0,1425000.0,240069,353648,147.31098
中古マンション等,不動産取引価格情報,13105,東京都,文京区,水道,江戸川橋,8,33000000,１Ｋ,25,2016年,ＲＣ,住宅,住宅,準工業,60.0,300.0,2023年第4四半期,未改装,,文京区,2023,4,2016.0,7.0,8.0,1320000.0,240069,353648,147.31098
中古マンション等,不動産取引価格情報,13105,東京都,文京区,水道,江戸川橋,6,24000000,１Ｋ,20,2010年,ＲＣ,住宅,住宅,準工業,60.0,300.0,2023年第4四半期,未改装,,文京区,2023,4,2010.0,13.0,6.0,1200000.0,240069,353648,147.31098
中古マンション等,不動産取引価格情報,13105,東京都,文京区,水道,江戸川橋,8,43000000,１ＬＤＫ,35,2010年,ＲＣ,住宅,住宅,準工業,60.0,300.0,2023年第4四半期,未改装,,文京区,2023,4,2010.0,13.0,8.0,1228571.4285714286,240069,353648,147.31098
中古マンション等,不動産取引価格情報,13105,東京都,文京区,水道,江戸川橋,6,37000000,１Ｋ,30,2017年,ＲＣ,住宅,住宅,準工業,60.0,300.0,2023年第3四半期,,,文京区,2023,3,2017.0,6.0,6.0,1233333.3333333333,240069,353648,147.31098
中古マンション等,不動産取引価格情報,13105,東京都,文京区,水道,江戸川橋,9,21000000,１Ｋ,15,1998年,ＲＣ,住宅,住宅,準工業,60.0,300.0,2023年第3四半期,,,文京区,2023,3,1998.0,25.0,9.0,1400000.0,240069,353648,147.31098
中古マンション等,不動産取引価格情報,13105,東京都,文京区,水道,江戸川橋,3,21000000,１Ｋ,20,2005年,ＲＣ,住宅,住宅,近隣商業,80.0,300.0,2023年第3四半期,未改装,,文京区,2023,3,2005.0,18.0,3.0,1050000.0,240069,353648,147.31098
中古マンション等,不動産取引価格情報,13105,東京都,文京区,水道,江戸川橋,9,85000000,３ＬＤＫ,65,2003年,ＲＣ,住宅,住宅,２種住居,60.0,300.0,2023年第3四半期,改装済み,,文京区,2023,3,2003.0,20.0,9.0,1307692.3076923077,240069,353648,147.31098
中古マンション等,不動産取引価格情報,13105,東京都,文京区,水道,江戸川橋,8,50000000,１ＬＤＫ,40,2016年,ＲＣ,住宅,住宅,準工業,60.0,300.0,2023年第3四半期,,,文京区,2023,3,2016.0,7.0,8.0,1250000.0,240069,353648,147.31098
中古マンション等,不動産取引価格情報,13105,東京都,文京区,水道,江戸川橋,8,22000000,１Ｋ,20,2006年,ＲＣ,住宅,住宅,準工業,60.0,300.0,2023年第3四半期,未改装,,文京区,2023,3,2006.0,17.0,8.0,1100000.0,240069,353648,147.31098
中古マンション等,不動産取引価格情報,13105,東京都,文京区,水道,江戸川橋,8,21000000,１Ｋ,20,2006年,ＲＣ,住宅,住宅,準工業,60.0,300.0,2023年第3四半期,未改装,,文京区,2023,3,2006.0,17.0,8.0,1050000.0,240069,353648,147.31098
中古マンション等,不動産取引価格情報,13105,東京都,文京区,水道,江戸川橋,3,29000000,１ＬＤＫ,30,1999年,ＳＲＣ,住宅,住宅,近隣商業,80.0,300.0,2023年第2四半期,改装済み,,文京区,2023,2,1999.0,24.0,3.0,966666.6666666666,240069,353648,147.31098
中古マンション等,不動産取引価格情報,13105,東京都,文京区,水道,江戸川橋,5,36000000,,25,2016年,ＲＣ,住宅,住宅,準工業,60.0,300.0,2023年第2四半期,,,文京区,2023,2,2016.0,7.0,5.0,1440000.0,240069,353648,147.31098
中古マンション等,不動産取引価格情報,13105,東京都,文京区,水道,江戸川橋,3,21000000,１Ｋ,20,2005年,ＲＣ,住宅,住宅,近隣商業,80.0,300.0,2023年第1四半期,未改装,,文京区,2023,1,2005.0,18.0,3.0,1050000.0,240069,353648,147.31098
中古マンション等,不動産取引価格情報,13105,東京都,文京区,水道,江戸川橋,4,94000000,３ＬＤＫ,65,2016年,ＲＣ,住宅,住宅,準工業,60.0,300.0,2023年第1四半期,未改装,,文京区,2023,1,2016.0,7.0,4.0,1446153.8461538462,240069,353648,147.31098
中古マンション等,不動産取引価格情報,13105,東京都,文京区,水道,江戸川橋,5,31000000,１Ｋ,25,2016年,ＲＣ,住宅,住宅,準工業,60.0,300.0,2022年第4四半期,,,文京区,2022,4,2016.0,6.0,5.0,1240000.0,240069,353648,147.31098
中古マンション等,不動産取引価格情報,13105,東京都,文京区,水道,江戸川橋,6,65000000,２ＬＤＫ,55,2017年,ＲＣ,住宅,住宅,準工業,60.0,300.0,2022年第4四半期,未改装,,文京区,2022,4,2017.0,5.0,6.0,1181818.1818181819,240069,353648,147.31098
中古マンション等,不動産取引価格情報,13105,東京都,文京区,水道,江戸川橋,3,41000000,１ＬＤＫ,25,2018年,ＲＣ,住宅,住宅,近隣商業,80.0,300.0,2022年第4四半期,未改装,,文京区,2022,4,2018.0,4.0,3.0,1640000.0,240069,353648,147.31098
中古マンション等,不動産取引価格情報,13105,東京都,文京区,水道,江戸川橋,6,18000000,１Ｋ,25,1990年,ＲＣ,住宅,住宅,準工業,60.0,300.0,2022年第4四半期,,,文京区,2022,4,1990.0,32.0,6.0,720000.0,240069,353648,147.31098
中古マンション等,不動産取引価格情報,13105,東京都,文京区,水道,江戸川橋,8,24000000,１Ｋ,20,2006年,ＲＣ,住宅,住宅,準工業,60.0,300.0,2022年第3四半期,未改装,,文京区,2022,3,2006.0,16.0,8.0,1200000.0,240069,353648,147.31098
中古マンション等,不動産取引価格情報,13105,東京都,文京区,水道,江戸川橋,12,53000000,,40,2021年,ＲＣ,住宅,住宅,１種住居,60.0,300.0,2022年第3四半期,未改装,,文京区,2022,3,2021.0,1.0,12.0,1325000.0,240069,353648,147.31098
中古マンション等,不動産取引価格情報,13105,東京都,文京区,水道,江戸川橋,4,21000000,１Ｋ,20,2002年,ＲＣ,住宅,住宅,準工業,60.0,300.0,2022年第3四半期,,,文京区,2022,3,2002.0,20.0,4.0,1050000.0,240069,353648,147.31098
中古マンション等,不動産取引価格情報,13105,東京都,文京区,水道,江戸川橋,6,48000000,２ＤＫ,40,2010年,ＲＣ,住宅,住宅,準工業,60.0,300.0,2022年第2四半期,改装済み,,文京区,2022,2,2010.0,12.0,6.0,1200000.0,240069,353648,147.31098
中古マンション等,不動産取引価格情報,13105,東京都,文京区,水道,江戸川橋,3,20000000,,20,2005年,ＲＣ,,住宅,近隣商業,80.0,300.0,2022年第2四半期,,,文京区,2022,2,2005.0,17.0,3.0,1000000.0,240069,353648,147.31098
中古マンション等,不動産取引価格情報,13105,東京都,文京区,水道,江戸川橋,9,19000000,１Ｒ,15,1998年,ＲＣ,住宅,住宅,準工業,60.0,300.0,2022年第2四半期,未改装,,文京区,2022,2,1998.0,24.0,9.0,1266666.6666666667,240069,353648,147.31098
中古マンション等,不動産取引価格情報,13105,東京都,文京区,水道,江戸川橋,5,82000000,３ＬＤＫ,70,2016年,ＲＣ,住宅,住宅,準工業,60.0,300.0,2022年第2四半期,未改装,,文京区,2022,2,2016.0,6.0,5.0,1171428.5714285714,240069,353648,147.31098
中古マンション等,不動産取引価格情報,13105,東京都,文京区,水道,江戸川橋,4,29000000,１Ｋ,25,2014年,ＲＣ,住宅,住宅,準工業,60.0,300.0,2022年第2四半期,未改装,,文京区,2022,2,2014.0,8.0,4.0,1160000.0,240069,353648,147.31098
中古マンション等,不動産取引価格情報,13105,東京都,文京区,水道,江戸川橋,9,28000000,２ＤＫ,35,1989年,ＲＣ,住宅,,準工業,60.0,300.0,2022年第2四半期,未改装,,文京区,2022,2,1989.0,33.0,9.0,800000.0,240069,353648,147.31098
中古マンション等,不動産取引価格情報,13105,東京都,文京区,水道,江戸川橋,5,69000000,２ＬＤＫ,65,1997年,ＲＣ,住宅,住宅,準工業,60.0,300.0,2022年第2四半期,未改装,,文京区,2022,2,1997.0,25.0,5.0,1061538.4615384615,240069,353648,147.31098
中古マンション等,不動産取引価格情報,13105,東京都,文京区,水道,江戸川橋,6,17000000,１Ｒ,25,1990年,ＲＣ,住宅,住宅,準工業,60.0,300.0,2022年第2四半期,改装済み,,文京区,2022,2,1990.0,32.0,6.0,680000.0,240069,353648,147.31098
中古マンション等,不動産取引価格情報,13105,東京都,文京区,水道,江戸川橋,6,21000000,１Ｋ,20,1999年,ＳＲＣ,住宅,住宅,準工業,60.0,300.0,2022年第1四半期,未改装,,文京区,2022,1,1999.0,23.0,6.0,1050000.0,240069,353648,147.31098
中古マンション等,不動産取引価格情報,13105,東京都,文京区,水道,江戸川橋,9,19000000,,20,1998年,ＲＣ,住宅,住宅,近隣商業,80.0,300.0,2022年第1四半期,未改装,,文京区,2022,1,1998.0,24.0,9.0,950000.0,240069,353648,147.31098
中古マンション等,不動産取引価格情報,13105,東京都,文京区,水道,江戸川橋,8,49000000,１ＬＤＫ,40,2016年,ＲＣ,,住宅,準工業,60.0,300.0,2022年第1四半期,未改装,,文京区,2022,1,2016.0,6.0,8.0,1225000.0,240069,353648,147.31098
中古マンション等,不動産取引価格情報,13105,東京都,文京区,水道,江戸川橋,8,41000000,１ＬＤＫ,35,2006年,ＲＣ,住宅,住宅,準工業,60.0,300.0,2022年第1四半期,未改装,,文京区,2022,1,2006.0,16.0,8.0,1171428.5714285714,240069,353648,147.31098
中古マンション等,不動産取引価格情報,13105,東京都,文京区,水道,江戸川橋,4,22000000,１Ｋ,20,2002年,ＲＣ,住宅,住宅,準工業,60.0,300.0,2022年第1四半期,,,文京区,2022,1,2002.0,20.0,4.0,1100000.0,240069,353648,147.31098
中古マンション等,不動産取引価格情報,13105,東京都,文京区,水道,江戸川橋,6,23000000,１Ｋ,20,2010年,ＲＣ,住宅,住宅,準工業,60.0,300.0,2022年第1四半期,未改装,,文京区,2022,1,2010.0,12.0,6.0,1150000.0,240069,353648,147.31098
中古マンション等,不動産取引価格情報,13105,東京都,文京区,水道,江戸川橋,2,71000000,２ＬＤＫ,50,2018年,ＲＣ,住宅,住宅,近隣商業,80.0,300.0,2022年第1四半期,未改装,,文京区,2022,1,2018.0,4.0,2.0,1420000.0,240069,353648,147.31098
中古マンション等,不動産取引価格情報,13105,東京都,文京区,水道,江戸川橋,12,35000000,１Ｋ,25,2021年,ＲＣ,住宅,住宅,１種住居,60.0,300.0,2021年第4四半期,,,文京区,2021,4,2021.0,0.0,12.0,1400000.0,240069,353648,147.31098
中古マンション等,不動産取引価格情報,13105,東京都,文京区,水道,江戸川橋,5,16000000,１Ｋ,20,1990年,ＲＣ,住宅,住宅,準工業,60.0,300.0,2021年第4四半期,未改装,,文京区,2021,4,1990.0,31.0,5.0,800000.0,240069,353648,147.31098
中古マンション等,不動産取引価格情報,13105,東京都,文京区,水道,江戸川橋,12,31000000,１Ｋ,25,2021年,ＲＣ,,住宅,１種住居,60.0,300.0,2021年第4四半期,,,文京区,2021,4,2021.0,0.0,12.0,1240000.0,240069,353648,147.31098
中古マンション等,不動産取引価格情報,13105,東京都,文京区,水道,江戸川橋,4,31000000,１Ｋ,25,2014年,ＲＣ,住宅,住宅,準工業,60.0,300.0,2021年第4四半期,未改装,,文京区,2021,4,2014.0,7.0,4.0,1240000.0,240069,353648,147.31098
中古マンション等,不動産取引価格情報,13105,東京都,文京区,水道,江戸川橋,3,19000000,１Ｋ,20,2002年,ＲＣ,住宅,住宅,近隣商業,80.0,300.0,2021年第4四半期,未改装,,文京区,2021,4,2002.0,19.0,3.0,950000.0,240069,353648,147.31098
中古マンション等,不動産取引価格情報,13105,東京都,文京区,水道,江戸川橋,12,34000000,１Ｋ,25,2021年,ＲＣ,住宅,住宅,１種住居,60.0,300.0,2021年第4四半期,未改装,,文京区,2021,4,2021.0,0.0,12.0,1360000.0,240069,353648,147.31098
中古マンション等,不動産取引価格情報,13105,東京都,文京区,水道,江戸川橋,12,39000000,１Ｋ,30,2021年,ＲＣ,住宅,住宅,１種住居,60.0,300.0,2021年第4四半期,未改装,,文京区,2021,4,2021.0,0.0,12.0,1300000.0,240069,353648,147.31098
中古マンション等,不動産取引価格情報,13105,東京都,文京区,水道,江戸川橋,5,67000000,１ＬＤＫ,55,2016年,ＲＣ,住宅,住宅,準工業,60.0,300.0,2021年第4四半期,未改装,,文京区,2021,4,2016.0,5.0,5.0,1218181.8181818181,240069,353648,147.31098
中古マンション等,不動産取引価格情報,13105,東京都,文京区,水道,江戸川橋,6,18000000,１Ｋ,20,1999年,ＳＲＣ,住宅,住宅,準工業,60.0,300.0,2021年第4四半期,改装済み,,文京区,2021,4,1999.0,22.0,6.0,900000.0,240069,353648,147.31098
中古マンション等,不動産取引価格情報,13105,東京都,文京区,水道,江戸川橋,3,20000000,１Ｋ,20,2002年,ＲＣ,,住宅,近隣商業,80.0,300.0,2021年第4四半期,改装済み,,文京区,2021,4,2002.0,19.0,3.0,1000000.0,240069,353648,147.31098
中古マンション等,不動産取引価格情報,13105,東京都,文京区,水道,江戸川橋,5,50000000,,40,2016年,ＲＣ,住宅,住宅,準工業,60.0,300.0,2021年第4四半期,未改装,,文京区,2021,4,2016.0,5.0,5.0,1250000.0,240069,353648,147.31098
中古マンション等,不動産取引価格情報,13105,東京都,文京区,水道,江戸川橋,3,22000000,１Ｋ,20,1990年,ＳＲＣ,住宅,住宅,近隣商業,80.0,300.0,2021年第3四半期,未改装,,文京区,2021,3,1990.0,31.0,3.0,1100000.0,240069,353648,147.31098
中古マンション等,不動産取引価格情報,13105,東京都,文京区,水道,江戸川橋,3,34000000,１ＬＤＫ,30,1999年,ＳＲＣ,住宅,住宅,近隣商業,80.0,300.0,2021年第3四半期,改装済み,,文京区,2021,3,1999.0,22.0,3.0,1133333.3333333333,240069,353648,147.31098
中古マンション等,不動産取引価格情報,13105,東京都,文京区,水道,江戸川橋,6,38000000,１ＬＤＫ,35,2010年,ＲＣ,住宅,住宅,準工業,60.0,300.0,2021年第2四半期,未改装,,文京区,2021,2,2010.0,11.0,6.0,1085714.2857142857,240069,353648,147.31098
中古マンション等,不動産取引価格情報,13105,東京都,文京区,水道,江戸川橋,6,53000000,２ＬＤＫ,50,2010年,ＲＣ,住宅,住宅,準工業,60.0,300.0,2021年第2四半期,未改装,,文京区,2021,2,2010.0,11.0,6.0,1060000.0,240069,353648,147.31098
中古マンション等,不動産取引価格情報,13105,東京都,文京区,水道,江戸川橋,8,63000000,２ＬＤＫ,55,2009年,ＲＣ,,住宅,近隣商業,80.0,300.0,2021年第2四半期,未改装,,文京区,2021,2,2009.0,12.0,8.0,1145454.5454545454,240069,353648,147.31098
中古マンション等,不動産取引価格情報,13105,東京都,文京区,水道,江戸川橋,6,21000000,１Ｋ,15,1999年,ＳＲＣ,住宅,住宅,準工業,60.0,300.0,2021年第2四半期,未改装,,文京区,2021,2,1999.0,22.0,6.0,1400000.0,240069,353648,147.31098
中古マンション等,不動産取引価格情報,13105,東京都,文京区,水道,江戸川橋,8,37000000,１ＬＤＫ,35,2010年,ＲＣ,,住宅,準工業,60.0,300.0,2021年第2四半期,未改装,,文京区,2021,2,2010.0,11.0,8.0,1057142.857142857,240069,353648,147.31098
中古マンション等,不動産取引価格情報,13105,東京都,文京区,水道,江戸川橋,3,37000000,１ＬＤＫ,25,2018年,ＲＣ,,住宅,近隣商業,80.0,300.0,2021年第2四半期,未改装,,文京区,2021,2,2018.0,3.0,3.0,1480000.0,240069,353648,147.31098
中古マンション等,不動産取引価格情報,13105,東京都,文京区,水道,江戸川橋,6,31000000,１Ｋ,25,2016年,ＲＣ,,住宅,準工業,60.0,300.0,2021年第2四半期,未改装,,文京区,2021,2,2016.0,5.0,6.0,1240000.0,240069,353648,147.31098
中古マンション等,不動産取引価格情報,13105,東京都,文京区,水道,江戸川橋,6,48000000,２ＤＫ,50,2010年,ＲＣ,住宅,住宅,準工業,60.0,300.0,2021年第1四半期,未改装,,文京区,2021,1,2010.0,11.0,6.0,960000.0,240069,353648,147.31098
中古マンション等,不動産取引価格情報,13105,東京都,文京区,水道,江戸川橋,4,44000000,１ＬＤＫ,40,2014年,ＲＣ,住宅,住宅,準工業,60.0,300.0,2021年第1四半期,,,文京区,2021,1,2014.0,7.0,4.0,1100000.0,240069,353648,147.31098
中古マンション等,不動産取引価格情報,13105,東京都,文京区,水道,江戸川橋,3,27000000,,30,1999年,ＳＲＣ,,住宅,近隣商業,80.0,300.0,2021年第1四半期,,,文京区,2021,1,1999.0,22.0,3.0,900000.0,240069,353648,147.31098
中古マンション等,不動産取引価格情報,13105,東京都,文京区,水道,江戸川橋,6,44000000,２ＬＤＫ,50,2010年,ＲＣ,住宅,住宅,準工業,60.0,300.0,2021年第1四半期,未改装,,文京区,2021,1,2010.0,11.0,6.0,880000.0,240069,353648,147.31098
中古マンション等,不動産取引価格情報,13105,東京都,文京区,水道,後楽園,11,33000000,２ＤＫ,35,1980年,ＳＲＣ,,住宅,２種住居,60.0,300.0,2025年第1四半期,未改装,,文京区,2025,1,1980.0,45.0,11.0,942857.1428571428,240069,353648,147.31098
中古マンション等,不動産取引価格情報,13105,東京都,文京区,水道,後楽園,11,23000000,１ＤＫ,35,1981年,ＲＣ,住宅,住宅,２種住居,60.0,300.0,2022年第3四半期,未改装,,文京区,2022,3,1981.0,41.0,11.0,657142.8571428572,240069,353648,147.31098
中古マンション等,不動産取引価格情報,13105,東京都,文京区,水道,後楽園,11,39000000,１ＤＫ,35,1980年,ＳＲＣ,住宅,住宅,２種住居,60.0,300.0,2022年第1四半期,改装済み,,文京区,2022,1,1980.0,42.0,11.0,1114285.7142857143,240069,353648,147.31098
中古マンション等,不動産取引価格情報,13105,東京都,文京区,水道,後楽園,12,48000000,２ＬＤＫ,55,1980年,ＳＲＣ,住宅,住宅,２種住居,60.0,300.0,2021年第4四半期,未改装,,文京区,2021,4,1980.0,41.0,12.0,872727.2727272727,240069,353648,147.31098
中古マンション等,不動産取引価格情報,13105,東京都,文京区,水道,後楽園,11,19000000,２ＤＫ,35,1980年,ＳＲＣ,住宅,住宅,２種住居,60.0,300.0,2021年第3四半期,未改装,,文京区,2021,3,1980.0,41.0,11.0,542857.1428571428,240069,353648,147.31098
中古マンション等,不動産取引価格情報,13105,東京都,文京区,水道,後楽園,11,28000000,,35,1980年,ＳＲＣ,住宅,住宅,２種住居,60.0,300.0,2021年第2四半期,未改装,,文京区,2021,2,1980.0,41.0,11.0,800000.0,240069,353648,147.31098
中古マンション等,不動産取引価格情報,13105,東京都,文京区,水道,根津,1,75000000,２ＬＤＫ,50,2015年,ＲＣ,住宅,住宅,近隣商業,80.0,300.0,2024年第3四半期,未改装,,文京区,2024,3,2015.0,9.0,1.0,1500000.0,240069,353648,147.31098
中古マンション等,不動産取引価格情報,13105,東京都,文京区,水道,根津,1,29000000,１Ｋ,25,2015年,ＲＣ,住宅,住宅,近隣商業,80.0,300.0,2024年第2四半期,,,文京区,2024,2,2015.0,9.0,1.0,1160000.0,240069,353648,147.31098
中古マンション等,不動産取引価格情報,13105,東京都,文京区,関口,江戸川橋,7,22000000,１Ｋ,20,2001年,ＲＣ,住宅,住宅,２種住居,60.0,400.0,2025年第3四半期,未改装,,文京区,2025,3,2001.0,24.0,7.0,1100000.0,240069,353648,147.31098
中古マンション等,不動産取引価格情報,13105,東京都,文京区,関口,江戸川橋,5,55000000,１ＬＤＫ,40,2010年,ＲＣ,住宅,住宅,商業,80.0,500.0,2025年第3四半期,未改装,,文京区,2025,3,2010.0,15.0,5.0,1375000.0,240069,353648,147.31098
中古マンション等,不動産取引価格情報,13105,東京都,文京区,関口,江戸川橋,10,32000000,１Ｋ,25,2012年,ＲＣ,住宅,住宅,準工業,60.0,300.0,2025年第2四半期,,,文京区,2025,2,2012.0,13.0,10.0,1280000.0,240069,353648,147.31098
中古マンション等,不動産取引価格情報,13105,東京都,文京区,関口,江戸川橋,7,27000000,１Ｋ,25,2000年,ＳＲＣ,住宅,その他,商業,80.0,500.0,2025年第2四半期,未改装,,文京区,2025,2,2000.0,25.0,7.0,1080000.0,240069,353648,147.31098
中古マンション等,不動産取引価格情報,13105,東京都,文京区,関口,江戸川橋,3,39000000,１ＬＤＫ,40,2014年,ＲＣ,住宅,その他,商業,80.0,500.0,2025年第2四半期,未改装,,文京区,2025,2,2014.0,11.0,3.0,975000.0,240069,353648,147.31098
中古マンション等,不動産取引価格情報,13105,東京都,文京区,関口,江戸川橋,6,60000000,２ＬＤＫ,70,1962年,ＲＣ,住宅,住宅,１低住専,60.0,150.0,2025年第2四半期,未改装,,文京区,2025,2,1962.0,63.0,6.0,857142.8571428572,240069,353648,147.31098
中古マンション等,不動産取引価格情報,13105,東京都,文京区,関口,江戸川橋,7,59000000,３ＬＤＫ,65,1978年,ＳＲＣ,,住宅,商業,80.0,500.0,2025年第2四半期,未改装,,文京区,2025,2,1978.0,47.0,7.0,907692.3076923077,240069,353648,147.31098
中古マンション等,不動産取引価格情報,13105,東京都,文京区,関口,江戸川橋,1,120000000,１ＬＤＫ,55,2010年,ＲＣ,,住宅,商業,80.0,500.0,2025年第2四半期,改装済み,,文京区,2025,2,2010.0,15.0,1.0,2181818.1818181816,240069,353648,147.31098
中古マンション等,不動産取引価格情報,13105,東京都,文京区,関口,江戸川橋,0,48000000,２ＤＫ,45,1983年,ＳＲＣ,住宅,住宅,商業,80.0,500.0,2025年第1四半期,改装済み,,文京区,2025,1,1983.0,42.0,0.0,1066666.6666666667,240069,353648,147.31098
中古マンション等,不動産取引価格情報,13105,東京都,文京区,関口,江戸川橋,1,25000000,１Ｋ,20,2002年,ＳＲＣ,,住宅,商業,80.0,500.0,2025年第1四半期,,,文京区,2025,1,2002.0,23.0,1.0,1250000.0,240069,353648,147.31098
中古マンション等,不動産取引価格情報,13105,東京都,文京区,関口,江戸川橋,1,130000000,２ＬＤＫ,55,2010年,ＲＣ,住宅,住宅,商業,80.0,500.0,2025年第1四半期,改装済み,,文京区,2025,1,2010.0,15.0,1.0,2363636.3636363638,240069,353648,147.31098
中古マンション等,不動産取引価格情報,13105,東京都,文京区,関口,江戸川橋,1,35000000,１Ｋ,30,1990年,ＳＲＣ,,住宅,商業,80.0,500.0,2025年第1四半期,未改装,,文京区,2025,1,1990.0,35.0,1.0,1166666.6666666667,240069,353648,147.31098
中古マンション等,不動産取引価格情報,13105,東京都,文京区,関口,江戸川橋,2,66000000,３ＬＤＫ,75,1999年,ＳＲＣ,住宅,住宅,商業,80.0,500.0,2025年第1四半期,,,文京区,2025,1,1999.0,26.0,2.0,880000.0,240069,353648,147.31098
中古マンション等,不動産取引価格情報,13105,東京都,文京区,関口,江戸川橋,2,200000000,オープンフロア,120,1999年,ＳＲＣ,店舗,店舗,商業,80.0,500.0,2025年第1四半期,改装済み,,文京区,2025,1,1999.0,26.0,2.0,1666666.6666666667,240069,353648,147.31098
中古マンション等,不動産取引価格情報,13105,東京都,文京区,関口,江戸川橋,7,89000000,２ＬＤＫ,55,2004年,ＲＣ,,住宅,１低住専,60.0,150.0,2025年第1四半期,改装済み,,文京区,2025,1,2004.0,21.0,7.0,1618181.8181818181,240069,353648,147.31098
中古マンション等,不動産取引価格情報,13105,東京都,文京区,関口,江戸川橋,2,120000000,オープンフロア,155,1999年,ＳＲＣ,その他,その他,商業,80.0,500.0,2025年第1四半期,改装済み,,文京区,2025,1,1999.0,26.0,2.0,774193.5483870967,240069,353648,147.31098
中古マンション等,不動産取引価格情報,13105,東京都,文京区,関口,江戸川橋,1,27000000,１Ｋ,25,2002年,ＳＲＣ,住宅,住宅,商業,80.0,500.0,2024年第4四半期,,,文京区,2024,4,2002.0,22.0,1.0,1080000.0,240069,353648,147.31098
中古マンション等,不動産取引価格情報,13105,東京都,文京区,関口,江戸川橋,1,35000000,１ＤＫ,30,1990年,ＳＲＣ,住宅,住宅,商業,80.0,500.0,2024年第3四半期,未改装,,文京区,2024,3,1990.0,34.0,1.0,1166666.6666666667,240069,353648,147.31098
中古マンション等,不動産取引価格情報,13105,東京都,文京区,関口,江戸川橋,6,87000000,１ＬＤＫ,60,2001年,ＲＣ,住宅,住宅,２種住居,60.0,400.0,2024年第3四半期,未改装,,文京区,2024,3,2001.0,23.0,6.0,1450000.0,240069,353648,147.31098
中古マンション等,不動産取引価格情報,13105,東京都,文京区,関口,江戸川橋,7,74000000,２ＬＤＫ,55,2004年,ＲＣ,住宅,住宅,１低住専,60.0,150.0,2024年第3四半期,未改装,,文京区,2024,3,2004.0,20.0,7.0,1345454.5454545454,240069,353648,147.31098
中古マンション等,不動産取引価格情報,13105,東京都,文京区,関口,江戸川橋,2,30000000,１Ｋ,20,2009年,ＲＣ,住宅,住宅,商業,80.0,500.0,2024年第3四半期,未改装,,文京区,2024,3,2009.0,15.0,2.0,1500000.0,240069,353648,147.31098
中古マンション等,不動産取引価格情報,13105,東京都,文京区,関口,江戸川橋,5,190000000,３ＬＤＫ,80,2001年,ＲＣ,住宅,住宅,１低住専,60.0,150.0,2024年第3四半期,改装済み,,文京区,2024,3,2001.0,23.0,5.0,2375000.0,240069,353648,147.31098
中古マンション等,不動産取引価格情報,13105,東京都,文京区,関口,江戸川橋,3,28000000,１Ｋ,25,2014年,ＲＣ,住宅,その他,商業,80.0,500.0,2024年第3四半期,未改装,,文京区,2024,3,2014.0,10.0,3.0,1120000.0,240069,353648,147.31098
中古マンション等,不動産取引価格情報,13105,東京都,文京区,関口,江戸川橋,0,57000000,２ＬＤＫ,50,1983年,ＳＲＣ,住宅,住宅,商業,80.0,500.0,2024年第3四半期,改装済み,,文京区,2024,3,1983.0,41.0,0.0,1140000.0,240069,353648,147.31098
中古マンション等,不動産取引価格情報,13105,東京都,文京区,関口,江戸川橋,6,110000000,３ＬＤＫ,75,2005年,ＲＣ,住宅,住宅,２種住居,60.0,400.0,2024年第3四半期,未改装,,文京区,2024,3,2005.0,19.0,6.0,1466666.6666666667,240069,353648,147.31098
中古マンション等,不動産取引価格情報,13105,東京都,文京区,関口,江戸川橋,1,110000000,２ＬＤＫ,65,2014年,ＲＣ,住宅,住宅,商業,80.0,500.0,2024年第3四半期,未改装,,文京区,2024,3,2014.0,10.0,1.0,1692307.6923076923,240069,353648,147.31098
中古マンション等,不動産取引価格情報,13105,東京都,文京区,関口,江戸川橋,4,13000000,１Ｋ,15,1984年,ＳＲＣ,住宅,住宅,商業,80.0,500.0,2024年第3四半期,未改装,,文京区,2024,3,1984.0,40.0,4.0,866666.6666666666,240069,353648,147.31098
中古マンション等,不動産取引価格情報,13105,東京都,文京区,関口,江戸川橋,7,70000000,１ＤＫ,50,2003年,ＳＲＣ,住宅,住宅,２種住居,60.0,400.0,2024年第3四半期,未改装,,文京区,2024,3,2003.0,21.0,7.0,1400000.0,240069,353648,147.31098
中古マンション等,不動産取引価格情報,13105,東京都,文京区,関口,江戸川橋,9,21000000,１Ｋ,20,2000年,ＳＲＣ,住宅,,商業,80.0,500.0,2024年第3四半期,未改装,,文京区,2024,3,2000.0,24.0,9.0,1050000.0,240069,353648,147.31098
中古マンション等,不動産取引価格情報,13105,東京都,文京区,関口,江戸川橋,1,37000000,オープンフロア,40,1992年,ＳＲＣ,店舗,その他,商業,80.0,500.0,2024年第3四半期,未改装,,文京区,2024,3,1992.0,32.0,1.0,925000.0,240069,353648,147.31098
中古マンション等,不動産取引価格情報,13105,東京都,文京区,関口,江戸川橋,0,65000000,３ＬＤＫ,65,1983年,ＳＲＣ,住宅,住宅,商業,80.0,500.0,2024年第3四半期,未改装,,文京区,2024,3,1983.0,41.0,0.0,1000000.0,240069,353648,147.31098
中古マンション等,不動産取引価格情報,13105,東京都,文京区,関口,江戸川橋,7,110000000,３ＬＤＫ,65,2014年,ＲＣ,住宅,住宅,１低住専,60.0,150.0,2024年第2四半期,未改装,,文京区,2024,2,2014.0,10.0,7.0,1692307.6923076923,240069,353648,147.31098
中古マンション等,不動産取引価格情報,13105,東京都,文京区,関口,江戸川橋,1,30000000,１ＬＤＫ,30,1990年,ＳＲＣ,住宅,住宅,商業,80.0,500.0,2024年第2四半期,未改装,,文京区,2024,2,1990.0,34.0,1.0,1000000.0,240069,353648,147.31098
中古マンション等,不動産取引価格情報,13105,東京都,文京区,関口,江戸川橋,1,43000000,１ＤＫ,30,1990年,ＳＲＣ,住宅,住宅,商業,80.0,500.0,2024年第2四半期,改装済み,,文京区,2024,2,1990.0,34.0,1.0,1433333.3333333333,240069,353648,147.31098
中古マンション等,不動産取引価格情報,13105,東京都,文京区,関口,江戸川橋,8,150000000,３ＬＤＫ,95,2004年,ＲＣ,,住宅,２種住居,60.0,400.0,2024年第2四半期,改装済み,,文京区,2024,2,2004.0,20.0,8.0,1578947.3684210526,240069,353648,147.31098
中古マンション等,不動産取引価格情報,13105,東京都,文京区,関口,江戸川橋,7,23000000,１Ｋ,20,2005年,ＲＣ,,住宅,１低住専,60.0,150.0,2024年第2四半期,未改装,,文京区,2024,2,2005.0,19.0,7.0,1150000.0,240069,353648,147.31098
中古マンション等,不動産取引価格情報,13105,東京都,文京区,関口,江戸川橋,1,67000000,２ＬＤＫ＋Ｓ,70,1992年,ＳＲＣ,住宅,住宅,商業,80.0,500.0,2024年第2四半期,未改装,,文京区,2024,2,1992.0,32.0,1.0,957142.8571428572,240069,353648,147.31098
中古マンション等,不動産取引価格情報,13105,東京都,文京区,関口,江戸川橋,4,12000000,１Ｋ,15,1984年,ＳＲＣ,住宅,住宅,商業,80.0,500.0,2024年第2四半期,未改装,,文京区,2024,2,1984.0,40.0,4.0,800000.0,240069,353648,147.31098
中古マンション等,不動産取引価格情報,13105,東京都,文京区,関口,江戸川橋,2,42000000,１ＬＤＫ,35,2009年,ＲＣ,住宅,住宅,商業,80.0,500.0,2024年第1四半期,未改装,,文京区,2024,1,2009.0,15.0,2.0,1200000.0,240069,353648,147.31098
中古マンション等,不動産取引価格情報,13105,東京都,文京区,関口,江戸川橋,7,21000000,１Ｋ,20,2005年,ＲＣ,住宅,住宅,１低住専,60.0,150.0,2024年第1四半期,改装済み,,文京区,2024,1,2005.0,19.0,7.0,1050000.0,240069,353648,147.31098
中古マンション等,不動産取引価格情報,13105,東京都,文京区,関口,江戸川橋,0,45000000,２ＤＫ＋Ｓ,45,1983年,ＳＲＣ,住宅,住宅,商業,80.0,500.0,2024年第1四半期,改装済み,,文京区,2024,1,1983.0,41.0,0.0,1000000.0,240069,353648,147.31098
中古マンション等,不動産取引価格情報,13105,東京都,文京区,関口,江戸川橋,2,55000000,１ＬＤＫ,35,2009年,ＲＣ,住宅,住宅,商業,80.0,500.0,2024年第1四半期,改装済み,,文京区,2024,1,2009.0,15.0,2.0,1571428.5714285714,240069,353648,147.31098
中古マンション等,不動産取引価格情報,13105,東京都,文京区,関口,江戸川橋,1,65000000,３ＬＤＫ,65,2006年,ＳＲＣ,住宅,住宅,商業,80.0,500.0,2023年第4四半期,未改装,,文京区,2023,4,2006.0,17.0,1.0,1000000.0,240069,353648,147.31098
中古マンション等,不動産取引価格情報,13105,東京都,文京区,関口,江戸川橋,7,82000000,２ＬＤＫ,55,2004年,ＲＣ,住宅,住宅,１低住専,60.0,150.0,2023年第4四半期,改装済み,,文京区,2023,4,2004.0,19.0,7.0,1490909.0909090908,240069,353648,147.31098
中古マンション等,不動産取引価格情報,13105,東京都,文京区,関口,江戸川橋,1,32000000,１Ｋ,30,1990年,ＳＲＣ,住宅,事務所,商業,80.0,500.0,2023年第4四半期,未改装,,文京区,2023,4,1990.0,33.0,1.0,1066666.6666666667,240069,353648,147.31098
中古マンション等,不動産取引価格情報,13105,東京都,文京区,関口,江戸川橋,2,38000000,１ＬＤＫ,35,2009年,ＲＣ,住宅,その他,商業,80.0,500.0,2023年第4四半期,未改装,,文京区,2023,4,2009.0,14.0,2.0,1085714.2857142857,240069,353648,147.31098
中古マンション等,不動産取引価格情報,13105,東京都,文京区,関口,江戸川橋,6,66000000,２ＬＤＫ,50,2001年,ＲＣ,住宅,住宅,２種住居,60.0,400.0,2023年第4四半期,未改装,,文京区,2023,4,2001.0,22.0,6.0,1320000.0,240069,353648,147.31098
中古マンション等,不動産取引価格情報,13105,東京都,文京区,関口,江戸川橋,1,49000000,１ＬＤＫ,40,2014年,ＲＣ,住宅,住宅,商業,80.0,500.0,2023年第3四半期,未改装,,文京区,2023,3,2014.0,9.0,1.0,1225000.0,240069,353648,147.31098
中古マンション等,不動産取引価格情報,13105,東京都,文京区,関口,江戸川橋,1,85000000,,65,2006年,ＳＲＣ,住宅,住宅,商業,80.0,500.0,2023年第3四半期,,,文京区,2023,3,2006.0,17.0,1.0,1307692.3076923077,240069,353648,147.31098
中古マンション等,不動産取引価格情報,13105,東京都,文京区,関口,江戸川橋,7,70000000,１ＬＤＫ,55,2004年,ＲＣ,住宅,住宅,１低住専,60.0,150.0,2023年第3四半期,未改装,,文京区,2023,3,2004.0,19.0,7.0,1272727.2727272727,240069,353648,147.31098
中古マンション等,不動産取引価格情報,13105,東京都,文京区,関口,江戸川橋,6,38000000,１ＬＤＫ,45,1962年,ＲＣ,住宅,住宅,１低住専,60.0,150.0,2023年第3四半期,改装済み,,文京区,2023,3,1962.0,61.0,6.0,844444.4444444445,240069,353648,147.31098
中古マンション等,不動産取引価格情報,13105,東京都,文京区,関口,江戸川橋,5,130000000,３ＬＤＫ,80,2001年,ＲＣ,,その他,１低住専,60.0,150.0,2023年第3四半期,未改装,,文京区,2023,3,2001.0,22.0,5.0,1625000.0,240069,353648,147.31098
中古マンション等,不動産取引価格情報,13105,東京都,文京区,関口,江戸川橋,4,140000000,３ＬＤＫ,75,2020年,ＲＣ,住宅,住宅,２種住居,60.0,400.0,2023年第3四半期,未改装,,文京区,2023,3,2020.0,3.0,4.0,1866666.6666666667,240069,353648,147.31098
中古マンション等,不動産取引価格情報,13105,東京都,文京区,関口,江戸川橋,1,74000000,２ＬＤＫ,55,2010年,ＲＣ,住宅,住宅,商業,80.0,500.0,2023年第2四半期,未改装,,文京区,2023,2,2010.0,13.0,1.0,1345454.5454545454,240069,353648,147.31098
中古マンション等,不動産取引価格情報,13105,東京都,文京区,関口,江戸川橋,1,53000000,１ＤＫ,40,2010年,ＲＣ,住宅,住宅,商業,80.0,500.0,2023年第2四半期,未改装,,文京区,2023,2,2010.0,13.0,1.0,1325000.0,240069,353648,147.31098
中古マンション等,不動産取引価格情報,13105,東京都,文京区,関口,江戸川橋,6,18000000,１Ｋ,20,1962年,ＲＣ,住宅,住宅,１低住専,60.0,150.0,2023年第2四半期,,,文京区,2023,2,1962.0,61.0,6.0,900000.0,240069,353648,147.31098
中古マンション等,不動産取引価格情報,13105,東京都,文京区,関口,江戸川橋,2,100000000,３ＬＤＫ,65,2015年,ＲＣ,住宅,住宅,商業,80.0,500.0,2023年第2四半期,未改装,,文京区,2023,2,2015.0,8.0,2.0,1538461.5384615385,240069,353648,147.31098
中古マンション等,不動産取引価格情報,13105,東京都,文京区,関口,江戸川橋,9,22000000,１Ｒ,20,2000年,ＳＲＣ,住宅,住宅,商業,80.0,500.0,2023年第2四半期,未改装,,文京区,2023,2,2000.0,23.0,9.0,1100000.0,240069,353648,147.31098
中古マンション等,不動産取引価格情報,13105,東京都,文京区,関口,江戸川橋,0,39000000,１ＬＤＫ,45,1983年,ＳＲＣ,住宅,住宅,商業,80.0,500.0,2023年第2四半期,未改装,,文京区,2023,2,1983.0,40.0,0.0,866666.6666666666,240069,353648,147.31098
中古マンション等,不動産取引価格情報,13105,東京都,文京区,関口,江戸川橋,7,15000000,１ＤＫ,25,1985年,ＲＣ,住宅,住宅,１低住専,60.0,150.0,2023年第2四半期,未改装,,文京区,2023,2,1985.0,38.0,7.0,600000.0,240069,353648,147.31098
中古マンション等,不動産取引価格情報,13105,東京都,文京区,関口,江戸川橋,2,43000000,２ＤＫ,45,1983年,ＲＣ,住宅,住宅,準工業,60.0,300.0,2023年第2四半期,改装済み,,文京区,2023,2,1983.0,40.0,2.0,955555.5555555555,240069,353648,147.31098
中古マンション等,不動産取引価格情報,13105,東京都,文京区,関口,江戸川橋,6,24000000,１ＤＫ,35,1962年,ＲＣ,住宅,事務所,１低住専,60.0,150.0,2023年第1四半期,未改装,,文京区,2023,1,1962.0,61.0,6.0,685714.2857142857,240069,353648,147.31098
中古マンション等,不動産取引価格情報,13105,東京都,文京区,関口,江戸川橋,7,60000000,３ＬＤＫ,65,1978年,ＳＲＣ,住宅,住宅,商業,80.0,500.0,2023年第1四半期,改装済み,,文京区,2023,1,1978.0,45.0,7.0,923076.9230769231,240069,353648,147.31098
中古マンション等,不動産取引価格情報,13105,東京都,文京区,関口,江戸川橋,4,120000000,２ＬＤＫ,75,2001年,ＲＣ,住宅,住宅,１低住専,60.0,150.0,2023年第1四半期,,,文京区,2023,1,2001.0,22.0,4.0,1600000.0,240069,353648,147.31098
中古マンション等,不動産取引価格情報,13105,東京都,文京区,関口,江戸川橋,1,28000000,１ＬＤＫ,30,1990年,ＳＲＣ,,住宅,商業,80.0,500.0,2023年第1四半期,未改装,,文京区,2023,1,1990.0,33.0,1.0,933333.3333333334,240069,353648,147.31098
中古マンション等,不動産取引価格情報,13105,東京都,文京区,関口,江戸川橋,1,27000000,１ＬＤＫ,30,1990年,ＳＲＣ,住宅,住宅,商業,80.0,500.0,2022年第4四半期,未改装,,文京区,2022,4,1990.0,32.0,1.0,900000.0,240069,353648,147.31098
中古マンション等,不動産取引価格情報,13105,東京都,文京区,関口,江戸川橋,0,51000000,２ＬＤＫ,50,1983年,ＳＲＣ,住宅,住宅,商業,80.0,500.0,2022年第4四半期,改装済み,,文京区,2022,4,1983.0,39.0,0.0,1020000.0,240069,353648,147.31098
中古マンション等,不動産取引価格情報,13105,東京都,文京区,関口,江戸川橋,2,25000000,１ＤＫ,30,1983年,ＲＣ,住宅,住宅,準工業,60.0,300.0,2022年第4四半期,未改装,,文京区,2022,4,1983.0,39.0,2.0,833333.3333333334,240069,353648,147.31098
中古マンション等,不動産取引価格情報,13105,東京都,文京区,関口,江戸川橋,7,16000000,１Ｋ,15,2001年,ＲＣ,住宅,住宅,２種住居,60.0,400.0,2022年第4四半期,,,文京区,2022,4,2001.0,21.0,7.0,1066666.6666666667,240069,353648,147.31098
中古マンション等,不動産取引価格情報,13105,東京都,文京区,関口,江戸川橋,1,71000000,２ＬＤＫ,55,2010年,ＲＣ,住宅,住宅,商業,80.0,500.0,2022年第3四半期,改装済み,,文京区,2022,3,2010.0,12.0,1.0,1290909.0909090908,240069,353648,147.31098
中古マンション等,不動産取引価格情報,13105,東京都,文京区,関口,江戸川橋,2,29000000,１ＬＤＫ,30,1983年,ＲＣ,住宅,住宅,準工業,60.0,300.0,2022年第3四半期,未改装,,文京区,2022,3,1983.0,39.0,2.0,966666.6666666666,240069,353648,147.31098
中古マンション等,不動産取引価格情報,13105,東京都,文京区,関口,江戸川橋,1,51000000,１ＬＤＫ,40,2014年,ＲＣ,住宅,住宅,商業,80.0,500.0,2022年第3四半期,未改装,,文京区,2022,3,2014.0,8.0,1.0,1275000.0,240069,353648,147.31098
中古マンション等,不動産取引価格情報,13105,東京都,文京区,関口,江戸川橋,7,25000000,１Ｋ,25,2000年,ＳＲＣ,住宅,住宅,商業,80.0,500.0,2022年第3四半期,未改装,,文京区,2022,3,2000.0,22.0,7.0,1000000.0,240069,353648,147.31098
中古マンション等,不動産取引価格情報,13105,東京都,文京区,関口,江戸川橋,8,51000000,１ＬＤＫ＋Ｓ,55,2004年,ＲＣ,住宅,住宅,２種住居,60.0,400.0,2022年第3四半期,未改装,,文京区,2022,3,2004.0,18.0,8.0,927272.7272727273,240069,353648,147.31098
中古マンション等,不動産取引価格情報,13105,東京都,文京区,関口,江戸川橋,7,22000000,,25,2000年,ＳＲＣ,住宅,住宅,商業,80.0,500.0,2022年第2四半期,,,文京区,2022,2,2000.0,22.0,7.0,880000.0,240069,353648,147.31098
中古マンション等,不動産取引価格情報,13105,東京都,文京区,関口,江戸川橋,7,30000000,１Ｋ,25,2000年,ＳＲＣ,住宅,その他,商業,80.0,500.0,2022年第2四半期,改装済み,,文京区,2022,2,2000.0,22.0,7.0,1200000.0,240069,353648,147.31098
中古マンション等,不動産取引価格情報,13105,東京都,文京区,関口,江戸川橋,7,47000000,３ＬＤＫ,65,1978年,ＳＲＣ,住宅,その他,商業,80.0,500.0,2022年第2四半期,未改装,,文京区,2022,2,1978.0,44.0,7.0,723076.9230769231,240069,353648,147.31098
中古マンション等,不動産取引価格情報,13105,東京都,文京区,関口,江戸川橋,2,11000000,１ＤＫ,30,1983年,ＲＣ,,住宅,準工業,60.0,300.0,2022年第2四半期,,,文京区,2022,2,1983.0,39.0,2.0,366666.6666666667,240069,353648,147.31098
中古マンション等,不動産取引価格情報,13105,東京都,文京区,関口,江戸川橋,1,54000000,１ＬＤＫ,40,2010年,ＲＣ,,住宅,商業,80.0,500.0,2022年第2四半期,未改装,,文京区,2022,2,2010.0,12.0,1.0,1350000.0,240069,353648,147.31098
中古マンション等,不動産取引価格情報,13105,東京都,文京区,関口,江戸川橋,7,43000000,,35,2018年,ＲＣ,住宅,住宅,２種住居,60.0,400.0,2022年第1四半期,未改装,,文京区,2022,1,2018.0,4.0,7.0,1228571.4285714286,240069,353648,147.31098
中古マンション等,不動産取引価格情報,13105,東京都,文京区,関口,江戸川橋,4,110000000,３ＬＤＫ,70,2020年,ＲＣ,住宅,住宅,２種住居,60.0,400.0,2022年第1四半期,未改装,,文京区,2022,1,2020.0,2.0,4.0,1571428.5714285714,240069,353648,147.31098
中古マンション等,不動産取引価格情報,13105,東京都,文京区,関口,江戸川橋,9,19000000,１Ｋ,15,1996年,ＲＣ,住宅,住宅,準工業,60.0,300.0,2022年第1四半期,未改装,,文京区,2022,1,1996.0,26.0,9.0,1266666.6666666667,240069,353648,147.31098
中古マンション等,不動産取引価格情報,13105,東京都,文京区,関口,江戸川橋,0,47000000,２ＬＤＫ,50,1983年,ＳＲＣ,住宅,,商業,80.0,500.0,2022年第1四半期,未改装,,文京区,2022,1,1983.0,39.0,0.0,940000.0,240069,353648,147.31098
中古マンション等,不動産取引価格情報,13105,東京都,文京区,関口,江戸川橋,1,24000000,１Ｋ,20,2002年,ＳＲＣ,住宅,その他,商業,80.0,500.0,2022年第1四半期,未改装,,文京区,2022,1,2002.0,20.0,1.0,1200000.0,240069,353648,147.31098
中古マンション等,不動産取引価格情報,13105,東京都,文京区,関口,江戸川橋,7,23000000,１Ｋ,20,2005年,ＲＣ,住宅,住宅,１低住専,60.0,150.0,2022年第1四半期,未改装,,文京区,2022,1,2005.0,17.0,7.0,1150000.0,240069,353648,147.31098
中古マンション等,不動産取引価格情報,13105,東京都,文京区,関口,江戸川橋,6,15000000,１Ｋ,35,1962年,ＲＣ,住宅,住宅,１低住専,60.0,150.0,2021年第4四半期,未改装,,文京区,2021,4,1962.0,59.0,6.0,428571.4285714286,240069,353648,147.31098
中古マンション等,不動産取引価格情報,13105,東京都,文京区,関口,江戸川橋,4,14000000,,15,1984年,ＳＲＣ,住宅,,商業,80.0,500.0,2021年第4四半期,,,文京区,2021,4,1984.0,37.0,4.0,933333.3333333334,240069,353648,147.31098
中古マンション等,不動産取引価格情報,13105,東京都,文京区,関口,江戸川橋,2,25000000,１ＬＤＫ,35,1983年,ＲＣ,住宅,その他,準工業,60.0,300.0,2021年第4四半期,未改装,,文京区,2021,4,1983.0,38.0,2.0,714285.7142857143,240069,353648,147.31098
中古マンション等,不動産取引価格情報,13105,東京都,文京区,関口,江戸川橋,1,58000000,２ＬＤＫ,50,2014年,ＲＣ,住宅,住宅,商業,80.0,500.0,2021年第4四半期,未改装,,文京区,2021,4,2014.0,7.0,1.0,1160000.0,240069,353648,147.31098
中古マンション等,不動産取引価格情報,13105,東京都,文京区,関口,江戸川橋,7,93000000,３ＬＤＫ,110,2004年,ＲＣ,住宅,住宅,２種住居,60.0,400.0,2021年第4四半期,改装済み,,文京区,2021,4,2004.0,17.0,7.0,845454.5454545454,240069,353648,147.31098
中古マンション等,不動産取引価格情報,13105,東京都,文京区,関口,江戸川橋,2,30000000,１Ｋ,20,2009年,ＲＣ,住宅,住宅,商業,80.0,500.0,2021年第4四半期,未改装,,文京区,2021,4,2009.0,12.0,2.0,1500000.0,240069,353648,147.31098
中古マンション等,不動産取引価格情報,13105,東京都,文京区,関口,江戸川橋,0,79000000,３ＬＤＫ,65,1999年,ＳＲＣ,住宅,住宅,商業,80.0,500.0,2021年第4四半期,未改装,,文京区,2021,4,1999.0,22.0,0.0,1215384.6153846155,240069,353648,147.31098
中古マンション等,不動産取引価格情報,13105,東京都,文京区,関口,江戸川橋,2,24000000,１ＤＫ,30,1983年,ＲＣ,住宅,住宅,準工業,60.0,300.0,2021年第3四半期,未改装,,文京区,2021,3,1983.0,38.0,2.0,800000.0,240069,353648,147.31098
中古マンション等,不動産取引価格情報,13105,東京都,文京区,関口,江戸川橋,4,22000000,１Ｋ,20,2020年,ＲＣ,住宅,,２種住居,60.0,400.0,2021年第3四半期,未改装,,文京区,2021,3,2020.0,1.0,4.0,1100000.0,240069,353648,147.31098
中古マンション等,不動産取引価格情報,13105,東京都,文京区,関口,江戸川橋,6,68000000,２ＬＤＫ,55,2001年,ＲＣ,住宅,住宅,２種住居,60.0,400.0,2021年第3四半期,未改装,,文京区,2021,3,2001.0,20.0,6.0,1236363.6363636365,240069,353648,147.31098
中古マンション等,不動産取引価格情報,13105,東京都,文京区,関口,江戸川橋,1,25000000,１Ｋ,20,2002年,ＳＲＣ,住宅,住宅,商業,80.0,500.0,2021年第2四半期,,,文京区,2021,2,2002.0,19.0,1.0,1250000.0,240069,353648,147.31098
中古マンション等,不動産取引価格情報,13105,東京都,文京区,関口,江戸川橋,5,45000000,１ＬＤＫ,40,2010年,ＲＣ,住宅,住宅,商業,80.0,500.0,2021年第2四半期,改装済み,,文京区,2021,2,2010.0,11.0,5.0,1125000.0,240069,353648,147.31098
中古マンション等,不動産取引価格情報,13105,東京都,文京区,関口,江戸川橋,2,29000000,１ＬＤＫ,30,1983年,ＲＣ,住宅,住宅,準工業,60.0,300.0,2021年第2四半期,改装済み,,文京区,2021,2,1983.0,38.0,2.0,966666.6666666666,240069,353648,147.31098
中古マンション等,不動産取引価格情報,13105,東京都,文京区,関口,江戸川橋,4,110000000,３ＬＤＫ,70,2020年,ＲＣ,住宅,住宅,２種住居,60.0,400.0,2021年第2四半期,未改装,,文京区,2021,2,2020.0,1.0,4.0,1571428.5714285714,240069,353648,147.31098
中古マンション等,不動産取引価格情報,13105,東京都,文京区,関口,江戸川橋,6,22000000,１Ｋ,20,2005年,ＲＣ,住宅,住宅,１低住専,60.0,150.0,2021年第2四半期,改装済み,,文京区,2021,2,2005.0,16.0,6.0,1100000.0,240069,353648,147.31098
中古マンション等,不動産取引価格情報,13105,東京都,文京区,関口,江戸川橋,1,24000000,１Ｋ,20,2002年,ＳＲＣ,住宅,住宅,商業,80.0,500.0,2021年第2四半期,改装済み,,文京区,2021,2,2002.0,19.0,1.0,1200000.0,240069,353648,147.31098
中古マンション等,不動産取引価格情報,13105,東京都,文京区,関口,江戸川橋,6,24000000,１Ｋ,20,2005年,ＲＣ,住宅,住宅,１低住専,60.0,150.0,2021年第2四半期,未改装,,文京区,2021,2,2005.0,16.0,6.0,1200000.0,240069,353648,147.31098
中古マンション等,不動産取引価格情報,13105,東京都,文京区,関口,江戸川橋,1,59000000,２ＬＤＫ,50,2010年,ＲＣ,住宅,住宅,商業,80.0,500.0,2021年第2四半期,改装済み,,文京区,2021,2,2010.0,11.0,1.0,1180000.0,240069,353648,147.31098
中古マンション等,不動産取引価格情報,13105,東京都,文京区,関口,江戸川橋,7,24000000,１Ｋ,20,2005年,ＲＣ,住宅,その他,１低住専,60.0,150.0,2021年第1四半期,未改装,,文京区,2021,1,2005.0,16.0,7.0,1200000.0,240069,353648,147.31098
中古マンション等,不動産取引価格情報,13105,東京都,文京区,関口,江戸川橋,1,18000000,１Ｋ,20,2002年,ＳＲＣ,住宅,住宅,商業,80.0,500.0,2021年第1四半期,未改装,,文京区,2021,1,2002.0,19.0,1.0,900000.0,240069,353648,147.31098
中古マンション等,不動産取引価格情報,13105,東京都,文京区,関口,江戸川橋,5,36000000,１ＬＤＫ,40,2010年,ＲＣ,住宅,,商業,80.0,500.0,2021年第1四半期,未改装,,文京区,2021,1,2010.0,11.0,5.0,900000.0,240069,353648,147.31098
中古マンション等,不動産取引価格情報,13105,東京都,文京区,関口,江戸川橋,7,23000000,１Ｋ,20,2001年,ＲＣ,,住宅,２種住居,60.0,400.0,2021年第1四半期,,,文京区,2021,1,2001.0,20.0,7.0,1150000.0,240069,353648,147.31098
中古マンション等,不動産取引価格情報,13105,東京都,文京区,関口,江戸川橋,6,160000000,２ＬＤＫ,90,2005年,ＲＣ,住宅,住宅,２種住居,60.0,400.0,2021年第1四半期,改装済み,,文京区,2021,1,2005.0,16.0,6.0,1777777.7777777778,240069,353648,147.31098
中古マンション等,不動産取引価格情報,13105,東京都,文京区,関口,江戸川橋,6,80000000,３ＬＤＫ,75,2001年,ＲＣ,住宅,,２種住居,60.0,400.0,2021年第1四半期,未改装,,文京区,2021,1,2001.0,20.0,6.0,1066666.6666666667,240069,353648,147.31098
中古マンション等,不動産取引価格情報,13105,東京都,文京区,関口,護国寺,7,170000000,３ＬＤＫ,95,2003年,ＲＣ,住宅,住宅,２種住居,60.0,400.0,2025年第1四半期,改装済み,,文京区,2025,1,2003.0,22.0,7.0,1789473.6842105263,240069,353648,147.31098
中古マンション等,不動産取引価格情報,13105,東京都,文京区,関口,護国寺,7,90000000,３ＬＤＫ,75,2003年,ＲＣ,住宅,住宅,２種住居,60.0,400.0,2021年第3四半期,未改装,,文京区,2021,3,2003.0,18.0,7.0,1200000.0,240069,353648,147.31098
中古マンション等,不動産取引価格情報,13105,東京都,文京区,関口,護国寺,5,80000000,３ＬＤＫ,90,2002年,ＲＣ,住宅,住宅,１低住専,60.0,150.0,2021年第1四半期,改装済み,,文京区,2021,1,2002.0,19.0,5.0,888888.8888888889,240069,353648,147.31098
中古マンション等,不動産取引価格情報,13105,東京都,文京区,関口,護国寺,7,90000000,３ＬＤＫ,75,2003年,ＲＣ,住宅,住宅,２種住居,60.0,400.0,2021年第1四半期,改装済み,,文京区,2021,1,2003.0,18.0,7.0,1200000.0,240069,353648,147.31098
中古マンション等,不動産取引価格情報,13105,東京都,文京区,関口,護国寺,7,70000000,,60,2003年,ＲＣ,住宅,住宅,２種住居,60.0,400.0,2021年第1四半期,,,文京区,2021,1,2003.0,18.0,7.0,1166666.6666666667,240069,353648,147.31098
中古マンション等,不動産取引価格情報,13105,東京都,文京区,関口,早稲田(メトロ),9,21000000,１Ｋ,20,1998年,ＳＲＣ,住宅,住宅,商業,80.0,500.0,2025年第4四半期,改装済み,,文京区,2025,4,1998.0,27.0,9.0,1050000.0,240069,353648,147.31098
中古マンション等,不動産取引価格情報,13105,東京都,文京区,関口,早稲田(メトロ),11,19000000,１Ｋ,20,1996年,ＲＣ,住宅,住宅,準工業,60.0,300.0,2024年第3四半期,未改装,,文京区,2024,3,1996.0,28.0,11.0,950000.0,240069,353648,147.31098
中古マンション等,不動産取引価格情報,13105,東京都,文京区,関口,早稲田(メトロ),9,21000000,１Ｋ,20,2000年,ＲＣ,住宅,住宅,準工業,60.0,300.0,2023年第3四半期,,,文京区,2023,3,2000.0,23.0,9.0,1050000.0,240069,353648,147.31098
中古マンション等,不動産取引価格情報,13105,東京都,文京区,関口,早稲田(メトロ),9,19000000,１Ｋ,20,1998年,ＳＲＣ,住宅,住宅,商業,80.0,500.0,2022年第4四半期,未改装,,文京区,2022,4,1998.0,24.0,9.0,950000.0,240069,353648,147.31098
中古マンション等,不動産取引価格情報,13105,東京都,文京区,関口,早稲田(メトロ),11,18000000,１Ｋ,15,1996年,ＲＣ,住宅,住宅,準工業,60.0,300.0,2022年第3四半期,,,文京区,2022,3,1996.0,26.0,11.0,1200000.0,240069,353648,147.31098
中古マンション等,不動産取引価格情報,13105,東京都,文京区,関口,早稲田(メトロ),11,18000000,１Ｋ,15,1996年,ＲＣ,住宅,その他,準工業,60.0,300.0,2022年第3四半期,未改装,,文京区,2022,3,1996.0,26.0,11.0,1200000.0,240069,353648,147.31098
中古マンション等,不動産取引価格情報,13105,東京都,文京区,関口,早稲田(メトロ),8,70000000,３ＬＤＫ,65,1996年,ＳＲＣ,,住宅,商業,80.0,500.0,2022年第2四半期,未改装,,文京区,2022,2,1996.0,26.0,8.0,1076923.076923077,240069,353648,147.31098
中古マンション等,不動産取引価格情報,13105,東京都,文京区,関口,早稲田(メトロ),11,15000000,１Ｋ,15,1996年,ＲＣ,住宅,住宅,準工業,60.0,300.0,2021年第3四半期,未改装,,文京区,2021,3,1996.0,25.0,11.0,1000000.0,240069,353648,147.31098
中古マンション等,不動産取引価格情報,13105,東京都,文京区,関口,早稲田(メトロ),8,19000000,１Ｋ,15,2004年,ＲＣ,住宅,住宅,商業,80.0,500.0,2021年第1四半期,未改装,,文京区,2021,1,2004.0,17.0,8.0,1266666.6666666667,240069,353648,147.31098
中古マンション等,不動産取引価格情報,13105,東京都,文京区,千石,新大塚,11,16000000,１ＤＫ,30,1980年,ＲＣ,住宅,住宅,近隣商業,80.0,400.0,2025年第3四半期,未改装,,文京区,2025,3,1980.0,45.0,11.0,533333.3333333334,240069,353648,147.31098
中古マンション等,不動産取引価格情報,13105,東京都,文京区,千石,新大塚,10,87000000,２ＬＤＫ,65,1996年,ＳＲＣ,住宅,住宅,１中住専,60.0,200.0,2025年第2四半期,未改装,,文京区,2025,2,1996.0,29.0,10.0,1338461.5384615385,240069,353648,147.31098
中古マンション等,不動産取引価格情報,13105,東京都,文京区,千石,新大塚,9,21000000,１Ｋ,20,2001年,ＲＣ,住宅,住宅,近隣商業,80.0,400.0,2025年第1四半期,改装済み,,文京区,2025,1,2001.0,24.0,9.0,1050000.0,240069,353648,147.31098
中古マンション等,不動産取引価格情報,13105,東京都,文京区,千石,新大塚,9,55000000,２ＬＤＫ,60,1980年,ＲＣ,住宅,住宅,近隣商業,80.0,400.0,2025年第1四半期,改装済み,,文京区,2025,1,1980.0,45.0,9.0,916666.6666666666,240069,353648,147.31098
中古マンション等,不動産取引価格情報,13105,東京都,文京区,千石,新大塚,11,35000000,オープンフロア,60,1980年,ＲＣ,店舗,事務所,近隣商業,80.0,400.0,2024年第2四半期,未改装,,文京区,2024,2,1980.0,44.0,11.0,583333.3333333334,240069,353648,147.31098
中古マンション等,不動産取引価格情報,13105,東京都,文京区,千石,新大塚,11,39000000,２ＬＤＫ,50,1980年,ＲＣ,住宅,住宅,近隣商業,80.0,400.0,2022年第4四半期,改装済み,,文京区,2022,4,1980.0,42.0,11.0,780000.0,240069,353648,147.31098
中古マンション等,不動産取引価格情報,13105,東京都,文京区,千石,新大塚,8,23000000,１Ｋ,20,2001年,ＲＣ,住宅,住宅,近隣商業,80.0,400.0,2021年第4四半期,未改装,,文京区,2021,4,2001.0,20.0,8.0,1150000.0,240069,353648,147.31098
中古マンション等,不動産取引価格情報,13105,東京都,文京区,千石,新大塚,11,43000000,１ＬＤＫ,35,2018年,ＲＣ,住宅,住宅,商業,80.0,400.0,2021年第3四半期,未改装,,文京区,2021,3,2018.0,3.0,11.0,1228571.4285714286,240069,353648,147.31098
中古マンション等,不動産取引価格情報,13105,東京都,文京区,千石,新大塚,9,140000000,４ＬＤＫ,100,2021年,ＲＣ,,住宅,１中住専,60.0,200.0,2021年第1四半期,未改装,,文京区,2021,1,2021.0,0.0,9.0,1400000.0,240069,353648,147.31098
中古マンション等,不動産取引価格情報,13105,東京都,文京区,千石,巣鴨,8,92000000,３ＬＤＫ,70,1999年,ＲＣ,住宅,住宅,近隣商業,80.0,300.0,2025年第2四半期,改装済み,,文京区,2025,2,1999.0,26.0,8.0,1314285.7142857143,240069,353648,147.31098
中古マンション等,不動産取引価格情報,13105,東京都,文京区,千石,巣鴨,8,25000000,,20,2003年,ＲＣ,住宅,住宅,１種住居,60.0,300.0,2025年第2四半期,未改装,,文京区,2025,2,2003.0,22.0,8.0,1250000.0,240069,353648,147.31098
中古マンション等,不動産取引価格情報,13105,東京都,文京区,千石,巣鴨,8,21000000,１Ｋ,20,2003年,ＲＣ,住宅,住宅,１種住居,60.0,300.0,2023年第4四半期,未改装,,文京区,2023,4,2003.0,20.0,8.0,1050000.0,240069,353648,147.31098
中古マンション等,不動産取引価格情報,13105,東京都,文京区,千石,巣鴨,8,22000000,１Ｋ,20,2003年,ＲＣ,住宅,住宅,１種住居,60.0,300.0,2023年第4四半期,未改装,,文京区,2023,4,2003.0,20.0,8.0,1100000.0,240069,353648,147.31098
中古マンション等,不動産取引価格情報,13105,東京都,文京区,千石,巣鴨,9,74000000,２ＤＫ,55,2013年,ＲＣ,住宅,住宅,近隣商業,80.0,200.0,2023年第3四半期,未改装,,文京区,2023,3,2013.0,10.0,9.0,1345454.5454545454,240069,353648,147.31098
中古マンション等,不動産取引価格情報,13105,東京都,文京区,千石,巣鴨,9,130000000,４ＬＤＫ,85,2013年,ＲＣ,住宅,住宅,近隣商業,80.0,200.0,2022年第4四半期,,,文京区,2022,4,2013.0,9.0,9.0,1529411.7647058824,240069,353648,147.31098
中古マンション等,不動産取引価格情報,13105,東京都,文京区,千石,巣鴨,9,30000000,１Ｒ,30,2005年,ＲＣ,住宅,,近隣商業,80.0,300.0,2021年第3四半期,,,文京区,2021,3,2005.0,16.0,9.0,1000000.0,240069,353648,147.31098
中古マンション等,不動産取引価格情報,13105,東京都,文京区,千石,巣鴨,9,33000000,１Ｋ,35,2005年,ＳＲＣ,住宅,住宅,近隣商業,80.0,300.0,2021年第3四半期,未改装,,文京区,2021,3,2005.0,16.0,9.0,942857.1428571428,240069,353648,147.31098
中古マンション等,不動産取引価格情報,13105,東京都,文京区,千石,千石,8,110000000,３ＬＤＫ,75,1993年,ＲＣ,住宅,住宅,１中住専,60.0,200.0,2025年第4四半期,未改装,,文京区,2025,4,1993.0,32.0,8.0,1466666.6666666667,240069,353648,147.31098
中古マンション等,不動産取引価格情報,13105,東京都,文京区,千石,千石,13,22000000,１Ｋ,20,2001年,ＲＣ,住宅,住宅,近隣商業,80.0,400.0,2025年第4四半期,未改装,,文京区,2025,4,2001.0,24.0,13.0,1100000.0,240069,353648,147.31098
中古マンション等,不動産取引価格情報,13105,東京都,文京区,千石,千石,5,63000000,３ＬＤＫ,80,1971年,ＳＲＣ,住宅,住宅,１中住専,60.0,300.0,2025年第3四半期,改装済み,,文京区,2025,3,1971.0,54.0,5.0,787500.0,240069,353648,147.31098
中古マンション等,不動産取引価格情報,13105,東京都,文京区,千石,千石,6,18000000,１Ｋ,20,2006年,ＲＣ,住宅,その他,商業,80.0,400.0,2025年第3四半期,未改装,調停・競売等,文京区,2025,3,2006.0,19.0,6.0,900000.0,240069,353648,147.31098
中古マンション等,不動産取引価格情報,13105,東京都,文京区,千石,千石,5,29000000,１Ｋ,20,2011年,ＲＣ,住宅,住宅,商業,80.0,400.0,2025年第3四半期,未改装,,文京区,2025,3,2011.0,14.0,5.0,1450000.0,240069,353648,147.31098
中古マンション等,不動産取引価格情報,13105,東京都,文京区,千石,千石,10,14000000,１Ｋ,25,1971年,ＲＣ,住宅,住宅,２種住居,60.0,400.0,2025年第2四半期,未改装,,文京区,2025,2,1971.0,54.0,10.0,560000.0,240069,353648,147.31098
中古マンション等,不動産取引価格情報,13105,東京都,文京区,千石,千石,10,18000000,１Ｋ,25,1971年,ＲＣ,住宅,住宅,２種住居,60.0,400.0,2025年第2四半期,未改装,,文京区,2025,2,1971.0,54.0,10.0,720000.0,240069,353648,147.31098
中古マンション等,不動産取引価格情報,13105,東京都,文京区,千石,千石,6,32000000,１Ｋ,30,2007年,ＲＣ,,住宅,商業,80.0,400.0,2025年第2四半期,未改装,,文京区,2025,2,2007.0,18.0,6.0,1066666.6666666667,240069,353648,147.31098
中古マンション等,不動産取引価格情報,13105,東京都,文京区,千石,千石,2,18000000,１Ｋ,15,1997年,ＳＲＣ,住宅,住宅,商業,80.0,600.0,2025年第2四半期,未改装,,文京区,2025,2,1997.0,28.0,2.0,1200000.0,240069,353648,147.31098
中古マンション等,不動産取引価格情報,13105,東京都,文京区,千石,千石,3,120000000,２ＬＤＫ,55,2019年,ＲＣ,住宅,住宅,商業,80.0,400.0,2025年第2四半期,未改装,,文京区,2025,2,2019.0,6.0,3.0,2181818.1818181816,240069,353648,147.31098
中古マンション等,不動産取引価格情報,13105,東京都,文京区,千石,千石,4,140000000,３ＬＤＫ,65,2024年,ＲＣ,住宅,住宅,商業,80.0,400.0,2025年第2四半期,未改装,,文京区,2025,2,2024.0,1.0,4.0,2153846.153846154,240069,353648,147.31098
中古マンション等,不動産取引価格情報,13105,東京都,文京区,千石,千石,7,71000000,３ＬＤＫ,65,1997年,ＳＲＣ,,住宅,商業,80.0,400.0,2025年第2四半期,未改装,,文京区,2025,2,1997.0,28.0,7.0,1092307.6923076923,240069,353648,147.31098
中古マンション等,不動産取引価格情報,13105,東京都,文京区,千石,千石,1,99000000,２ＬＤＫ,55,2012年,ＲＣ,住宅,住宅,商業,80.0,600.0,2025年第2四半期,改装済み,,文京区,2025,2,2012.0,13.0,1.0,1800000.0,240069,353648,147.31098
中古マンション等,不動産取引価格情報,13105,東京都,文京区,千石,千石,4,110000000,３ＬＤＫ,65,2004年,ＳＲＣ,住宅,住宅,商業,80.0,400.0,2025年第1四半期,改装済み,,文京区,2025,1,2004.0,21.0,4.0,1692307.6923076923,240069,353648,147.31098
中古マンション等,不動産取引価格情報,13105,東京都,文京区,千石,千石,1,110000000,２ＬＤＫ,50,2012年,ＲＣ,住宅,住宅,商業,80.0,600.0,2025年第1四半期,未改装,,文京区,2025,1,2012.0,13.0,1.0,2200000.0,240069,353648,147.31098
中古マンション等,不動産取引価格情報,13105,東京都,文京区,千石,千石,10,14000000,１ＤＫ,35,1971年,ＲＣ,住宅,住宅,２種住居,60.0,400.0,2025年第1四半期,,,文京区,2025,1,1971.0,54.0,10.0,400000.0,240069,353648,147.31098
中古マンション等,不動産取引価格情報,13105,東京都,文京区,千石,千石,10,76000000,２ＬＤＫ,60,1999年,ＲＣ,住宅,住宅,１種住居,60.0,300.0,2025年第1四半期,改装済み,,文京区,2025,1,1999.0,26.0,10.0,1266666.6666666667,240069,353648,147.31098
中古マンション等,不動産取引価格情報,13105,東京都,文京区,千石,千石,6,21000000,１Ｋ,20,2006年,ＲＣ,住宅,住宅,商業,80.0,400.0,2025年第1四半期,未改装,,文京区,2025,1,2006.0,19.0,6.0,1050000.0,240069,353648,147.31098
中古マンション等,不動産取引価格情報,13105,東京都,文京区,千石,千石,3,130000000,３ＬＤＫ,70,2007年,ＲＣ,住宅,住宅,１中住専,60.0,300.0,2025年第1四半期,未改装,,文京区,2025,1,2007.0,18.0,3.0,1857142.857142857,240069,353648,147.31098
中古マンション等,不動産取引価格情報,13105,東京都,文京区,千石,千石,4,90000000,２ＬＤＫ,55,2004年,ＳＲＣ,,住宅,商業,80.0,400.0,2025年第1四半期,改装済み,,文京区,2025,1,2004.0,21.0,4.0,1636363.6363636365,240069,353648,147.31098
中古マンション等,不動産取引価格情報,13105,東京都,文京区,千石,千石,2,29000000,,25,1999年,ＳＲＣ,住宅,住宅,商業,80.0,400.0,2024年第4四半期,改装済み,,文京区,2024,4,1999.0,25.0,2.0,1160000.0,240069,353648,147.31098
中古マンション等,不動産取引価格情報,13105,東京都,文京区,千石,千石,3,25000000,１Ｋ,20,2003年,ＳＲＣ,住宅,住宅,商業,80.0,600.0,2024年第4四半期,,,文京区,2024,4,2003.0,21.0,3.0,1250000.0,240069,353648,147.31098
中古マンション等,不動産取引価格情報,13105,東京都,文京区,千石,千石,4,58000000,１ＬＤＫ,40,2006年,ＲＣ,住宅,住宅,１中住専,60.0,300.0,2024年第4四半期,改装済み,,文京区,2024,4,2006.0,18.0,4.0,1450000.0,240069,353648,147.31098
中古マンション等,不動産取引価格情報,13105,東京都,文京区,千石,千石,10,21000000,１Ｋ,25,1971年,ＲＣ,住宅,住宅,２種住居,60.0,400.0,2024年第4四半期,改装済み,,文京区,2024,4,1971.0,53.0,10.0,840000.0,240069,353648,147.31098
中古マンション等,不動産取引価格情報,13105,東京都,文京区,千石,千石,3,90000000,２ＬＤＫ,55,2019年,ＲＣ,住宅,住宅,商業,80.0,400.0,2024年第4四半期,未改装,,文京区,2024,4,2019.0,5.0,3.0,1636363.6363636365,240069,353648,147.31098
中古マンション等,不動産取引価格情報,13105,東京都,文京区,千石,千石,4,92000000,２ＬＤＫ,65,2002年,ＳＲＣ,住宅,住宅,近隣商業,80.0,400.0,2024年第3四半期,改装済み,,文京区,2024,3,2002.0,22.0,4.0,1415384.6153846155,240069,353648,147.31098
中古マンション等,不動産取引価格情報,13105,東京都,文京区,千石,千石,4,97000000,２ＤＫ,55,2019年,ＲＣ,住宅,住宅,商業,80.0,400.0,2024年第3四半期,未改装,,文京区,2024,3,2019.0,5.0,4.0,1763636.3636363635,240069,353648,147.31098
中古マンション等,不動産取引価格情報,13105,東京都,文京区,千石,千石,4,43000000,,40,2006年,ＲＣ,,住宅,１中住専,60.0,300.0,2024年第3四半期,,,文京区,2024,3,2006.0,18.0,4.0,1075000.0,240069,353648,147.31098
中古マンション等,不動産取引価格情報,13105,東京都,文京区,千石,千石,7,210000000,３ＬＤＫ,110,1989年,,,住宅,近隣商業,80.0,300.0,2024年第3四半期,改装済み,,文京区,2024,3,1989.0,35.0,7.0,1909090.9090909092,240069,353648,147.31098
中古マンション等,不動産取引価格情報,13105,東京都,文京区,千石,千石,6,25000000,１Ｋ,20,2006年,ＲＣ,住宅,その他,２種住居,60.0,400.0,2024年第3四半期,未改装,,文京区,2024,3,2006.0,18.0,6.0,1250000.0,240069,353648,147.31098
中古マンション等,不動産取引価格情報,13105,東京都,文京区,千石,千石,3,23000000,１Ｋ,20,2003年,ＳＲＣ,住宅,住宅,商業,80.0,600.0,2024年第3四半期,未改装,,文京区,2024,3,2003.0,21.0,3.0,1150000.0,240069,353648,147.31098
中古マンション等,不動産取引価格情報,13105,東京都,文京区,千石,千石,3,77000000,１ＬＤＫ,55,2019年,ＲＣ,,住宅,商業,80.0,400.0,2024年第2四半期,改装済み,,文京区,2024,2,2019.0,5.0,3.0,1400000.0,240069,353648,147.31098
中古マンション等,不動産取引価格情報,13105,東京都,文京区,千石,千石,12,88000000,２ＬＤＫ,70,1998年,ＳＲＣ,住宅,住宅,準工業,60.0,400.0,2024年第2四半期,改装済み,,文京区,2024,2,1998.0,26.0,12.0,1257142.857142857,240069,353648,147.31098
中古マンション等,不動産取引価格情報,13105,東京都,文京区,千石,千石,10,79000000,２ＬＤＫ,55,2006年,ＲＣ,住宅,住宅,１中住専,60.0,200.0,2024年第2四半期,未改装,,文京区,2024,2,2006.0,18.0,10.0,1436363.6363636365,240069,353648,147.31098
中古マンション等,不動産取引価格情報,13105,東京都,文京区,千石,千石,2,98000000,２ＬＤＫ,55,2023年,ＲＣ,住宅,住宅,商業,80.0,400.0,2024年第2四半期,未改装,,文京区,2024,2,2023.0,1.0,2.0,1781818.1818181819,240069,353648,147.31098
中古マンション等,不動産取引価格情報,13105,東京都,文京区,千石,千石,8,88000000,２ＬＤＫ,55,2016年,ＲＣ,住宅,住宅,近隣商業,80.0,300.0,2024年第2四半期,未改装,,文京区,2024,2,2016.0,8.0,8.0,1600000.0,240069,353648,147.31098
中古マンション等,不動産取引価格情報,13105,東京都,文京区,千石,千石,1,50000000,１ＬＤＫ,40,2004年,ＲＣ,,住宅,商業,80.0,600.0,2024年第2四半期,未改装,,文京区,2024,2,2004.0,20.0,1.0,1250000.0,240069,353648,147.31098
中古マンション等,不動産取引価格情報,13105,東京都,文京区,千石,千石,4,120000000,３ＬＤＫ,70,2019年,ＲＣ,住宅,住宅,商業,80.0,400.0,2024年第2四半期,未改装,,文京区,2024,2,2019.0,5.0,4.0,1714285.7142857143,240069,353648,147.31098
中古マンション等,不動産取引価格情報,13105,東京都,文京区,千石,千石,10,44000000,３ＬＤＫ,65,1999年,ＲＣ,住宅,住宅,１種住居,60.0,300.0,2024年第1四半期,未改装,,文京区,2024,1,1999.0,25.0,10.0,676923.0769230769,240069,353648,147.31098
中古マンション等,不動産取引価格情報,13105,東京都,文京区,千石,千石,4,69000000,,65,2002年,ＳＲＣ,住宅,,近隣商業,80.0,400.0,2024年第1四半期,,,文京区,2024,1,2002.0,22.0,4.0,1061538.4615384615,240069,353648,147.31098
中古マンション等,不動産取引価格情報,13105,東京都,文京区,千石,千石,13,21000000,１Ｋ,20,2001年,ＲＣ,住宅,住宅,近隣商業,80.0,400.0,2023年第4四半期,,,文京区,2023,4,2001.0,22.0,13.0,1050000.0,240069,353648,147.31098
中古マンション等,不動産取引価格情報,13105,東京都,文京区,千石,千石,8,57000000,１ＬＤＫ,40,2016年,ＲＣ,住宅,住宅,近隣商業,80.0,300.0,2023年第4四半期,未改装,,文京区,2023,4,2016.0,7.0,8.0,1425000.0,240069,353648,147.31098
中古マンション等,不動産取引価格情報,13105,東京都,文京区,千石,千石,7,70000000,２ＬＤＫ,55,2016年,ＲＣ,住宅,住宅,近隣商業,80.0,300.0,2023年第4四半期,未改装,,文京区,2023,4,2016.0,7.0,7.0,1272727.2727272727,240069,353648,147.31098
中古マンション等,不動産取引価格情報,13105,東京都,文京区,千石,千石,4,26000000,１Ｋ,15,1992年,ＲＣ,事務所,住宅,１中住専,60.0,300.0,2023年第4四半期,,,文京区,2023,4,1992.0,31.0,4.0,1733333.3333333333,240069,353648,147.31098
中古マンション等,不動産取引価格情報,13105,東京都,文京区,千石,千石,3,100000000,３ＬＤＫ,70,2019年,ＲＣ,住宅,住宅,商業,80.0,400.0,2023年第4四半期,,,文京区,2023,4,2019.0,4.0,3.0,1428571.4285714286,240069,353648,147.31098
中古マンション等,不動産取引価格情報,13105,東京都,文京区,千石,千石,11,90000000,２ＬＤＫ,65,2018年,ＲＣ,住宅,住宅,商業,80.0,400.0,2023年第4四半期,未改装,,文京区,2023,4,2018.0,5.0,11.0,1384615.3846153845,240069,353648,147.31098
中古マンション等,不動産取引価格情報,13105,東京都,文京区,千石,千石,3,110000000,３ＬＤＫ,80,2007年,ＲＣ,住宅,住宅,１中住専,60.0,300.0,2023年第4四半期,未改装,,文京区,2023,4,2007.0,16.0,3.0,1375000.0,240069,353648,147.31098
中古マンション等,不動産取引価格情報,13105,東京都,文京区,千石,千石,8,22000000,１Ｋ,20,2005年,ＲＣ,住宅,住宅,２種住居,60.0,400.0,2023年第3四半期,,,文京区,2023,3,2005.0,18.0,8.0,1100000.0,240069,353648,147.31098
中古マンション等,不動産取引価格情報,13105,東京都,文京区,千石,千石,4,27000000,１Ｋ,25,2013年,ＲＣ,住宅,,商業,80.0,600.0,2023年第3四半期,未改装,,文京区,2023,3,2013.0,10.0,4.0,1080000.0,240069,353648,147.31098
中古マンション等,不動産取引価格情報,13105,東京都,文京区,千石,千石,5,75000000,２ＬＤＫ,55,2011年,ＲＣ,住宅,住宅,商業,80.0,400.0,2023年第3四半期,,,文京区,2023,3,2011.0,12.0,5.0,1363636.3636363635,240069,353648,147.31098
中古マンション等,不動産取引価格情報,13105,東京都,文京区,千石,千石,11,93000000,,65,2018年,ＲＣ,住宅,住宅,商業,80.0,400.0,2023年第3四半期,未改装,,文京区,2023,3,2018.0,5.0,11.0,1430769.2307692308,240069,353648,147.31098
中古マンション等,不動産取引価格情報,13105,東京都,文京区,千石,千石,2,18000000,１Ｋ,15,1997年,ＳＲＣ,住宅,住宅,商業,80.0,600.0,2023年第3四半期,改装済み,,文京区,2023,3,1997.0,26.0,2.0,1200000.0,240069,353648,147.31098
中古マンション等,不動産取引価格情報,13105,東京都,文京区,千石,千石,5,77000000,３ＬＤＫ,85,1971年,ＳＲＣ,住宅,住宅,１中住専,60.0,300.0,2023年第3四半期,改装済み,,文京区,2023,3,1971.0,52.0,5.0,905882.3529411765,240069,353648,147.31098
中古マンション等,不動産取引価格情報,13105,東京都,文京区,千石,千石,4,64000000,１ＬＤＫ,45,2013年,ＲＣ,住宅,住宅,商業,80.0,600.0,2023年第3四半期,改装済み,,文京区,2023,3,2013.0,10.0,4.0,1422222.2222222222,240069,353648,147.31098
中古マンション等,不動産取引価格情報,13105,東京都,文京区,千石,千石,7,75000000,２ＬＤＫ,55,2016年,ＲＣ,住宅,住宅,近隣商業,80.0,300.0,2023年第2四半期,改装済み,,文京区,2023,2,2016.0,7.0,7.0,1363636.3636363635,240069,353648,147.31098
中古マンション等,不動産取引価格情報,13105,東京都,文京区,千石,千石,10,22000000,１ＤＫ,25,1971年,ＲＣ,住宅,住宅,２種住居,60.0,400.0,2023年第2四半期,未改装,,文京区,2023,2,1971.0,52.0,10.0,880000.0,240069,353648,147.31098
中古マンション等,不動産取引価格情報,13105,東京都,文京区,千石,千石,8,39000000,,40,1985年,ＲＣ,住宅,住宅,１中住専,60.0,200.0,2023年第2四半期,未改装,,文京区,2023,2,1985.0,38.0,8.0,975000.0,240069,353648,147.31098
中古マンション等,不動産取引価格情報,13105,東京都,文京区,千石,千石,3,90000000,３ＬＤＫ,65,2019年,ＲＣ,住宅,住宅,商業,80.0,400.0,2023年第2四半期,未改装,,文京区,2023,2,2019.0,4.0,3.0,1384615.3846153845,240069,353648,147.31098
中古マンション等,不動産取引価格情報,13105,東京都,文京区,千石,千石,9,80000000,３ＬＤＫ,70,1993年,ＲＣ,住宅,住宅,１中住専,60.0,200.0,2023年第2四半期,未改装,,文京区,2023,2,1993.0,30.0,9.0,1142857.142857143,240069,353648,147.31098
中古マンション等,不動産取引価格情報,13105,東京都,文京区,千石,千石,1,87000000,２ＬＤＫ,55,2012年,ＲＣ,住宅,住宅,商業,80.0,600.0,2023年第2四半期,未改装,,文京区,2023,2,2012.0,11.0,1.0,1581818.1818181819,240069,353648,147.31098
中古マンション等,不動産取引価格情報,13105,東京都,文京区,千石,千石,4,68000000,３ＬＤＫ,60,2006年,ＲＣ,住宅,住宅,１中住専,60.0,300.0,2023年第2四半期,未改装,,文京区,2023,2,2006.0,17.0,4.0,1133333.3333333333,240069,353648,147.31098
中古マンション等,不動産取引価格情報,13105,東京都,文京区,千石,千石,8,79000000,２ＬＤＫ,50,2016年,ＲＣ,住宅,住宅,近隣商業,80.0,300.0,2023年第2四半期,未改装,,文京区,2023,2,2016.0,7.0,8.0,1580000.0,240069,353648,147.31098
中古マンション等,不動産取引価格情報,13105,東京都,文京区,千石,千石,7,30000000,,35,2000年,ＲＣ,住宅,住宅,１中住専,60.0,200.0,2023年第2四半期,,,文京区,2023,2,2000.0,23.0,7.0,857142.8571428572,240069,353648,147.31098
中古マンション等,不動産取引価格情報,13105,東京都,文京区,千石,千石,9,56000000,２ＬＤＫ,45,2010年,ＲＣ,住宅,住宅,１中住専,60.0,200.0,2023年第1四半期,未改装,,文京区,2023,1,2010.0,13.0,9.0,1244444.4444444445,240069,353648,147.31098
中古マンション等,不動産取引価格情報,13105,東京都,文京区,千石,千石,4,82000000,３ＬＤＫ,70,2002年,ＳＲＣ,住宅,住宅,近隣商業,80.0,400.0,2023年第1四半期,未改装,,文京区,2023,1,2002.0,21.0,4.0,1171428.5714285714,240069,353648,147.31098
中古マンション等,不動産取引価格情報,13105,東京都,文京区,千石,千石,8,67000000,３ＬＤＫ,75,1985年,ＲＣ,,住宅,２種住居,60.0,400.0,2023年第1四半期,改装済み,,文京区,2023,1,1985.0,38.0,8.0,893333.3333333334,240069,353648,147.31098
中古マンション等,不動産取引価格情報,13105,東京都,文京区,千石,千石,3,33000000,,30,2003年,ＳＲＣ,住宅,住宅,商業,80.0,600.0,2023年第1四半期,改装済み,,文京区,2023,1,2003.0,20.0,3.0,1100000.0,240069,353648,147.31098
中古マンション等,不動産取引価格情報,13105,東京都,文京区,千石,千石,4,82000000,オープンフロア,75,1994年,ＳＲＣ,その他,その他,商業,80.0,400.0,2023年第1四半期,未改装,,文京区,2023,1,1994.0,29.0,4.0,1093333.3333333333,240069,353648,147.31098
中古マンション等,不動産取引価格情報,13105,東京都,文京区,千石,千石,6,29000000,１Ｒ,30,2007年,ＲＣ,住宅,住宅,商業,80.0,400.0,2023年第1四半期,未改装,,文京区,2023,1,2007.0,16.0,6.0,966666.6666666666,240069,353648,147.31098
中古マンション等,不動産取引価格情報,13105,東京都,文京区,千石,千石,3,98000000,３ＬＤＫ,70,2019年,ＲＣ,住宅,住宅,商業,80.0,400.0,2023年第1四半期,未改装,,文京区,2023,1,2019.0,4.0,3.0,1400000.0,240069,353648,147.31098
中古マンション等,不動産取引価格情報,13105,東京都,文京区,千石,千石,10,71000000,２ＬＤＫ,55,1999年,ＲＣ,住宅,住宅,１種住居,60.0,300.0,2022年第4四半期,改装済み,,文京区,2022,4,1999.0,23.0,10.0,1290909.0909090908,240069,353648,147.31098
中古マンション等,不動産取引価格情報,13105,東京都,文京区,千石,千石,13,17000000,１Ｋ,20,2001年,ＲＣ,住宅,住宅,近隣商業,80.0,400.0,2022年第4四半期,改装済み,,文京区,2022,4,2001.0,21.0,13.0,850000.0,240069,353648,147.31098
中古マンション等,不動産取引価格情報,13105,東京都,文京区,千石,千石,4,39000000,２ＬＤＫ,45,2013年,ＲＣ,住宅,住宅,商業,80.0,600.0,2022年第4四半期,未改装,,文京区,2022,4,2013.0,9.0,4.0,866666.6666666666,240069,353648,147.31098
中古マンション等,不動産取引価格情報,13105,東京都,文京区,千石,千石,13,19000000,１Ｋ,20,2001年,ＲＣ,住宅,住宅,近隣商業,80.0,400.0,2022年第4四半期,,,文京区,2022,4,2001.0,21.0,13.0,950000.0,240069,353648,147.31098
中古マンション等,不動産取引価格情報,13105,東京都,文京区,千石,千石,6,24000000,１Ｋ,20,2006年,ＲＣ,住宅,住宅,商業,80.0,400.0,2022年第4四半期,未改装,,文京区,2022,4,2006.0,16.0,6.0,1200000.0,240069,353648,147.31098
中古マンション等,不動産取引価格情報,13105,東京都,文京区,千石,千石,7,56000000,２ＬＤＫ,55,2000年,ＲＣ,,その他,１中住専,60.0,200.0,2022年第4四半期,未改装,,文京区,2022,4,2000.0,22.0,7.0,1018181.8181818182,240069,353648,147.31098
中古マンション等,不動産取引価格情報,13105,東京都,文京区,千石,千石,10,53000000,２ＬＤＫ,65,,ＲＣ,住宅,その他,２種住居,60.0,300.0,2022年第3四半期,,,文京区,2022,3,,,10.0,815384.6153846154,240069,353648,147.31098
中古マンション等,不動産取引価格情報,13105,東京都,文京区,千石,千石,13,20000000,１Ｋ,20,2001年,ＲＣ,住宅,住宅,近隣商業,80.0,400.0,2022年第3四半期,未改装,,文京区,2022,3,2001.0,21.0,13.0,1000000.0,240069,353648,147.31098
中古マンション等,不動産取引価格情報,13105,東京都,文京区,千石,千石,6,18000000,,20,2000年,ＲＣ,住宅,その他,商業,80.0,400.0,2022年第3四半期,,,文京区,2022,3,2000.0,22.0,6.0,900000.0,240069,353648,147.31098
中古マンション等,不動産取引価格情報,13105,東京都,文京区,千石,千石,8,77000000,２ＬＤＫ,55,2016年,ＲＣ,住宅,住宅,近隣商業,80.0,300.0,2022年第3四半期,未改装,,文京区,2022,3,2016.0,6.0,8.0,1400000.0,240069,353648,147.31098
中古マンション等,不動産取引価格情報,13105,東京都,文京区,千石,千石,1,28000000,１Ｋ,25,2004年,ＲＣ,住宅,,商業,,,2022年第3四半期,未改装,,文京区,2022,3,2004.0,18.0,1.0,1120000.0,240069,353648,147.31098
中古マンション等,不動産取引価格情報,13105,東京都,文京区,千石,千石,0,28000000,,25,2004年,ＳＲＣ,,住宅,近隣商業,80.0,400.0,2022年第3四半期,未改装,,文京区,2022,3,2004.0,18.0,0.0,1120000.0,240069,353648,147.31098
中古マンション等,不動産取引価格情報,13105,東京都,文京区,千石,千石,13,74000000,２ＬＤＫ,50,2001年,ＲＣ,住宅,住宅,近隣商業,80.0,400.0,2022年第3四半期,未改装,,文京区,2022,3,2001.0,21.0,13.0,1480000.0,240069,353648,147.31098
中古マンション等,不動産取引価格情報,13105,東京都,文京区,千石,千石,2,65000000,２ＬＤＫ,55,1999年,ＳＲＣ,住宅,住宅,商業,80.0,400.0,2022年第3四半期,改装済み,,文京区,2022,3,1999.0,23.0,2.0,1181818.1818181819,240069,353648,147.31098
中古マンション等,不動産取引価格情報,13105,東京都,文京区,千石,千石,6,27000000,１Ｒ,30,2007年,ＲＣ,住宅,その他,商業,80.0,400.0,2022年第3四半期,未改装,,文京区,2022,3,2007.0,15.0,6.0,900000.0,240069,353648,147.31098
中古マンション等,不動産取引価格情報,13105,東京都,文京区,千石,千石,12,25000000,１ＤＫ,30,1998年,ＳＲＣ,住宅,住宅,準工業,60.0,400.0,2022年第2四半期,未改装,,文京区,2022,2,1998.0,24.0,12.0,833333.3333333334,240069,353648,147.31098
中古マンション等,不動産取引価格情報,13105,東京都,文京区,千石,千石,9,51000000,１ＬＤＫ,50,1993年,ＲＣ,住宅,住宅,１中住専,60.0,200.0,2022年第2四半期,改装済み,,文京区,2022,2,1993.0,29.0,9.0,1020000.0,240069,353648,147.31098
中古マンション等,不動産取引価格情報,13105,東京都,文京区,千石,千石,6,29000000,１Ｋ,30,2007年,ＲＣ,,,商業,80.0,400.0,2022年第2四半期,,,文京区,2022,2,2007.0,15.0,6.0,966666.6666666666,240069,353648,147.31098
中古マンション等,不動産取引価格情報,13105,東京都,文京区,千石,千石,13,16000000,１Ｋ,20,2001年,ＲＣ,住宅,住宅,近隣商業,80.0,400.0,2022年第2四半期,未改装,,文京区,2022,2,2001.0,21.0,13.0,800000.0,240069,353648,147.31098
中古マンション等,不動産取引価格情報,13105,東京都,文京区,千石,千石,8,50000000,３ＬＤＫ,75,1985年,ＲＣ,住宅,住宅,２種住居,60.0,400.0,2022年第2四半期,未改装,,文京区,2022,2,1985.0,37.0,8.0,666666.6666666666,240069,353648,147.31098
中古マンション等,不動産取引価格情報,13105,東京都,文京区,千石,千石,8,57000000,１ＤＫ,50,1994年,ＲＣ,住宅,住宅,１種住居,60.0,300.0,2022年第2四半期,改装済み,,文京区,2022,2,1994.0,28.0,8.0,1140000.0,240069,353648,147.31098
中古マンション等,不動産取引価格情報,13105,東京都,文京区,千石,千石,5,45000000,３ＬＤＫ,80,1971年,ＳＲＣ,住宅,住宅,１中住専,60.0,300.0,2022年第2四半期,未改装,,文京区,2022,2,1971.0,51.0,5.0,562500.0,240069,353648,147.31098
中古マンション等,不動産取引価格情報,13105,東京都,文京区,千石,千石,10,97000000,３ＬＤＫ,75,2006年,ＲＣ,住宅,住宅,１中住専,60.0,200.0,2022年第1四半期,改装済み,,文京区,2022,1,2006.0,16.0,10.0,1293333.3333333333,240069,353648,147.31098
中古マンション等,不動産取引価格情報,13105,東京都,文京区,千石,千石,2,17000000,１Ｋ,15,1997年,ＳＲＣ,,住宅,商業,80.0,600.0,2022年第1四半期,未改装,,文京区,2022,1,1997.0,25.0,2.0,1133333.3333333333,240069,353648,147.31098
中古マンション等,不動産取引価格情報,13105,東京都,文京区,千石,千石,1,94000000,３ＬＤＫ,65,2012年,ＲＣ,,住宅,商業,80.0,600.0,2022年第1四半期,未改装,,文京区,2022,1,2012.0,10.0,1.0,1446153.8461538462,240069,353648,147.31098
中古マンション等,不動産取引価格情報,13105,東京都,文京区,千石,千石,4,74000000,２ＬＤＫ,65,2002年,ＳＲＣ,住宅,住宅,近隣商業,80.0,400.0,2022年第1四半期,未改装,,文京区,2022,1,2002.0,20.0,4.0,1138461.5384615385,240069,353648,147.31098
中古マンション等,不動産取引価格情報,13105,東京都,文京区,千石,千石,8,58000000,３ＬＤＫ,65,1985年,ＲＣ,住宅,住宅,１中住専,60.0,200.0,2021年第4四半期,改装済み,,文京区,2021,4,1985.0,36.0,8.0,892307.6923076923,240069,353648,147.31098
中古マンション等,不動産取引価格情報,13105,東京都,文京区,千石,千石,10,76000000,２ＬＤＫ,65,1999年,ＲＣ,住宅,住宅,１種住居,60.0,300.0,2021年第4四半期,改装済み,,文京区,2021,4,1999.0,22.0,10.0,1169230.7692307692,240069,353648,147.31098
中古マンション等,不動産取引価格情報,13105,東京都,文京区,千石,千石,8,19000000,１Ｋ,20,1998年,ＲＣ,住宅,住宅,商業,80.0,400.0,2021年第4四半期,改装済み,,文京区,2021,4,1998.0,23.0,8.0,950000.0,240069,353648,147.31098
中古マンション等,不動産取引価格情報,13105,東京都,文京区,千石,千石,1,150000000,,80,2012年,ＲＣ,,店舗,商業,80.0,600.0,2021年第4四半期,未改装,,文京区,2021,4,2012.0,9.0,1.0,1875000.0,240069,353648,147.31098
中古マンション等,不動産取引価格情報,13105,東京都,文京区,千石,千石,9,88000000,２ＬＤＫ,70,2017年,ＲＣ,住宅,住宅,２種住居,60.0,400.0,2021年第4四半期,未改装,,文京区,2021,4,2017.0,4.0,9.0,1257142.857142857,240069,353648,147.31098
中古マンション等,不動産取引価格情報,13105,東京都,文京区,千石,千石,1,86000000,３ＬＤＫ,70,2012年,ＲＣ,,住宅,商業,80.0,600.0,2021年第4四半期,,,文京区,2021,4,2012.0,9.0,1.0,1228571.4285714286,240069,353648,147.31098
中古マンション等,不動産取引価格情報,13105,東京都,文京区,千石,千石,8,43000000,１ＬＤＫ＋Ｓ,40,1985年,ＲＣ,住宅,住宅,１中住専,60.0,200.0,2021年第3四半期,改装済み,,文京区,2021,3,1985.0,36.0,8.0,1075000.0,240069,353648,147.31098
中古マンション等,不動産取引価格情報,13105,東京都,文京区,千石,千石,8,8800000,１Ｋ,15,1992年,ＲＣ,住宅,住宅,１中住専,60.0,300.0,2021年第3四半期,未改装,,文京区,2021,3,1992.0,29.0,8.0,586666.6666666666,240069,353648,147.31098
中古マンション等,不動産取引価格情報,13105,東京都,文京区,千石,千石,4,26000000,１Ｋ,35,2013年,ＲＣ,住宅,,商業,80.0,600.0,2021年第3四半期,改装済み,,文京区,2021,3,2013.0,8.0,4.0,742857.1428571428,240069,353648,147.31098
中古マンション等,不動産取引価格情報,13105,東京都,文京区,千石,千石,8,57000000,,65,1994年,ＲＣ,,住宅,１種住居,60.0,300.0,2021年第3四半期,,,文京区,2021,3,1994.0,27.0,8.0,876923.0769230769,240069,353648,147.31098
中古マンション等,不動産取引価格情報,13105,東京都,文京区,千石,千石,9,62000000,２ＬＤＫ,65,1993年,ＲＣ,住宅,住宅,１中住専,60.0,200.0,2021年第3四半期,未改装,,文京区,2021,3,1993.0,28.0,9.0,953846.1538461539,240069,353648,147.31098
中古マンション等,不動産取引価格情報,13105,東京都,文京区,千石,千石,11,41000000,１ＬＤＫ,35,2018年,ＲＣ,住宅,住宅,商業,80.0,400.0,2021年第3四半期,未改装,,文京区,2021,3,2018.0,3.0,11.0,1171428.5714285714,240069,353648,147.31098
中古マンション等,不動産取引価格情報,13105,東京都,文京区,千石,千石,8,57000000,３ＬＤＫ,55,1985年,ＲＣ,住宅,住宅,１中住専,60.0,200.0,2021年第3四半期,改装済み,,文京区,2021,3,1985.0,36.0,8.0,1036363.6363636364,240069,353648,147.31098
中古マンション等,不動産取引価格情報,13105,東京都,文京区,千石,千石,6,29000000,１Ｋ,30,2007年,ＲＣ,住宅,住宅,商業,80.0,400.0,2021年第3四半期,未改装,,文京区,2021,3,2007.0,14.0,6.0,966666.6666666666,240069,353648,147.31098
中古マンション等,不動産取引価格情報,13105,東京都,文京区,千石,千石,11,61000000,２ＬＤＫ,50,2016年,ＲＣ,,住宅,商業,80.0,400.0,2021年第3四半期,未改装,,文京区,2021,3,2016.0,5.0,11.0,1220000.0,240069,353648,147.31098
中古マンション等,不動産取引価格情報,13105,東京都,文京区,千石,千石,1,45000000,２ＤＫ,50,1998年,ＳＲＣ,住宅,住宅,近隣商業,80.0,400.0,2021年第3四半期,未改装,,文京区,2021,3,1998.0,23.0,1.0,900000.0,240069,353648,147.31098
中古マンション等,不動産取引価格情報,13105,東京都,文京区,千石,千石,13,21000000,,25,2001年,ＲＣ,住宅,住宅,近隣商業,80.0,400.0,2021年第2四半期,改装済み,,文京区,2021,2,2001.0,20.0,13.0,840000.0,240069,353648,147.31098
中古マンション等,不動産取引価格情報,13105,東京都,文京区,千石,千石,10,94000000,３ＬＤＫ,75,1999年,ＲＣ,住宅,住宅,１種住居,60.0,300.0,2021年第2四半期,改装済み,,文京区,2021,2,1999.0,22.0,10.0,1253333.3333333333,240069,353648,147.31098
中古マンション等,不動産取引価格情報,13105,東京都,文京区,千石,千石,9,66000000,２ＬＤＫ,50,2017年,ＲＣ,住宅,住宅,２種住居,60.0,400.0,2021年第2四半期,未改装,,文京区,2021,2,2017.0,4.0,9.0,1320000.0,240069,353648,147.31098
中古マンション等,不動産取引価格情報,13105,東京都,文京区,千石,千石,7,32000000,１ＬＤＫ,35,2000年,ＲＣ,住宅,住宅,１中住専,60.0,200.0,2021年第2四半期,未改装,,文京区,2021,2,2000.0,21.0,7.0,914285.7142857143,240069,353648,147.31098
中古マンション等,不動産取引価格情報,13105,東京都,文京区,千石,千石,9,50000000,,55,1995年,ＲＣ,住宅,住宅,２種住居,60.0,400.0,2021年第2四半期,未改装,,文京区,2021,2,1995.0,26.0,9.0,909090.9090909091,240069,353648,147.31098
中古マンション等,不動産取引価格情報,13105,東京都,文京区,千石,千石,4,33000000,１ＬＤＫ,35,2004年,ＳＲＣ,,住宅,商業,80.0,400.0,2021年第1四半期,,,文京区,2021,1,2004.0,17.0,4.0,942857.1428571428,240069,353648,147.31098
中古マンション等,不動産取引価格情報,13105,東京都,文京区,千石,千石,8,53000000,１ＬＤＫ,55,1999年,ＲＣ,住宅,住宅,近隣商業,80.0,300.0,2021年第1四半期,,,文京区,2021,1,1999.0,22.0,8.0,963636.3636363636,240069,353648,147.31098
中古マンション等,不動産取引価格情報,13105,東京都,文京区,千石,千石,5,51000000,２ＬＤＫ,55,2011年,ＲＣ,住宅,住宅,商業,80.0,400.0,2021年第1四半期,未改装,,文京区,2021,1,2011.0,10.0,5.0,927272.7272727273,240069,353648,147.31098
中古マンション等,不動産取引価格情報,13105,東京都,文京区,千石,千石,4,23000000,１Ｋ,25,2013年,ＲＣ,住宅,住宅,商業,80.0,600.0,2021年第1四半期,未改装,,文京区,2021,1,2013.0,8.0,4.0,920000.0,240069,353648,147.31098
中古マンション等,不動産取引価格情報,13105,東京都,文京区,千石,茗荷谷,10,56000000,１ＬＤＫ,55,2008年,ＲＣ,住宅,住宅,１種住居,60.0,300.0,2025年第2四半期,未改装,,文京区,2025,2,2008.0,17.0,10.0,1018181.8181818182,240069,353648,147.31098
中古マンション等,不動産取引価格情報,13105,東京都,文京区,千石,茗荷谷,10,160000000,３ＬＤＫ,70,2015年,ＲＣ,住宅,住宅,１低住専,60.0,150.0,2024年第4四半期,未改装,,文京区,2024,4,2015.0,9.0,10.0,2285714.285714286,240069,353648,147.31098
中古マンション等,不動産取引価格情報,13105,東京都,文京区,千石,茗荷谷,10,190000000,４ＬＤＫ,95,2015年,ＲＣ,住宅,,１低住専,60.0,150.0,2024年第4四半期,未改装,,文京区,2024,4,2015.0,9.0,10.0,2000000.0,240069,353648,147.31098
中古マンション等,不動産取引価格情報,13105,東京都,文京区,千石,茗荷谷,10,130000000,２ＬＤＫ,70,2015年,ＲＣ,住宅,住宅,１低住専,60.0,150.0,2024年第1四半期,未改装,,文京区,2024,1,2015.0,9.0,10.0,1857142.857142857,240069,353648,147.31098
中古マンション等,不動産取引価格情報,13105,東京都,文京区,千石,茗荷谷,9,43000000,２ＬＤＫ,45,1996年,ＲＣ,住宅,その他,準工業,60.0,400.0,2023年第2四半期,未改装,,文京区,2023,2,1996.0,27.0,9.0,955555.5555555555,240069,353648,147.31098
中古マンション等,不動産取引価格情報,13105,東京都,文京区,千石,茗荷谷,10,110000000,２ＬＤＫ,65,2015年,ＲＣ,住宅,住宅,１低住専,60.0,150.0,2023年第1四半期,未改装,,文京区,2023,1,2015.0,8.0,10.0,1692307.6923076923,240069,353648,147.31098
中古マンション等,不動産取引価格情報,13105,東京都,文京区,千石,茗荷谷,10,160000000,３ＬＤＫ,85,2015年,ＲＣ,住宅,住宅,１低住専,60.0,150.0,2022年第4四半期,未改装,,文京区,2022,4,2015.0,7.0,10.0,1882352.9411764706,240069,353648,147.31098
中古マンション等,不動産取引価格情報,13105,東京都,文京区,千石,茗荷谷,9,52000000,１ＬＤＫ,45,2014年,ＲＣ,住宅,住宅,準工業,60.0,400.0,2022年第3四半期,改装済み,,文京区,2022,3,2014.0,8.0,9.0,1155555.5555555555,240069,353648,147.31098
中古マンション等,不動産取引価格情報,13105,東京都,文京区,千石,茗荷谷,9,66000000,２ＬＤＫ,55,2014年,ＲＣ,住宅,住宅,準工業,60.0,400.0,2022年第1四半期,未改装,,文京区,2022,1,2014.0,8.0,9.0,1200000.0,240069,353648,147.31098
中古マンション等,不動産取引価格情報,13105,東京都,文京区,千石,茗荷谷,9,49000000,１ＬＤＫ,45,2016年,ＲＣ,住宅,住宅,準工業,60.0,400.0,2021年第2四半期,未改装,,文京区,2021,2,2016.0,5.0,9.0,1088888.888888889,240069,353648,147.31098
中古マンション等,不動産取引価格情報,13105,東京都,文京区,千駄木,千駄木,5,92000000,２ＬＤＫ,55,1998年,ＲＣ,,住宅,近隣商業,80.0,400.0,2025年第3四半期,改装済み,,文京区,2025,3,1998.0,27.0,5.0,1672727.2727272727,240069,353648,147.31098
中古マンション等,不動産取引価格情報,13105,東京都,文京区,千駄木,千駄木,1,19000000,１Ｋ,20,1993年,ＳＲＣ,,住宅,近隣商業,80.0,400.0,2025年第3四半期,未改装,,文京区,2025,3,1993.0,32.0,1.0,950000.0,240069,353648,147.31098
中古マンション等,不動産取引価格情報,13105,東京都,文京区,千駄木,千駄木,5,16000000,１Ｋ,15,1988年,ＲＣ,,住宅,近隣商業,80.0,300.0,2025年第3四半期,未改装,,文京区,2025,3,1988.0,37.0,5.0,1066666.6666666667,240069,353648,147.31098
中古マンション等,不動産取引価格情報,13105,東京都,文京区,千駄木,千駄木,1,27000000,１ＬＤＫ,35,1984年,ＳＲＣ,住宅,住宅,商業,80.0,500.0,2025年第2四半期,未改装,,文京区,2025,2,1984.0,41.0,1.0,771428.5714285715,240069,353648,147.31098
中古マンション等,不動産取引価格情報,13105,東京都,文京区,千駄木,千駄木,1,76000000,２ＬＤＫ,70,1989年,ＳＲＣ,住宅,住宅,商業,80.0,500.0,2025年第2四半期,未改装,,文京区,2025,2,1989.0,36.0,1.0,1085714.2857142857,240069,353648,147.31098
中古マンション等,不動産取引価格情報,13105,東京都,文京区,千駄木,千駄木,4,120000000,３ＬＤＫ,105,1988年,ＲＣ,住宅,住宅,１中住専,60.0,200.0,2025年第2四半期,未改装,,文京区,2025,2,1988.0,37.0,4.0,1142857.142857143,240069,353648,147.31098
中古マンション等,不動産取引価格情報,13105,東京都,文京区,千駄木,千駄木,5,95000000,２ＬＤＫ,55,2017年,ＲＣ,,住宅,商業,80.0,600.0,2025年第2四半期,未改装,,文京区,2025,2,2017.0,8.0,5.0,1727272.7272727273,240069,353648,147.31098
中古マンション等,不動産取引価格情報,13105,東京都,文京区,千駄木,千駄木,0,49000000,２ＤＫ,45,1983年,ＳＲＣ,,住宅,商業,80.0,500.0,2025年第2四半期,未改装,,文京区,2025,2,1983.0,42.0,0.0,1088888.888888889,240069,353648,147.31098
中古マンション等,不動産取引価格情報,13105,東京都,文京区,千駄木,千駄木,9,34000000,１ＬＤＫ,50,1994年,ＳＲＣ,住宅,住宅,商業,80.0,600.0,2025年第1四半期,改装済み,,文京区,2025,1,1994.0,31.0,9.0,680000.0,240069,353648,147.31098
中古マンション等,不動産取引価格情報,13105,東京都,文京区,千駄木,千駄木,3,24000000,２ＤＫ,30,1977年,ＳＲＣ,住宅,住宅,近隣商業,80.0,400.0,2025年第1四半期,未改装,,文京区,2025,1,1977.0,48.0,3.0,800000.0,240069,353648,147.31098
中古マンション等,不動産取引価格情報,13105,東京都,文京区,千駄木,千駄木,5,30000000,,30,1998年,ＳＲＣ,住宅,住宅,商業,80.0,600.0,2025年第1四半期,未改装,,文京区,2025,1,1998.0,27.0,5.0,1000000.0,240069,353648,147.31098
中古マンション等,不動産取引価格情報,13105,東京都,文京区,千駄木,千駄木,9,54000000,１ＬＤＫ,45,2007年,ＲＣ,住宅,住宅,商業,80.0,600.0,2025年第1四半期,未改装,,文京区,2025,1,2007.0,18.0,9.0,1200000.0,240069,353648,147.31098
中古マンション等,不動産取引価格情報,13105,東京都,文京区,千駄木,千駄木,5,76000000,２ＬＤＫ,50,1986年,ＳＲＣ,住宅,住宅,商業,80.0,500.0,2025年第1四半期,改装済み,,文京区,2025,1,1986.0,39.0,5.0,1520000.0,240069,353648,147.31098
中古マンション等,不動産取引価格情報,13105,東京都,文京区,千駄木,千駄木,2,32000000,２ＤＫ,40,1991年,ＳＲＣ,,その他,商業,80.0,600.0,2025年第1四半期,,,文京区,2025,1,1991.0,34.0,2.0,800000.0,240069,353648,147.31098
中古マンション等,不動産取引価格情報,13105,東京都,文京区,千駄木,千駄木,1,23000000,１Ｋ,20,2003年,ＳＲＣ,住宅,住宅,商業,80.0,500.0,2024年第4四半期,未改装,,文京区,2024,4,2003.0,21.0,1.0,1150000.0,240069,353648,147.31098
中古マンション等,不動産取引価格情報,13105,東京都,文京区,千駄木,千駄木,4,57000000,オープンフロア,50,1997年,ＳＲＣ,店舗,店舗,商業,80.0,600.0,2024年第4四半期,,,文京区,2024,4,1997.0,27.0,4.0,1140000.0,240069,353648,147.31098
中古マンション等,不動産取引価格情報,13105,東京都,文京区,千駄木,千駄木,5,70000000,２ＬＤＫ,50,1995年,ＳＲＣ,住宅,住宅,商業,80.0,600.0,2024年第4四半期,改装済み,,文京区,2024,4,1995.0,29.0,5.0,1400000.0,240069,353648,147.31098
中古マンション等,不動産取引価格情報,13105,東京都,文京区,千駄木,千駄木,1,38000000,１ＬＤＫ,40,1993年,ＳＲＣ,住宅,住宅,近隣商業,80.0,400.0,2024年第4四半期,未改装,,文京区,2024,4,1993.0,31.0,1.0,950000.0,240069,353648,147.31098
中古マンション等,不動産取引価格情報,13105,東京都,文京区,千駄木,千駄木,1,24000000,１Ｋ,20,2003年,ＳＲＣ,住宅,住宅,商業,80.0,500.0,2024年第4四半期,,,文京区,2024,4,2003.0,21.0,1.0,1200000.0,240069,353648,147.31098
中古マンション等,不動産取引価格情報,13105,東京都,文京区,千駄木,千駄木,5,48000000,１ＤＫ,35,1990年,ＳＲＣ,住宅,住宅,商業,80.0,600.0,2024年第4四半期,改装済み,,文京区,2024,4,1990.0,34.0,5.0,1371428.5714285714,240069,353648,147.31098
中古マンション等,不動産取引価格情報,13105,東京都,文京区,千駄木,千駄木,9,63000000,２ＬＤＫ,50,1994年,ＳＲＣ,住宅,住宅,商業,80.0,600.0,2024年第4四半期,改装済み,,文京区,2024,4,1994.0,30.0,9.0,1260000.0,240069,353648,147.31098
中古マンション等,不動産取引価格情報,13105,東京都,文京区,千駄木,千駄木,6,38000000,１ＤＫ,40,1999年,ＳＲＣ,住宅,住宅,商業,80.0,600.0,2024年第3四半期,未改装,,文京区,2024,3,1999.0,25.0,6.0,950000.0,240069,353648,147.31098
中古マンション等,不動産取引価格情報,13105,東京都,文京区,千駄木,千駄木,9,55000000,３ＬＤＫ,50,2001年,ＳＲＣ,,住宅,商業,80.0,600.0,2024年第3四半期,未改装,,文京区,2024,3,2001.0,23.0,9.0,1100000.0,240069,353648,147.31098
中古マンション等,不動産取引価格情報,13105,東京都,文京区,千駄木,千駄木,9,37000000,１ＤＫ,35,1994年,ＳＲＣ,住宅,住宅,商業,80.0,600.0,2024年第3四半期,未改装,,文京区,2024,3,1994.0,30.0,9.0,1057142.857142857,240069,353648,147.31098
中古マンション等,不動産取引価格情報,13105,東京都,文京区,千駄木,千駄木,1,25000000,１Ｋ,20,1995年,ＳＲＣ,住宅,住宅,商業,80.0,600.0,2024年第3四半期,改装済み,,文京区,2024,3,1995.0,29.0,1.0,1250000.0,240069,353648,147.31098
中古マンション等,不動産取引価格情報,13105,東京都,文京区,千駄木,千駄木,11,17000000,１Ｋ,15,1994年,ＳＲＣ,住宅,住宅,商業,80.0,600.0,2024年第3四半期,改装済み,,文京区,2024,3,1994.0,30.0,11.0,1133333.3333333333,240069,353648,147.31098
中古マンション等,不動産取引価格情報,13105,東京都,文京区,千駄木,千駄木,1,24000000,１Ｋ,20,2003年,ＳＲＣ,住宅,住宅,商業,80.0,500.0,2024年第3四半期,未改装,,文京区,2024,3,2003.0,21.0,1.0,1200000.0,240069,353648,147.31098
中古マンション等,不動産取引価格情報,13105,東京都,文京区,千駄木,千駄木,2,62000000,２ＬＤＫ,50,1997年,ＲＣ,住宅,住宅,近隣商業,80.0,300.0,2024年第3四半期,未改装,,文京区,2024,3,1997.0,27.0,2.0,1240000.0,240069,353648,147.31098
中古マンション等,不動産取引価格情報,13105,東京都,文京区,千駄木,千駄木,1,28000000,１Ｋ,30,2002年,ＳＲＣ,住宅,住宅,商業,80.0,500.0,2024年第3四半期,,,文京区,2024,3,2002.0,22.0,1.0,933333.3333333334,240069,353648,147.31098
中古マンション等,不動産取引価格情報,13105,東京都,文京区,千駄木,千駄木,4,76000000,２ＬＤＫ,50,2019年,ＲＣ,住宅,住宅,近隣商業,80.0,300.0,2024年第3四半期,未改装,,文京区,2024,3,2019.0,5.0,4.0,1520000.0,240069,353648,147.31098
中古マンション等,不動産取引価格情報,13105,東京都,文京区,千駄木,千駄木,4,88000000,２ＬＤＫ,70,1997年,ＳＲＣ,住宅,住宅,商業,80.0,600.0,2024年第2四半期,未改装,,文京区,2024,2,1997.0,27.0,4.0,1257142.857142857,240069,353648,147.31098
中古マンション等,不動産取引価格情報,13105,東京都,文京区,千駄木,千駄木,1,21000000,１Ｋ,20,1995年,ＳＲＣ,住宅,住宅,商業,80.0,600.0,2024年第2四半期,未改装,,文京区,2024,2,1995.0,29.0,1.0,1050000.0,240069,353648,147.31098
中古マンション等,不動産取引価格情報,13105,東京都,文京区,千駄木,千駄木,8,13000000,,15,1977年,ＳＲＣ,住宅,住宅,商業,80.0,600.0,2024年第2四半期,未改装,,文京区,2024,2,1977.0,47.0,8.0,866666.6666666666,240069,353648,147.31098
中古マンション等,不動産取引価格情報,13105,東京都,文京区,千駄木,千駄木,5,69000000,２ＬＤＫ,50,2012年,ＲＣ,住宅,住宅,商業,80.0,500.0,2024年第2四半期,未改装,,文京区,2024,2,2012.0,12.0,5.0,1380000.0,240069,353648,147.31098
中古マンション等,不動産取引価格情報,13105,東京都,文京区,千駄木,千駄木,5,80000000,２ＬＤＫ,55,2017年,ＲＣ,住宅,住宅,商業,80.0,600.0,2024年第2四半期,未改装,,文京区,2024,2,2017.0,7.0,5.0,1454545.4545454546,240069,353648,147.31098
中古マンション等,不動産取引価格情報,13105,東京都,文京区,千駄木,千駄木,5,66000000,オープンフロア,55,1998年,ＳＲＣ,店舗,店舗,商業,80.0,600.0,2024年第2四半期,未改装,,文京区,2024,2,1998.0,26.0,5.0,1200000.0,240069,353648,147.31098
中古マンション等,不動産取引価格情報,13105,東京都,文京区,千駄木,千駄木,2,54000000,２ＬＤＫ,45,1997年,ＲＣ,住宅,住宅,近隣商業,80.0,300.0,2024年第2四半期,改装済み,,文京区,2024,2,1997.0,27.0,2.0,1200000.0,240069,353648,147.31098
中古マンション等,不動産取引価格情報,13105,東京都,文京区,千駄木,千駄木,1,24000000,,30,1996年,ＳＲＣ,住宅,,近隣商業,80.0,400.0,2024年第2四半期,,,文京区,2024,2,1996.0,28.0,1.0,800000.0,240069,353648,147.31098
中古マンション等,不動産取引価格情報,13105,東京都,文京区,千駄木,千駄木,4,32000000,１Ｋ,25,2018年,,,住宅,商業,80.0,500.0,2024年第1四半期,未改装,,文京区,2024,1,2018.0,6.0,4.0,1280000.0,240069,353648,147.31098
中古マンション等,不動産取引価格情報,13105,東京都,文京区,千駄木,千駄木,1,23000000,１Ｋ,20,2006年,ＳＲＣ,住宅,住宅,商業,80.0,600.0,2024年第1四半期,未改装,,文京区,2024,1,2006.0,18.0,1.0,1150000.0,240069,353648,147.31098
中古マンション等,不動産取引価格情報,13105,東京都,文京区,千駄木,千駄木,5,54000000,オープンフロア,55,1998年,ＳＲＣ,事務所、店舗,その他,商業,80.0,600.0,2024年第1四半期,,,文京区,2024,1,1998.0,26.0,5.0,981818.1818181818,240069,353648,147.31098
中古マンション等,不動産取引価格情報,13105,東京都,文京区,千駄木,千駄木,9,50000000,１ＬＤＫ,35,2015年,ＲＣ,住宅,住宅,商業,80.0,600.0,2024年第1四半期,未改装,,文京区,2024,1,2015.0,9.0,9.0,1428571.4285714286,240069,353648,147.31098
中古マンション等,不動産取引価格情報,13105,東京都,文京区,千駄木,千駄木,10,35000000,２ＤＫ,35,1983年,ＳＲＣ,事務所,事務所,商業,80.0,600.0,2024年第1四半期,未改装,,文京区,2024,1,1983.0,41.0,10.0,1000000.0,240069,353648,147.31098
中古マンション等,不動産取引価格情報,13105,東京都,文京区,千駄木,千駄木,8,68000000,２ＬＤＫ,75,1989年,ＲＣ,住宅,住宅,１中住専,60.0,200.0,2023年第4四半期,改装済み,,文京区,2023,4,1989.0,34.0,8.0,906666.6666666666,240069,353648,147.31098
中古マンション等,不動産取引価格情報,13105,東京都,文京区,千駄木,千駄木,4,54000000,２ＬＤＫ,50,1985年,ＲＣ,住宅,住宅,近隣商業,80.0,400.0,2023年第4四半期,改装済み,,文京区,2023,4,1985.0,38.0,4.0,1080000.0,240069,353648,147.31098
中古マンション等,不動産取引価格情報,13105,東京都,文京区,千駄木,千駄木,2,67000000,２ＬＤＫ,50,1987年,ＳＲＣ,住宅,住宅,商業,80.0,600.0,2023年第4四半期,改装済み,,文京区,2023,4,1987.0,36.0,2.0,1340000.0,240069,353648,147.31098
中古マンション等,不動産取引価格情報,13105,東京都,文京区,千駄木,千駄木,12,21000000,１Ｒ,20,,ＲＣ,住宅,住宅,商業,80.0,500.0,2023年第4四半期,未改装,,文京区,2023,4,,,12.0,1050000.0,240069,353648,147.31098
中古マンション等,不動産取引価格情報,13105,東京都,文京区,千駄木,千駄木,11,59000000,２ＬＤＫ,50,2005年,ＲＣ,住宅,住宅,商業,80.0,600.0,2023年第4四半期,未改装,,文京区,2023,4,2005.0,18.0,11.0,1180000.0,240069,353648,147.31098
中古マンション等,不動産取引価格情報,13105,東京都,文京区,千駄木,千駄木,9,49000000,１ＬＤＫ,40,2015年,ＲＣ,住宅,住宅,商業,80.0,600.0,2023年第4四半期,未改装,,文京区,2023,4,2015.0,8.0,9.0,1225000.0,240069,353648,147.31098
中古マンション等,不動産取引価格情報,13105,東京都,文京区,千駄木,千駄木,1,26000000,１ＤＫ,30,1984年,ＳＲＣ,住宅,住宅,商業,80.0,500.0,2023年第4四半期,改装済み,,文京区,2023,4,1984.0,39.0,1.0,866666.6666666666,240069,353648,147.31098
中古マンション等,不動産取引価格情報,13105,東京都,文京区,千駄木,千駄木,1,46000000,１ＬＤＫ,50,1995年,ＳＲＣ,住宅,住宅,商業,80.0,600.0,2023年第4四半期,未改装,,文京区,2023,4,1995.0,28.0,1.0,920000.0,240069,353648,147.31098
中古マンション等,不動産取引価格情報,13105,東京都,文京区,千駄木,千駄木,9,33000000,１Ｋ,30,2015年,ＲＣ,住宅,住宅,商業,80.0,600.0,2023年第3四半期,未改装,,文京区,2023,3,2015.0,8.0,9.0,1100000.0,240069,353648,147.31098
中古マンション等,不動産取引価格情報,13105,東京都,文京区,千駄木,千駄木,1,36000000,１Ｋ,30,2002年,ＳＲＣ,住宅,住宅,商業,80.0,500.0,2023年第3四半期,未改装,,文京区,2023,3,2002.0,21.0,1.0,1200000.0,240069,353648,147.31098
中古マンション等,不動産取引価格情報,13105,東京都,文京区,千駄木,千駄木,11,15000000,１ＤＫ,15,1994年,ＳＲＣ,住宅,住宅,商業,80.0,600.0,2023年第3四半期,改装済み,,文京区,2023,3,1994.0,29.0,11.0,1000000.0,240069,353648,147.31098
中古マンション等,不動産取引価格情報,13105,東京都,文京区,千駄木,千駄木,2,35000000,１ＤＫ,30,1987年,ＲＣ,住宅,住宅,商業,80.0,500.0,2023年第3四半期,改装済み,,文京区,2023,3,1987.0,36.0,2.0,1166666.6666666667,240069,353648,147.31098
中古マンション等,不動産取引価格情報,13105,東京都,文京区,千駄木,千駄木,1,23000000,１Ｋ,20,2003年,ＳＲＣ,住宅,住宅,商業,80.0,500.0,2023年第3四半期,,,文京区,2023,3,2003.0,20.0,1.0,1150000.0,240069,353648,147.31098
中古マンション等,不動産取引価格情報,13105,東京都,文京区,千駄木,千駄木,8,10000000,１Ｋ,15,1977年,ＳＲＣ,住宅,住宅,商業,80.0,600.0,2023年第3四半期,未改装,,文京区,2023,3,1977.0,46.0,8.0,666666.6666666666,240069,353648,147.31098
中古マンション等,不動産取引価格情報,13105,東京都,文京区,千駄木,千駄木,5,21000000,１Ｋ,20,1998年,ＳＲＣ,住宅,住宅,商業,80.0,600.0,2023年第3四半期,,,文京区,2023,3,1998.0,25.0,5.0,1050000.0,240069,353648,147.31098
中古マンション等,不動産取引価格情報,13105,東京都,文京区,千駄木,千駄木,9,69000000,３ＬＤＫ,60,2001年,ＳＲＣ,住宅,住宅,商業,80.0,600.0,2023年第3四半期,改装済み,,文京区,2023,3,2001.0,22.0,9.0,1150000.0,240069,353648,147.31098
中古マンション等,不動産取引価格情報,13105,東京都,文京区,千駄木,千駄木,8,12000000,１Ｒ,15,1977年,ＳＲＣ,住宅,事務所,商業,80.0,600.0,2023年第3四半期,改装済み,,文京区,2023,3,1977.0,46.0,8.0,800000.0,240069,353648,147.31098
中古マンション等,不動産取引価格情報,13105,東京都,文京区,千駄木,千駄木,1,25000000,１Ｋ,20,2002年,ＳＲＣ,住宅,住宅,商業,80.0,500.0,2023年第3四半期,未改装,,文京区,2023,3,2002.0,21.0,1.0,1250000.0,240069,353648,147.31098
中古マンション等,不動産取引価格情報,13105,東京都,文京区,千駄木,千駄木,9,43000000,１ＬＤＫ,45,2007年,ＲＣ,住宅,その他,商業,80.0,600.0,2023年第3四半期,未改装,,文京区,2023,3,2007.0,16.0,9.0,955555.5555555555,240069,353648,147.31098
中古マンション等,不動産取引価格情報,13105,東京都,文京区,千駄木,千駄木,1,17000000,１Ｋ,15,1995年,ＳＲＣ,住宅,住宅,商業,80.0,500.0,2023年第2四半期,,,文京区,2023,2,1995.0,28.0,1.0,1133333.3333333333,240069,353648,147.31098
中古マンション等,不動産取引価格情報,13105,東京都,文京区,千駄木,千駄木,1,15000000,１Ｒ,15,1995年,ＳＲＣ,,住宅,商業,80.0,500.0,2023年第2四半期,未改装,,文京区,2023,2,1995.0,28.0,1.0,1000000.0,240069,353648,147.31098
中古マンション等,不動産取引価格情報,13105,東京都,文京区,千駄木,千駄木,3,66000000,２ＬＤＫ,60,2003年,ＳＲＣ,住宅,住宅,商業,80.0,500.0,2023年第2四半期,,,文京区,2023,2,2003.0,20.0,3.0,1100000.0,240069,353648,147.31098
中古マンション等,不動産取引価格情報,13105,東京都,文京区,千駄木,千駄木,1,13000000,１Ｒ,15,1995年,ＳＲＣ,住宅,その他,商業,80.0,500.0,2023年第2四半期,未改装,,文京区,2023,2,1995.0,28.0,1.0,866666.6666666666,240069,353648,147.31098
中古マンション等,不動産取引価格情報,13105,東京都,文京区,千駄木,千駄木,2,48000000,２ＬＤＫ,50,1987年,ＲＣ,住宅,住宅,商業,80.0,500.0,2023年第2四半期,未改装,,文京区,2023,2,1987.0,36.0,2.0,960000.0,240069,353648,147.31098
中古マンション等,不動産取引価格情報,13105,東京都,文京区,千駄木,千駄木,1,73000000,２ＬＤＫ,55,2003年,ＲＣ,住宅,住宅,商業,80.0,500.0,2023年第2四半期,未改装,,文京区,2023,2,2003.0,20.0,1.0,1327272.7272727273,240069,353648,147.31098
中古マンション等,不動産取引価格情報,13105,東京都,文京区,千駄木,千駄木,1,13000000,,15,1995年,ＳＲＣ,住宅,住宅,商業,80.0,500.0,2023年第2四半期,,,文京区,2023,2,1995.0,28.0,1.0,866666.6666666666,240069,353648,147.31098
中古マンション等,不動産取引価格情報,13105,東京都,文京区,千駄木,千駄木,10,46000000,１ＬＤＫ,45,1983年,ＳＲＣ,住宅,,商業,80.0,600.0,2023年第2四半期,改装済み,,文京区,2023,2,1983.0,40.0,10.0,1022222.2222222222,240069,353648,147.31098
中古マンション等,不動産取引価格情報,13105,東京都,文京区,千駄木,千駄木,1,16000000,１Ｋ,20,2006年,ＳＲＣ,住宅,,商業,80.0,600.0,2023年第2四半期,,,文京区,2023,2,2006.0,17.0,1.0,800000.0,240069,353648,147.31098
中古マンション等,不動産取引価格情報,13105,東京都,文京区,千駄木,千駄木,8,13000000,１Ｒ,15,1977年,ＳＲＣ,,住宅,商業,80.0,600.0,2023年第1四半期,改装済み,,文京区,2023,1,1977.0,46.0,8.0,866666.6666666666,240069,353648,147.31098
中古マンション等,不動産取引価格情報,13105,東京都,文京区,千駄木,千駄木,4,49000000,１ＬＤＫ,35,2019年,ＲＣ,住宅,住宅,近隣商業,80.0,300.0,2023年第1四半期,未改装,,文京区,2023,1,2019.0,4.0,4.0,1400000.0,240069,353648,147.31098
中古マンション等,不動産取引価格情報,13105,東京都,文京区,千駄木,千駄木,10,30000000,２ＤＫ,35,1983年,ＳＲＣ,,住宅,商業,80.0,600.0,2023年第1四半期,未改装,,文京区,2023,1,1983.0,40.0,10.0,857142.8571428572,240069,353648,147.31098
中古マンション等,不動産取引価格情報,13105,東京都,文京区,千駄木,千駄木,4,40000000,１ＬＤＫ,35,2019年,ＲＣ,住宅,住宅,近隣商業,80.0,300.0,2023年第1四半期,未改装,,文京区,2023,1,2019.0,4.0,4.0,1142857.142857143,240069,353648,147.31098
中古マンション等,不動産取引価格情報,13105,東京都,文京区,千駄木,千駄木,5,47000000,１Ｋ,35,2019年,ＲＣ,住宅,住宅,１中住専,60.0,200.0,2023年第1四半期,未改装,,文京区,2023,1,2019.0,4.0,5.0,1342857.142857143,240069,353648,147.31098
中古マンション等,不動産取引価格情報,13105,東京都,文京区,千駄木,千駄木,2,18000000,１ＤＫ,25,1987年,ＲＣ,,その他,商業,80.0,500.0,2023年第1四半期,未改装,,文京区,2023,1,1987.0,36.0,2.0,720000.0,240069,353648,147.31098
中古マンション等,不動産取引価格情報,13105,東京都,文京区,千駄木,千駄木,8,11000000,１Ｋ,15,1977年,ＳＲＣ,住宅,事務所,商業,80.0,600.0,2023年第1四半期,未改装,,文京区,2023,1,1977.0,46.0,8.0,733333.3333333334,240069,353648,147.31098
中古マンション等,不動産取引価格情報,13105,東京都,文京区,千駄木,千駄木,0,17000000,１ＤＫ,25,1983年,ＳＲＣ,住宅,住宅,商業,80.0,500.0,2023年第1四半期,未改装,,文京区,2023,1,1983.0,40.0,0.0,680000.0,240069,353648,147.31098
中古マンション等,不動産取引価格情報,13105,東京都,文京区,千駄木,千駄木,2,55000000,２ＬＤＫ,55,1987年,ＲＣ,住宅,住宅,商業,80.0,500.0,2022年第4四半期,未改装,,文京区,2022,4,1987.0,35.0,2.0,1000000.0,240069,353648,147.31098
中古マンション等,不動産取引価格情報,13105,東京都,文京区,千駄木,千駄木,9,58000000,２ＬＤＫ,60,1994年,ＳＲＣ,住宅,住宅,商業,80.0,600.0,2022年第4四半期,未改装,,文京区,2022,4,1994.0,28.0,9.0,966666.6666666666,240069,353648,147.31098
中古マンション等,不動産取引価格情報,13105,東京都,文京区,千駄木,千駄木,6,66000000,２ＬＤＫ,60,1999年,ＳＲＣ,住宅,住宅,商業,80.0,600.0,2022年第4四半期,未改装,,文京区,2022,4,1999.0,23.0,6.0,1100000.0,240069,353648,147.31098
中古マンション等,不動産取引価格情報,13105,東京都,文京区,千駄木,千駄木,2,44000000,２ＬＤＫ,50,1970年,ＳＲＣ,住宅,住宅,近隣商業,80.0,400.0,2022年第4四半期,改装済み,,文京区,2022,4,1970.0,52.0,2.0,880000.0,240069,353648,147.31098
中古マンション等,不動産取引価格情報,13105,東京都,文京区,千駄木,千駄木,1,11000000,１Ｋ,15,1995年,ＳＲＣ,住宅,住宅,商業,80.0,500.0,2022年第4四半期,未改装,,文京区,2022,4,1995.0,27.0,1.0,733333.3333333334,240069,353648,147.31098
中古マンション等,不動産取引価格情報,13105,東京都,文京区,千駄木,千駄木,1,39000000,１Ｋ,30,2002年,ＳＲＣ,住宅,住宅,商業,80.0,500.0,2022年第4四半期,,,文京区,2022,4,2002.0,20.0,1.0,1300000.0,240069,353648,147.31098
中古マンション等,不動産取引価格情報,13105,東京都,文京区,千駄木,千駄木,1,24000000,１Ｋ,20,2002年,ＳＲＣ,住宅,住宅,商業,80.0,500.0,2022年第4四半期,未改装,,文京区,2022,4,2002.0,20.0,1.0,1200000.0,240069,353648,147.31098
中古マンション等,不動産取引価格情報,13105,東京都,文京区,千駄木,千駄木,12,21000000,１Ｋ,15,,ＲＣ,住宅,住宅,商業,80.0,500.0,2022年第4四半期,未改装,,文京区,2022,4,,,12.0,1400000.0,240069,353648,147.31098
中古マンション等,不動産取引価格情報,13105,東京都,文京区,千駄木,千駄木,1,20000000,１Ｋ,25,1984年,ＳＲＣ,,事務所,近隣商業,60.0,400.0,2022年第4四半期,改装済み,,文京区,2022,4,1984.0,38.0,1.0,800000.0,240069,353648,147.31098
中古マンション等,不動産取引価格情報,13105,東京都,文京区,千駄木,千駄木,1,22000000,１Ｋ,20,2002年,ＳＲＣ,,その他,商業,80.0,500.0,2022年第4四半期,未改装,,文京区,2022,4,2002.0,20.0,1.0,1100000.0,240069,353648,147.31098
中古マンション等,不動産取引価格情報,13105,東京都,文京区,千駄木,千駄木,1,59000000,２ＬＤＫ,55,1995年,ＳＲＣ,住宅,住宅,商業,80.0,600.0,2022年第4四半期,改装済み,,文京区,2022,4,1995.0,27.0,1.0,1072727.2727272727,240069,353648,147.31098
中古マンション等,不動産取引価格情報,13105,東京都,文京区,千駄木,千駄木,1,22000000,１Ｋ,15,2003年,ＳＲＣ,,住宅,商業,80.0,500.0,2022年第4四半期,改装済み,,文京区,2022,4,2003.0,19.0,1.0,1466666.6666666667,240069,353648,147.31098
中古マンション等,不動産取引価格情報,13105,東京都,文京区,千駄木,千駄木,4,85000000,３ＬＤＫ,65,2011年,ＲＣ,住宅,住宅,１中住専,60.0,200.0,2022年第3四半期,未改装,,文京区,2022,3,2011.0,11.0,4.0,1307692.3076923077,240069,353648,147.31098
中古マンション等,不動産取引価格情報,13105,東京都,文京区,千駄木,千駄木,11,48000000,２ＬＤＫ,50,2005年,ＲＣ,住宅,住宅,商業,80.0,600.0,2022年第3四半期,未改装,,文京区,2022,3,2005.0,17.0,11.0,960000.0,240069,353648,147.31098
中古マンション等,不動産取引価格情報,13105,東京都,文京区,千駄木,千駄木,1,23000000,１Ｋ,20,2003年,ＳＲＣ,住宅,住宅,商業,80.0,500.0,2022年第3四半期,未改装,,文京区,2022,3,2003.0,19.0,1.0,1150000.0,240069,353648,147.31098
中古マンション等,不動産取引価格情報,13105,東京都,文京区,千駄木,千駄木,9,35000000,２ＤＫ,35,1994年,ＳＲＣ,住宅,住宅,商業,80.0,600.0,2022年第3四半期,未改装,,文京区,2022,3,1994.0,28.0,9.0,1000000.0,240069,353648,147.31098
中古マンション等,不動産取引価格情報,13105,東京都,文京区,千駄木,千駄木,2,45000000,２ＤＫ,40,1991年,ＳＲＣ,住宅,住宅,商業,80.0,600.0,2022年第3四半期,未改装,,文京区,2022,3,1991.0,31.0,2.0,1125000.0,240069,353648,147.31098
中古マンション等,不動産取引価格情報,13105,東京都,文京区,千駄木,千駄木,5,23000000,１ＤＫ,35,1998年,ＳＲＣ,住宅,住宅,商業,80.0,600.0,2022年第3四半期,未改装,,文京区,2022,3,1998.0,24.0,5.0,657142.8571428572,240069,353648,147.31098
中古マンション等,不動産取引価格情報,13105,東京都,文京区,千駄木,千駄木,4,63000000,２ＬＤＫ,55,2011年,ＲＣ,住宅,住宅,１中住専,60.0,200.0,2022年第2四半期,未改装,,文京区,2022,2,2011.0,11.0,4.0,1145454.5454545454,240069,353648,147.31098
中古マンション等,不動産取引価格情報,13105,東京都,文京区,千駄木,千駄木,11,16000000,１Ｋ,15,1994年,ＳＲＣ,住宅,住宅,商業,80.0,600.0,2022年第2四半期,未改装,,文京区,2022,2,1994.0,28.0,11.0,1066666.6666666667,240069,353648,147.31098
中古マンション等,不動産取引価格情報,13105,東京都,文京区,千駄木,千駄木,5,22000000,,20,1998年,ＳＲＣ,住宅,その他,商業,80.0,600.0,2022年第2四半期,,,文京区,2022,2,1998.0,24.0,5.0,1100000.0,240069,353648,147.31098
中古マンション等,不動産取引価格情報,13105,東京都,文京区,千駄木,千駄木,11,41000000,１ＬＤＫ,50,2005年,ＲＣ,住宅,住宅,商業,80.0,600.0,2022年第2四半期,未改装,,文京区,2022,2,2005.0,17.0,11.0,820000.0,240069,353648,147.31098
中古マンション等,不動産取引価格情報,13105,東京都,文京区,千駄木,千駄木,4,75000000,２ＬＤＫ,50,2019年,ＲＣ,住宅,住宅,近隣商業,80.0,300.0,2022年第2四半期,未改装,,文京区,2022,2,2019.0,3.0,4.0,1500000.0,240069,353648,147.31098
中古マンション等,不動産取引価格情報,13105,東京都,文京区,千駄木,千駄木,1,40000000,１ＬＤＫ,40,1995年,ＳＲＣ,住宅,住宅,商業,80.0,600.0,2022年第1四半期,,,文京区,2022,1,1995.0,27.0,1.0,1000000.0,240069,353648,147.31098
中古マンション等,不動産取引価格情報,13105,東京都,文京区,千駄木,千駄木,4,50000000,１ＬＤＫ,35,2019年,ＲＣ,住宅,住宅,近隣商業,80.0,300.0,2022年第1四半期,未改装,,文京区,2022,1,2019.0,3.0,4.0,1428571.4285714286,240069,353648,147.31098
中古マンション等,不動産取引価格情報,13105,東京都,文京区,千駄木,千駄木,4,70000000,２ＬＤＫ,50,2019年,ＲＣ,住宅,住宅,近隣商業,80.0,300.0,2022年第1四半期,未改装,,文京区,2022,1,2019.0,3.0,4.0,1400000.0,240069,353648,147.31098
中古マンション等,不動産取引価格情報,13105,東京都,文京区,千駄木,千駄木,2,17000000,１ＤＫ,25,1987年,ＲＣ,住宅,住宅,商業,80.0,500.0,2022年第1四半期,未改装,,文京区,2022,1,1987.0,35.0,2.0,680000.0,240069,353648,147.31098
中古マンション等,不動産取引価格情報,13105,東京都,文京区,千駄木,千駄木,5,64000000,２ＬＤＫ,55,1987年,ＲＣ,住宅,住宅,１中住専,60.0,300.0,2022年第1四半期,改装済み,,文京区,2022,1,1987.0,35.0,5.0,1163636.3636363635,240069,353648,147.31098
中古マンション等,不動産取引価格情報,13105,東京都,文京区,千駄木,千駄木,1,87000000,３ＬＤＫ,65,2003年,ＲＣ,住宅,住宅,商業,80.0,500.0,2022年第1四半期,未改装,,文京区,2022,1,2003.0,19.0,1.0,1338461.5384615385,240069,353648,147.31098
中古マンション等,不動産取引価格情報,13105,東京都,文京区,千駄木,千駄木,3,10000000,１Ｋ,25,1977年,ＳＲＣ,,住宅,近隣商業,80.0,400.0,2022年第1四半期,未改装,,文京区,2022,1,1977.0,45.0,3.0,400000.0,240069,353648,147.31098
中古マンション等,不動産取引価格情報,13105,東京都,文京区,千駄木,千駄木,1,21000000,１Ｋ,20,2003年,ＳＲＣ,住宅,住宅,商業,80.0,500.0,2022年第1四半期,改装済み,,文京区,2022,1,2003.0,19.0,1.0,1050000.0,240069,353648,147.31098
中古マンション等,不動産取引価格情報,13105,東京都,文京区,千駄木,千駄木,0,33000000,１ＤＫ,30,1983年,ＳＲＣ,住宅,住宅,商業,80.0,500.0,2022年第1四半期,改装済み,,文京区,2022,1,1983.0,39.0,0.0,1100000.0,240069,353648,147.31098
中古マンション等,不動産取引価格情報,13105,東京都,文京区,千駄木,千駄木,10,41000000,２ＤＫ,50,1983年,ＳＲＣ,,住宅,商業,80.0,600.0,2021年第4四半期,改装済み,,文京区,2021,4,1983.0,38.0,10.0,820000.0,240069,353648,147.31098
中古マンション等,不動産取引価格情報,13105,東京都,文京区,千駄木,千駄木,1,22000000,１Ｋ,30,1990年,ＳＲＣ,住宅,住宅,商業,80.0,500.0,2021年第4四半期,未改装,,文京区,2021,4,1990.0,31.0,1.0,733333.3333333334,240069,353648,147.31098
中古マンション等,不動産取引価格情報,13105,東京都,文京区,千駄木,千駄木,9,47000000,１ＬＤＫ,45,2007年,ＲＣ,住宅,住宅,商業,80.0,600.0,2021年第4四半期,未改装,,文京区,2021,4,2007.0,14.0,9.0,1044444.4444444445,240069,353648,147.31098
中古マンション等,不動産取引価格情報,13105,東京都,文京区,千駄木,千駄木,1,25000000,１Ｋ,20,1995年,ＳＲＣ,住宅,住宅,商業,80.0,600.0,2021年第4四半期,改装済み,,文京区,2021,4,1995.0,26.0,1.0,1250000.0,240069,353648,147.31098
中古マンション等,不動産取引価格情報,13105,東京都,文京区,千駄木,千駄木,0,20000000,１ＤＫ,30,1983年,ＳＲＣ,住宅,住宅,商業,80.0,500.0,2021年第4四半期,未改装,,文京区,2021,4,1983.0,38.0,0.0,666666.6666666666,240069,353648,147.31098
中古マンション等,不動産取引価格情報,13105,東京都,文京区,千駄木,千駄木,5,75000000,２ＬＤＫ,55,2017年,ＲＣ,住宅,住宅,商業,80.0,600.0,2021年第4四半期,未改装,,文京区,2021,4,2017.0,4.0,5.0,1363636.3636363635,240069,353648,147.31098
中古マンション等,不動産取引価格情報,13105,東京都,文京区,千駄木,千駄木,1,28000000,１ＬＤＫ,30,1984年,ＳＲＣ,住宅,その他,商業,80.0,500.0,2021年第4四半期,未改装,,文京区,2021,4,1984.0,37.0,1.0,933333.3333333334,240069,353648,147.31098
中古マンション等,不動産取引価格情報,13105,東京都,文京区,千駄木,千駄木,2,26000000,１ＤＫ,30,1990年,ＲＣ,住宅,住宅,近隣商業,80.0,300.0,2021年第3四半期,改装済み,,文京区,2021,3,1990.0,31.0,2.0,866666.6666666666,240069,353648,147.31098
中古マンション等,不動産取引価格情報,13105,東京都,文京区,千駄木,千駄木,4,70000000,３ＬＤＫ,60,1996年,ＳＲＣ,住宅,住宅,商業,80.0,600.0,2021年第3四半期,改装済み,,文京区,2021,3,1996.0,25.0,4.0,1166666.6666666667,240069,353648,147.31098
中古マンション等,不動産取引価格情報,13105,東京都,文京区,千駄木,千駄木,1,25000000,１Ｋ,20,2006年,ＳＲＣ,住宅,その他,商業,80.0,600.0,2021年第3四半期,未改装,,文京区,2021,3,2006.0,15.0,1.0,1250000.0,240069,353648,147.31098
中古マンション等,不動産取引価格情報,13105,東京都,文京区,千駄木,千駄木,3,45000000,３ＬＤＫ,65,1997年,ＳＲＣ,住宅,住宅,商業,80.0,600.0,2021年第3四半期,未改装,,文京区,2021,3,1997.0,24.0,3.0,692307.6923076923,240069,353648,147.31098
中古マンション等,不動産取引価格情報,13105,東京都,文京区,千駄木,千駄木,4,80000000,３ＬＤＫ,70,2011年,ＲＣ,住宅,住宅,１中住専,60.0,200.0,2021年第3四半期,未改装,,文京区,2021,3,2011.0,10.0,4.0,1142857.142857143,240069,353648,147.31098
中古マンション等,不動産取引価格情報,13105,東京都,文京区,千駄木,千駄木,1,10000000,１Ｋ,15,1995年,ＳＲＣ,住宅,住宅,商業,80.0,500.0,2021年第3四半期,未改装,,文京区,2021,3,1995.0,26.0,1.0,666666.6666666666,240069,353648,147.31098
中古マンション等,不動産取引価格情報,13105,東京都,文京区,千駄木,千駄木,2,20000000,１ＤＫ,30,2003年,ＳＲＣ,住宅,住宅,近隣商業,80.0,400.0,2021年第3四半期,改装済み,,文京区,2021,3,2003.0,18.0,2.0,666666.6666666666,240069,353648,147.31098
中古マンション等,不動産取引価格情報,13105,東京都,文京区,千駄木,千駄木,0,18000000,１ＤＫ,25,1983年,ＳＲＣ,住宅,住宅,商業,80.0,500.0,2021年第3四半期,未改装,,文京区,2021,3,1983.0,38.0,0.0,720000.0,240069,353648,147.31098
中古マンション等,不動産取引価格情報,13105,東京都,文京区,千駄木,千駄木,11,57000000,,75,1995年,ＲＣ,住宅,住宅,１中住専,60.0,200.0,2021年第3四半期,,,文京区,2021,3,1995.0,26.0,11.0,760000.0,240069,353648,147.31098
中古マンション等,不動産取引価格情報,13105,東京都,文京区,千駄木,千駄木,3,30000000,１ＬＤＫ,45,1977年,ＳＲＣ,住宅,住宅,近隣商業,80.0,400.0,2021年第2四半期,改装済み,,文京区,2021,2,1977.0,44.0,3.0,666666.6666666666,240069,353648,147.31098
中古マンション等,不動産取引価格情報,13105,東京都,文京区,千駄木,千駄木,5,60000000,１ＬＤＫ,50,1999年,ＳＲＣ,住宅,住宅,商業,80.0,600.0,2021年第2四半期,改装済み,,文京区,2021,2,1999.0,22.0,5.0,1200000.0,240069,353648,147.31098
中古マンション等,不動産取引価格情報,13105,東京都,文京区,千駄木,千駄木,1,24000000,１Ｋ,20,2003年,ＳＲＣ,住宅,その他,商業,80.0,500.0,2021年第2四半期,未改装,,文京区,2021,2,2003.0,18.0,1.0,1200000.0,240069,353648,147.31098
中古マンション等,不動産取引価格情報,13105,東京都,文京区,千駄木,千駄木,5,55000000,１ＬＤＫ,55,1998年,ＳＲＣ,,住宅,商業,80.0,600.0,2021年第2四半期,未改装,,文京区,2021,2,1998.0,23.0,5.0,1000000.0,240069,353648,147.31098
中古マンション等,不動産取引価格情報,13105,東京都,文京区,千駄木,千駄木,1,22000000,１Ｋ,20,2002年,ＳＲＣ,住宅,住宅,商業,80.0,500.0,2021年第2四半期,未改装,,文京区,2021,2,2002.0,19.0,1.0,1100000.0,240069,353648,147.31098
中古マンション等,不動産取引価格情報,13105,東京都,文京区,千駄木,千駄木,8,12000000,１Ｒ,15,1977年,ＳＲＣ,住宅,住宅,商業,80.0,600.0,2021年第2四半期,未改装,,文京区,2021,2,1977.0,44.0,8.0,800000.0,240069,353648,147.31098
中古マンション等,不動産取引価格情報,13105,東京都,文京区,千駄木,千駄木,1,25000000,１Ｋ,20,2002年,ＳＲＣ,住宅,その他,商業,80.0,500.0,2021年第2四半期,,,文京区,2021,2,2002.0,19.0,1.0,1250000.0,240069,353648,147.31098
中古マンション等,不動産取引価格情報,13105,東京都,文京区,千駄木,千駄木,5,75000000,２ＬＤＫ,55,2017年,ＲＣ,住宅,住宅,商業,80.0,600.0,2021年第2四半期,,,文京区,2021,2,2017.0,4.0,5.0,1363636.3636363635,240069,353648,147.31098
中古マンション等,不動産取引価格情報,13105,東京都,文京区,千駄木,千駄木,1,13000000,１Ｋ,15,1984年,ＳＲＣ,住宅,住宅,近隣商業,80.0,400.0,2021年第1四半期,改装済み,,文京区,2021,1,1984.0,37.0,1.0,866666.6666666666,240069,353648,147.31098
中古マンション等,不動産取引価格情報,13105,東京都,文京区,千駄木,千駄木,12,22000000,１Ｋ,20,2007年,ＲＣ,住宅,住宅,商業,80.0,500.0,2021年第1四半期,,,文京区,2021,1,2007.0,14.0,12.0,1100000.0,240069,353648,147.31098
中古マンション等,不動産取引価格情報,13105,東京都,文京区,千駄木,千駄木,11,25000000,,50,2005年,ＲＣ,住宅,住宅,商業,80.0,600.0,2021年第1四半期,未改装,,文京区,2021,1,2005.0,16.0,11.0,500000.0,240069,353648,147.31098
中古マンション等,不動産取引価格情報,13105,東京都,文京区,千駄木,千駄木,10,13000000,１Ｋ,15,1994年,ＳＲＣ,住宅,住宅,商業,80.0,600.0,2021年第1四半期,,,文京区,2021,1,1994.0,27.0,10.0,866666.6666666666,240069,353648,147.31098
中古マンション等,不動産取引価格情報,13105,東京都,文京区,千駄木,千駄木,4,43000000,２ＬＤＫ,50,1985年,ＲＣ,住宅,住宅,近隣商業,80.0,400.0,2021年第1四半期,改装済み,,文京区,2021,1,1985.0,36.0,4.0,860000.0,240069,353648,147.31098
中古マンション等,不動産取引価格情報,13105,東京都,文京区,千駄木,千駄木,1,30000000,１ＬＤＫ,40,1995年,ＳＲＣ,住宅,その他,商業,80.0,600.0,2021年第1四半期,未改装,,文京区,2021,1,1995.0,26.0,1.0,750000.0,240069,353648,147.31098
中古マンション等,不動産取引価格情報,13105,東京都,文京区,千駄木,千駄木,1,13000000,１Ｋ,15,1995年,ＲＣ,住宅,住宅,商業,80.0,500.0,2021年第1四半期,未改装,,文京区,2021,1,1995.0,26.0,1.0,866666.6666666666,240069,353648,147.31098
中古マンション等,不動産取引価格情報,13105,東京都,文京区,千駄木,千駄木,1,30000000,１ＬＤＫ,40,1995年,ＳＲＣ,住宅,その他,商業,80.0,600.0,2021年第1四半期,未改装,,文京区,2021,1,1995.0,26.0,1.0,750000.0,240069,353648,147.31098
中古マンション等,不動産取引価格情報,13105,東京都,文京区,千駄木,千駄木,4,60000000,２ＬＤＫ,50,1997年,ＳＲＣ,住宅,住宅,商業,80.0,600.0,2021年第1四半期,改装済み,,文京区,2021,1,1997.0,24.0,4.0,1200000.0,240069,353648,147.31098
中古マンション等,不動産取引価格情報,13105,東京都,文京区,千駄木,千駄木,3,25000000,１ＬＤＫ,30,1977年,ＳＲＣ,住宅,住宅,近隣商業,80.0,400.0,2021年第1四半期,改装済み,,文京区,2021,1,1977.0,44.0,3.0,833333.3333333334,240069,353648,147.31098
中古マンション等,不動産取引価格情報,13105,東京都,文京区,千駄木,千駄木,5,21000000,,20,1998年,ＳＲＣ,住宅,,商業,80.0,600.0,2021年第1四半期,,,文京区,2021,1,1998.0,23.0,5.0,1050000.0,240069,353648,147.31098
中古マンション等,不動産取引価格情報,13105,東京都,文京区,千駄木,千駄木,1,32000000,１ＬＤＫ,45,1996年,ＳＲＣ,住宅,住宅,近隣商業,80.0,400.0,2021年第1四半期,未改装,,文京区,2021,1,1996.0,25.0,1.0,711111.1111111111,240069,353648,147.31098
中古マンション等,不動産取引価格情報,13105,東京都,文京区,千駄木,千駄木,1,27000000,１Ｋ,25,2003年,ＳＲＣ,住宅,住宅,近隣商業,80.0,300.0,2021年第1四半期,未改装,,文京区,2021,1,2003.0,18.0,1.0,1080000.0,240069,353648,147.31098
中古マンション等,不動産取引価格情報,13105,東京都,文京区,千駄木,千駄木,1,60000000,２ＬＤＫ,50,2003年,ＲＣ,住宅,住宅,商業,80.0,500.0,2021年第1四半期,未改装,,文京区,2021,1,2003.0,18.0,1.0,1200000.0,240069,353648,147.31098
中古マンション等,不動産取引価格情報,13105,東京都,文京区,千駄木,田端,9,77000000,３ＬＤＫ,65,1999年,ＳＲＣ,住宅,住宅,商業,80.0,600.0,2025年第3四半期,未改装,,文京区,2025,3,1999.0,26.0,9.0,1184615.3846153845,240069,353648,147.31098
中古マンション等,不動産取引価格情報,13105,東京都,文京区,千駄木,田端,9,28000000,,25,1999年,ＳＲＣ,住宅,住宅,商業,80.0,600.0,2025年第1四半期,未改装,,文京区,2025,1,1999.0,26.0,9.0,1120000.0,240069,353648,147.31098
中古マンション等,不動産取引価格情報,13105,東京都,文京区,千駄木,田端,9,55000000,２ＬＤＫ,50,1999年,ＳＲＣ,,住宅,商業,80.0,600.0,2025年第1四半期,未改装,,文京区,2025,1,1999.0,26.0,9.0,1100000.0,240069,353648,147.31098
中古マンション等,不動産取引価格情報,13105,東京都,文京区,千駄木,田端,1H30～2H,43000000,１ＬＤＫ,30,2022年,ＲＣ,住宅,住宅,商業,80.0,600.0,2024年第4四半期,未改装,,文京区,2024,4,2022.0,2.0,105.0,1433333.3333333333,240069,353648,147.31098
中古マンション等,不動産取引価格情報,13105,東京都,文京区,千駄木,田端,9,81000000,２ＬＤＫ,65,2007年,ＲＣ,住宅,住宅,商業,80.0,500.0,2024年第3四半期,未改装,,文京区,2024,3,2007.0,17.0,9.0,1246153.8461538462,240069,353648,147.31098
中古マンション等,不動産取引価格情報,13105,東京都,文京区,千駄木,田端,9,90000000,３ＬＤＫ,75,2007年,ＲＣ,住宅,住宅,商業,80.0,500.0,2023年第4四半期,未改装,,文京区,2023,4,2007.0,16.0,9.0,1200000.0,240069,353648,147.31098
中古マンション等,不動産取引価格情報,13105,東京都,文京区,千駄木,田端,9,52000000,２ＬＤＫ,50,1997年,ＳＲＣ,住宅,住宅,商業,80.0,600.0,2023年第4四半期,未改装,,文京区,2023,4,1997.0,26.0,9.0,1040000.0,240069,353648,147.31098
中古マンション等,不動産取引価格情報,13105,東京都,文京区,千駄木,田端,1H30～2H,56000000,２ＬＤＫ,45,2022年,ＲＣ,住宅,住宅,商業,80.0,600.0,2023年第2四半期,未改装,,文京区,2023,2,2022.0,1.0,105.0,1244444.4444444445,240069,353648,147.31098
中古マンション等,不動産取引価格情報,13105,東京都,文京区,千駄木,田端,11,50000000,２ＬＤＫ,55,1997年,ＳＲＣ,住宅,住宅,近隣商業,80.0,500.0,2023年第2四半期,未改装,,文京区,2023,2,1997.0,26.0,11.0,909090.9090909091,240069,353648,147.31098
中古マンション等,不動産取引価格情報,13105,東京都,文京区,千駄木,田端,11,50000000,２ＬＤＫ,55,1997年,ＳＲＣ,住宅,住宅,近隣商業,80.0,500.0,2023年第1四半期,未改装,,文京区,2023,1,1997.0,26.0,11.0,909090.9090909091,240069,353648,147.31098
中古マンション等,不動産取引価格情報,13105,東京都,文京区,千駄木,田端,9,81000000,２ＬＤＫ,65,2007年,ＲＣ,住宅,住宅,商業,80.0,500.0,2023年第1四半期,未改装,,文京区,2023,1,2007.0,16.0,9.0,1246153.8461538462,240069,353648,147.31098
中古マンション等,不動産取引価格情報,13105,東京都,文京区,千駄木,田端,9,45000000,２ＤＫ,35,1999年,ＳＲＣ,住宅,住宅,商業,80.0,600.0,2022年第4四半期,改装済み,,文京区,2022,4,1999.0,23.0,9.0,1285714.2857142857,240069,353648,147.31098
中古マンション等,不動産取引価格情報,13105,東京都,文京区,千駄木,田端,9,89000000,３ＬＤＫ,75,2007年,ＲＣ,住宅,住宅,商業,80.0,500.0,2022年第3四半期,未改装,,文京区,2022,3,2007.0,15.0,9.0,1186666.6666666667,240069,353648,147.31098
中古マンション等,不動産取引価格情報,13105,東京都,文京区,千駄木,田端,11,85000000,３ＬＤＫ,65,2005年,ＲＣ,住宅,住宅,商業,80.0,500.0,2021年第4四半期,改装済み,,文京区,2021,4,2005.0,16.0,11.0,1307692.3076923077,240069,353648,147.31098
中古マンション等,不動産取引価格情報,13105,東京都,文京区,千駄木,田端,11,23000000,１Ｋ,15,2007年,ＲＣ,住宅,住宅,商業,80.0,500.0,2021年第2四半期,未改装,,文京区,2021,2,2007.0,14.0,11.0,1533333.3333333333,240069,353648,147.31098
中古マンション等,不動産取引価格情報,13105,東京都,文京区,千駄木,田端,11,21000000,１Ｋ,15,2007年,ＲＣ,住宅,住宅,商業,80.0,500.0,2021年第1四半期,未改装,,文京区,2021,1,2007.0,14.0,11.0,1400000.0,240069,353648,147.31098
中古マンション等,不動産取引価格情報,13105,東京都,文京区,千駄木,西日暮里,10,18000000,１Ｋ,15,1997年,ＳＲＣ,,住宅,商業,80.0,600.0,2025年第2四半期,未改装,,文京区,2025,2,1997.0,28.0,10.0,1200000.0,240069,353648,147.31098
中古マンション等,不動産取引価格情報,13105,東京都,文京区,千駄木,西日暮里,5,29000000,１ＬＤＫ,30,1977年,ＲＣ,,住宅,商業,80.0,500.0,2025年第2四半期,改装済み,,文京区,2025,2,1977.0,48.0,5.0,966666.6666666666,240069,353648,147.31098
中古マンション等,不動産取引価格情報,13105,東京都,文京区,千駄木,西日暮里,6,24000000,１Ｋ,20,2006年,ＳＲＣ,住宅,住宅,商業,80.0,500.0,2025年第2四半期,未改装,,文京区,2025,2,2006.0,19.0,6.0,1200000.0,240069,353648,147.31098
中古マンション等,不動産取引価格情報,13105,東京都,文京区,千駄木,西日暮里,10,95000000,２ＬＤＫ,80,1992年,ＳＲＣ,住宅,住宅,商業,80.0,600.0,2025年第2四半期,改装済み,,文京区,2025,2,1992.0,33.0,10.0,1187500.0,240069,353648,147.31098
中古マンション等,不動産取引価格情報,13105,東京都,文京区,千駄木,西日暮里,10,16000000,１Ｋ,15,1997年,ＳＲＣ,住宅,住宅,商業,80.0,600.0,2025年第1四半期,,,文京区,2025,1,1997.0,28.0,10.0,1066666.6666666667,240069,353648,147.31098
中古マンション等,不動産取引価格情報,13105,東京都,文京区,千駄木,西日暮里,7,66000000,２ＬＤＫ,65,1980年,ＳＲＣ,住宅,住宅,商業,80.0,500.0,2025年第1四半期,改装済み,,文京区,2025,1,1980.0,45.0,7.0,1015384.6153846154,240069,353648,147.31098
中古マンション等,不動産取引価格情報,13105,東京都,文京区,千駄木,西日暮里,7,30000000,２ＬＤＫ,50,1980年,ＳＲＣ,住宅,住宅,商業,80.0,500.0,2024年第4四半期,未改装,,文京区,2024,4,1980.0,44.0,7.0,600000.0,240069,353648,147.31098
中古マンション等,不動産取引価格情報,13105,東京都,文京区,千駄木,西日暮里,10,16000000,１Ｋ,15,1997年,ＳＲＣ,住宅,住宅,商業,80.0,600.0,2024年第4四半期,未改装,,文京区,2024,4,1997.0,27.0,10.0,1066666.6666666667,240069,353648,147.31098
中古マンション等,不動産取引価格情報,13105,東京都,文京区,千駄木,西日暮里,10,18000000,１Ｋ,15,1997年,ＳＲＣ,住宅,,商業,80.0,600.0,2024年第3四半期,未改装,,文京区,2024,3,1997.0,27.0,10.0,1200000.0,240069,353648,147.31098
中古マンション等,不動産取引価格情報,13105,東京都,文京区,千駄木,西日暮里,6,57000000,１ＬＤＫ,40,2006年,ＳＲＣ,住宅,住宅,商業,80.0,500.0,2024年第3四半期,改装済み,,文京区,2024,3,2006.0,18.0,6.0,1425000.0,240069,353648,147.31098
中古マンション等,不動産取引価格情報,13105,東京都,文京区,千駄木,西日暮里,10,19000000,１Ｋ,15,1997年,ＳＲＣ,住宅,住宅,商業,80.0,600.0,2024年第2四半期,改装済み,,文京区,2024,2,1997.0,27.0,10.0,1266666.6666666667,240069,353648,147.31098
中古マンション等,不動産取引価格情報,13105,東京都,文京区,千駄木,西日暮里,6,21000000,１Ｋ,20,2006年,ＳＲＣ,住宅,住宅,商業,80.0,500.0,2024年第1四半期,,,文京区,2024,1,2006.0,18.0,6.0,1050000.0,240069,353648,147.31098
中古マンション等,不動産取引価格情報,13105,東京都,文京区,千駄木,西日暮里,6,20000000,１Ｋ,20,2006年,ＳＲＣ,住宅,住宅,商業,80.0,500.0,2023年第4四半期,未改装,,文京区,2023,4,2006.0,17.0,6.0,1000000.0,240069,353648,147.31098
中古マンション等,不動産取引価格情報,13105,東京都,文京区,千駄木,西日暮里,6,68000000,２ＬＤＫ,50,2012年,ＲＣ,住宅,住宅,商業,80.0,500.0,2022年第3四半期,改装済み,,文京区,2022,3,2012.0,10.0,6.0,1360000.0,240069,353648,147.31098
中古マンション等,不動産取引価格情報,13105,東京都,文京区,千駄木,西日暮里,5,16000000,１Ｋ,20,1983年,ＳＲＣ,住宅,住宅,商業,80.0,500.0,2022年第3四半期,未改装,,文京区,2022,3,1983.0,39.0,5.0,800000.0,240069,353648,147.31098
中古マンション等,不動産取引価格情報,13105,東京都,文京区,千駄木,西日暮里,5,14000000,１Ｋ,15,1983年,ＳＲＣ,住宅,住宅,商業,80.0,500.0,2022年第3四半期,未改装,,文京区,2022,3,1983.0,39.0,5.0,933333.3333333334,240069,353648,147.31098
中古マンション等,不動産取引価格情報,13105,東京都,文京区,千駄木,西日暮里,10,16000000,１Ｋ,15,1997年,ＳＲＣ,,その他,商業,80.0,600.0,2022年第3四半期,,,文京区,2022,3,1997.0,25.0,10.0,1066666.6666666667,240069,353648,147.31098
中古マンション等,不動産取引価格情報,13105,東京都,文京区,千駄木,西日暮里,6,20000000,１Ｋ,25,2006年,ＳＲＣ,,住宅,商業,80.0,500.0,2022年第3四半期,未改装,,文京区,2022,3,2006.0,16.0,6.0,800000.0,240069,353648,147.31098
中古マンション等,不動産取引価格情報,13105,東京都,文京区,千駄木,西日暮里,6,22000000,１Ｋ,20,2006年,ＳＲＣ,住宅,その他,商業,80.0,500.0,2022年第1四半期,未改装,,文京区,2022,1,2006.0,16.0,6.0,1100000.0,240069,353648,147.31098
中古マンション等,不動産取引価格情報,13105,東京都,文京区,千駄木,西日暮里,10,15000000,１Ｋ,15,1997年,ＳＲＣ,住宅,住宅,商業,80.0,600.0,2021年第2四半期,未改装,,文京区,2021,2,1997.0,24.0,10.0,1000000.0,240069,353648,147.31098
中古マンション等,不動産取引価格情報,13105,東京都,文京区,千駄木,西日暮里,10,17000000,１Ｋ,15,1997年,ＳＲＣ,住宅,住宅,商業,80.0,600.0,2021年第2四半期,未改装,,文京区,2021,2,1997.0,24.0,10.0,1133333.3333333333,240069,353648,147.31098
中古マンション等,不動産取引価格情報,13105,東京都,文京区,千駄木,西日暮里,9,37000000,１ＤＫ,30,2015年,ＲＣ,住宅,住宅,商業,80.0,600.0,2021年第2四半期,未改装,,文京区,2021,2,2015.0,6.0,9.0,1233333.3333333333,240069,353648,147.31098
中古マンション等,不動産取引価格情報,13105,東京都,文京区,千駄木,西日暮里,5,19000000,１ＬＤＫ,30,1983年,ＳＲＣ,住宅,住宅,商業,80.0,500.0,2021年第2四半期,未改装,,文京区,2021,2,1983.0,38.0,5.0,633333.3333333334,240069,353648,147.31098
中古マンション等,不動産取引価格情報,13105,東京都,文京区,千駄木,西日暮里,5,12000000,１Ｒ,20,1983年,ＳＲＣ,住宅,住宅,商業,80.0,500.0,2021年第1四半期,未改装,,文京区,2021,1,1983.0,38.0,5.0,600000.0,240069,353648,147.31098
中古マンション等,不動産取引価格情報,13105,東京都,文京区,千駄木,西日暮里,10,67000000,３ＬＤＫ,75,1992年,ＳＲＣ,住宅,住宅,商業,80.0,600.0,2021年第1四半期,改装済み,,文京区,2021,1,1992.0,29.0,10.0,893333.3333333334,240069,353648,147.31098
中古マンション等,不動産取引価格情報,13105,東京都,文京区,千駄木,西日暮里,5,17000000,１ＬＤＫ,35,1977年,ＲＣ,,住宅,商業,80.0,500.0,2021年第1四半期,,,文京区,2021,1,1977.0,44.0,5.0,485714.28571428574,240069,353648,147.31098
中古マンション等,不動産取引価格情報,13105,東京都,文京区,千駄木,西日暮里,5,26000000,１ＬＤＫ,35,1977年,ＳＲＣ,住宅,住宅,商業,80.0,500.0,2021年第1四半期,改装済み,,文京区,2021,1,1977.0,44.0,5.0,742857.1428571428,240069,353648,147.31098
中古マンション等,不動産取引価格情報,13105,東京都,文京区,千駄木,本駒込,6,37000000,１Ｒ,25,2018年,ＲＣ,住宅,その他,近隣商業,80.0,400.0,2025年第2四半期,未改装,,文京区,2025,2,2018.0,7.0,6.0,1480000.0,240069,353648,147.31098
中古マンション等,不動産取引価格情報,13105,東京都,文京区,千駄木,本駒込,6,60000000,１ＬＤＫ,40,2018年,ＲＣ,住宅,住宅,近隣商業,80.0,400.0,2025年第1四半期,改装済み,,文京区,2025,1,2018.0,7.0,6.0,1500000.0,240069,353648,147.31098
中古マンション等,不動産取引価格情報,13105,東京都,文京区,千駄木,本駒込,6,43000000,１ＬＤＫ,40,2018年,ＲＣ,住宅,,近隣商業,80.0,400.0,2024年第3四半期,未改装,,文京区,2024,3,2018.0,6.0,6.0,1075000.0,240069,353648,147.31098
中古マンション等,不動産取引価格情報,13105,東京都,文京区,千駄木,本駒込,6,49000000,１ＬＤＫ,35,2018年,ＲＣ,住宅,住宅,近隣商業,80.0,400.0,2023年第2四半期,未改装,,文京区,2023,2,2018.0,5.0,6.0,1400000.0,240069,353648,147.31098
中古マンション等,不動産取引価格情報,13105,東京都,文京区,千駄木,本駒込,6,34000000,,25,2018年,ＲＣ,住宅,住宅,近隣商業,80.0,400.0,2023年第2四半期,未改装,,文京区,2023,2,2018.0,5.0,6.0,1360000.0,240069,353648,147.31098
中古マンション等,不動産取引価格情報,13105,東京都,文京区,千駄木,本駒込,6,54000000,１ＬＤＫ,40,2018年,ＲＣ,住宅,住宅,近隣商業,80.0,400.0,2021年第4四半期,,,文京区,2021,4,2018.0,3.0,6.0,1350000.0,240069,353648,147.31098
中古マンション等,不動産取引価格情報,13105,東京都,文京区,西片,春日(東京),2,90000000,２ＬＤＫ＋Ｓ,75,1970年,ＳＲＣ,住宅,住宅,商業,80.0,600.0,2025年第3四半期,改装済み,,文京区,2025,3,1970.0,55.0,2.0,1200000.0,240069,353648,147.31098
中古マンション等,不動産取引価格情報,13105,東京都,文京区,西片,春日(東京),2,83000000,２ＬＤＫ,55,2001年,ＳＲＣ,住宅,住宅,商業,80.0,600.0,2025年第1四半期,未改装,,文京区,2025,1,2001.0,24.0,2.0,1509090.9090909092,240069,353648,147.31098
中古マンション等,不動産取引価格情報,13105,東京都,文京区,西片,春日(東京),7,38000000,２ＤＫ,35,1971年,ＳＲＣ,住宅,住宅,１低住専,60.0,150.0,2025年第1四半期,改装済み,,文京区,2025,1,1971.0,54.0,7.0,1085714.2857142857,240069,353648,147.31098
中古マンション等,不動産取引価格情報,13105,東京都,文京区,西片,春日(東京),3,26000000,１Ｋ,20,2005年,ＳＲＣ,住宅,住宅,商業,80.0,600.0,2025年第1四半期,未改装,,文京区,2025,1,2005.0,20.0,3.0,1300000.0,240069,353648,147.31098
中古マンション等,不動産取引価格情報,13105,東京都,文京区,西片,春日(東京),2,64000000,２ＬＤＫ,75,1970年,ＳＲＣ,住宅,住宅,商業,80.0,600.0,2024年第4四半期,未改装,,文京区,2024,4,1970.0,54.0,2.0,853333.3333333334,240069,353648,147.31098
中古マンション等,不動産取引価格情報,13105,東京都,文京区,西片,春日(東京),7,65000000,３ＬＤＫ,60,1971年,ＳＲＣ,住宅,住宅,１低住専,60.0,150.0,2024年第1四半期,改装済み,,文京区,2024,1,1971.0,53.0,7.0,1083333.3333333333,240069,353648,147.31098
中古マンション等,不動産取引価格情報,13105,東京都,文京区,西片,春日(東京),2,41000000,１ＬＤＫ,45,1970年,ＳＲＣ,住宅,住宅,商業,80.0,600.0,2024年第1四半期,未改装,,文京区,2024,1,1970.0,54.0,2.0,911111.1111111111,240069,353648,147.31098
中古マンション等,不動産取引価格情報,13105,東京都,文京区,西片,春日(東京),7,73000000,２ＬＤＫ,60,1971年,ＳＲＣ,住宅,住宅,１低住専,60.0,150.0,2024年第1四半期,改装済み,,文京区,2024,1,1971.0,53.0,7.0,1216666.6666666667,240069,353648,147.31098
中古マンション等,不動産取引価格情報,13105,東京都,文京区,西片,春日(東京),2,74000000,２ＬＤＫ,55,2001年,ＳＲＣ,住宅,住宅,商業,80.0,600.0,2023年第3四半期,未改装,,文京区,2023,3,2001.0,22.0,2.0,1345454.5454545454,240069,353648,147.31098
中古マンション等,不動産取引価格情報,13105,東京都,文京区,西片,春日(東京),2,44000000,１ＬＤＫ,35,1970年,ＳＲＣ,住宅,住宅,商業,80.0,600.0,2023年第3四半期,改装済み,,文京区,2023,3,1970.0,53.0,2.0,1257142.857142857,240069,353648,147.31098
中古マンション等,不動産取引価格情報,13105,東京都,文京区,西片,春日(東京),0,44000000,１ＬＤＫ,35,2009年,ＳＲＣ,住宅,住宅,商業,80.0,600.0,2023年第2四半期,未改装,,文京区,2023,2,2009.0,14.0,0.0,1257142.857142857,240069,353648,147.31098
中古マンション等,不動産取引価格情報,13105,東京都,文京区,西片,春日(東京),0,25000000,１Ｋ,20,2009年,ＳＲＣ,住宅,住宅,商業,80.0,600.0,2023年第2四半期,未改装,,文京区,2023,2,2009.0,14.0,0.0,1250000.0,240069,353648,147.31098
中古マンション等,不動産取引価格情報,13105,東京都,文京区,西片,春日(東京),7,52000000,３ＬＤＫ,60,1971年,ＳＲＣ,住宅,住宅,１低住専,60.0,150.0,2023年第1四半期,未改装,,文京区,2023,1,1971.0,52.0,7.0,866666.6666666666,240069,353648,147.31098
中古マンション等,不動産取引価格情報,13105,東京都,文京区,西片,春日(東京),2,49000000,１ＬＤＫ,55,1970年,ＳＲＣ,住宅,住宅,商業,80.0,600.0,2023年第1四半期,未改装,,文京区,2023,1,1970.0,53.0,2.0,890909.0909090909,240069,353648,147.31098
中古マンション等,不動産取引価格情報,13105,東京都,文京区,西片,春日(東京),7,60000000,３ＬＤＫ,60,1971年,ＳＲＣ,住宅,住宅,１低住専,60.0,150.0,2023年第1四半期,,,文京区,2023,1,1971.0,52.0,7.0,1000000.0,240069,353648,147.31098
中古マンション等,不動産取引価格情報,13105,東京都,文京区,西片,春日(東京),3,24000000,１Ｋ,20,2005年,ＳＲＣ,住宅,住宅,商業,80.0,600.0,2023年第1四半期,改装済み,,文京区,2023,1,2005.0,18.0,3.0,1200000.0,240069,353648,147.31098
中古マンション等,不動産取引価格情報,13105,東京都,文京区,西片,春日(東京),4,31000000,１Ｋ,25,2014年,ＲＣ,住宅,住宅,商業,80.0,600.0,2022年第4四半期,,,文京区,2022,4,2014.0,8.0,4.0,1240000.0,240069,353648,147.31098
中古マンション等,不動産取引価格情報,13105,東京都,文京区,西片,春日(東京),0,26000000,１Ｋ,20,2009年,ＳＲＣ,住宅,住宅,商業,80.0,600.0,2022年第3四半期,未改装,,文京区,2022,3,2009.0,13.0,0.0,1300000.0,240069,353648,147.31098
中古マンション等,不動産取引価格情報,13105,東京都,文京区,西片,春日(東京),0,26000000,１Ｋ,20,2009年,ＳＲＣ,住宅,住宅,商業,80.0,600.0,2022年第3四半期,未改装,,文京区,2022,3,2009.0,13.0,0.0,1300000.0,240069,353648,147.31098
中古マンション等,不動産取引価格情報,13105,東京都,文京区,西片,春日(東京),2,67000000,３ＬＤＫ,75,2001年,ＳＲＣ,住宅,住宅,商業,80.0,600.0,2022年第3四半期,未改装,,文京区,2022,3,2001.0,21.0,2.0,893333.3333333334,240069,353648,147.31098
中古マンション等,不動産取引価格情報,13105,東京都,文京区,西片,春日(東京),8,100000000,３ＬＤＫ,70,2009年,ＲＣ,住宅,住宅,１低住専,60.0,150.0,2022年第3四半期,未改装,,文京区,2022,3,2009.0,13.0,8.0,1428571.4285714286,240069,353648,147.31098
中古マンション等,不動産取引価格情報,13105,東京都,文京区,西片,春日(東京),2,75000000,３ＬＤＫ,95,1970年,ＳＲＣ,住宅,その他,商業,80.0,600.0,2022年第3四半期,未改装,,文京区,2022,3,1970.0,52.0,2.0,789473.6842105263,240069,353648,147.31098
中古マンション等,不動産取引価格情報,13105,東京都,文京区,西片,春日(東京),2,45000000,２ＤＫ,45,1970年,ＳＲＣ,住宅,住宅,商業,80.0,600.0,2021年第4四半期,改装済み,,文京区,2021,4,1970.0,51.0,2.0,1000000.0,240069,353648,147.31098
中古マンション等,不動産取引価格情報,13105,東京都,文京区,西片,春日(東京),3,24000000,１Ｋ,20,2005年,ＳＲＣ,住宅,住宅,商業,80.0,600.0,2021年第4四半期,未改装,,文京区,2021,4,2005.0,16.0,3.0,1200000.0,240069,353648,147.31098
中古マンション等,不動産取引価格情報,13105,東京都,文京区,西片,春日(東京),2,45000000,,50,1984年,ＲＣ,住宅,住宅,１低住専,60.0,150.0,2021年第3四半期,未改装,,文京区,2021,3,1984.0,37.0,2.0,900000.0,240069,353648,147.31098
中古マンション等,不動産取引価格情報,13105,東京都,文京区,西片,春日(東京),0,26000000,１Ｋ,20,2009年,ＳＲＣ,住宅,その他,商業,80.0,600.0,2021年第2四半期,未改装,,文京区,2021,2,2009.0,12.0,0.0,1300000.0,240069,353648,147.31098
中古マンション等,不動産取引価格情報,13105,東京都,文京区,西片,春日(東京),0,40000000,１ＬＤＫ,35,2009年,ＳＲＣ,住宅,住宅,商業,80.0,600.0,2021年第1四半期,未改装,,文京区,2021,1,2009.0,12.0,0.0,1142857.142857143,240069,353648,147.31098
中古マンション等,不動産取引価格情報,13105,東京都,文京区,西片,春日(東京),4,30000000,１Ｋ,25,2014年,ＲＣ,,住宅,商業,80.0,600.0,2021年第1四半期,未改装,,文京区,2021,1,2014.0,7.0,4.0,1200000.0,240069,353648,147.31098
中古マンション等,不動産取引価格情報,13105,東京都,文京区,西片,東大前,4,37000000,１Ｋ,25,2016年,ＲＣ,住宅,住宅,近隣商業,80.0,400.0,2024年第4四半期,未改装,,文京区,2024,4,2016.0,8.0,4.0,1480000.0,240069,353648,147.31098
中古マンション等,不動産取引価格情報,13105,東京都,文京区,西片,東大前,4,33000000,１Ｋ,25,2016年,ＲＣ,住宅,住宅,近隣商業,80.0,400.0,2024年第3四半期,未改装,,文京区,2024,3,2016.0,8.0,4.0,1320000.0,240069,353648,147.31098
中古マンション等,不動産取引価格情報,13105,東京都,文京区,西片,東大前,7,90000000,２ＬＤＫ,55,2022年,ＲＣ,住宅,住宅,１低住専,60.0,150.0,2024年第3四半期,未改装,,文京区,2024,3,2022.0,2.0,7.0,1636363.6363636365,240069,353648,147.31098
中古マンション等,不動産取引価格情報,13105,東京都,文京区,西片,東大前,4,24000000,１Ｋ,20,2011年,ＲＣ,住宅,住宅,近隣商業,80.0,400.0,2024年第2四半期,,,文京区,2024,2,2011.0,13.0,4.0,1200000.0,240069,353648,147.31098
中古マンション等,不動産取引価格情報,13105,東京都,文京区,西片,東大前,5,23000000,,20,2004年,ＲＣ,住宅,住宅,１種住居,60.0,300.0,2024年第2四半期,未改装,,文京区,2024,2,2004.0,20.0,5.0,1150000.0,240069,353648,147.31098
中古マンション等,不動産取引価格情報,13105,東京都,文京区,西片,東大前,4,50000000,２ＬＤＫ,55,1986年,ＲＣ,住宅,住宅,近隣商業,80.0,400.0,2023年第4四半期,未改装,,文京区,2023,4,1986.0,37.0,4.0,909090.9090909091,240069,353648,147.31098
中古マンション等,不動産取引価格情報,13105,東京都,文京区,西片,東大前,6,8500000,１Ｋ,15,1992年,ＲＣ,住宅,住宅,１低住専,60.0,150.0,2023年第3四半期,未改装,,文京区,2023,3,1992.0,31.0,6.0,566666.6666666666,240069,353648,147.31098
中古マンション等,不動産取引価格情報,13105,東京都,文京区,西片,東大前,5,25000000,１Ｋ,20,2004年,ＲＣ,住宅,その他,１種住居,60.0,300.0,2023年第2四半期,改装済み,,文京区,2023,2,2004.0,19.0,5.0,1250000.0,240069,353648,147.31098
中古マンション等,不動産取引価格情報,13105,東京都,文京区,西片,東大前,4,25000000,１Ｋ,25,2016年,ＲＣ,住宅,住宅,近隣商業,80.0,400.0,2021年第4四半期,,,文京区,2021,4,2016.0,5.0,4.0,1000000.0,240069,353648,147.31098
中古マンション等,不動産取引価格情報,13105,東京都,文京区,西片,東大前,4,25000000,１Ｋ,25,2016年,ＲＣ,住宅,住宅,近隣商業,80.0,400.0,2021年第4四半期,,,文京区,2021,4,2016.0,5.0,4.0,1000000.0,240069,353648,147.31098
中古マンション等,不動産取引価格情報,13105,東京都,文京区,西片,東大前,5,26000000,１Ｋ,20,2004年,ＲＣ,住宅,住宅,１種住居,60.0,300.0,2021年第4四半期,未改装,,文京区,2021,4,2004.0,17.0,5.0,1300000.0,240069,353648,147.31098
中古マンション等,不動産取引価格情報,13105,東京都,文京区,西片,東大前,4,15000000,１Ｋ,15,1986年,ＲＣ,住宅,住宅,近隣商業,80.0,400.0,2021年第2四半期,未改装,,文京区,2021,2,1986.0,35.0,4.0,1000000.0,240069,353648,147.31098
中古マンション等,不動産取引価格情報,13105,東京都,文京区,西片,東大前,5,29000000,１Ｋ,25,2011年,ＲＣ,住宅,住宅,近隣商業,80.0,400.0,2021年第1四半期,未改装,,文京区,2021,1,2011.0,10.0,5.0,1160000.0,240069,353648,147.31098
中古マンション等,不動産取引価格情報,13105,東京都,文京区,西片,本駒込,5,26000000,１Ｋ,20,2011年,ＲＣ,住宅,住宅,近隣商業,80.0,400.0,2022年第2四半期,未改装,,文京区,2022,2,2011.0,11.0,5.0,1300000.0,240069,353648,147.31098
中古マンション等,不動産取引価格情報,13105,東京都,文京区,西片,本駒込,5,28000000,１Ｋ,20,2011年,ＲＣ,住宅,住宅,近隣商業,80.0,400.0,2021年第4四半期,未改装,,文京区,2021,4,2011.0,10.0,5.0,1400000.0,240069,353648,147.31098
中古マンション等,不動産取引価格情報,13105,東京都,文京区,根津,根津,3,190000000,２ＬＤＫ,75,2008年,ＲＣ,住宅,住宅,２種住居,60.0,300.0,2025年第4四半期,改装済み,,文京区,2025,4,2008.0,17.0,3.0,2533333.3333333335,240069,353648,147.31098
中古マンション等,不動産取引価格情報,13105,東京都,文京区,根津,根津,4,55000000,２ＬＤＫ,50,1982年,ＳＲＣ,,住宅,商業,80.0,600.0,2025年第4四半期,未改装,,文京区,2025,4,1982.0,43.0,4.0,1100000.0,240069,353648,147.31098
中古マンション等,不動産取引価格情報,13105,東京都,文京区,根津,根津,1,29000000,１Ｋ,20,2005年,ＲＣ,住宅,住宅,商業,80.0,600.0,2025年第3四半期,改装済み,,文京区,2025,3,2005.0,20.0,1.0,1450000.0,240069,353648,147.31098
中古マンション等,不動産取引価格情報,13105,東京都,文京区,根津,根津,3,26000000,１Ｋ,25,2001年,ＲＣ,住宅,住宅,１種住居,60.0,300.0,2025年第3四半期,未改装,,文京区,2025,3,2001.0,24.0,3.0,1040000.0,240069,353648,147.31098
中古マンション等,不動産取引価格情報,13105,東京都,文京区,根津,根津,5,88000000,２ＬＤＫ,50,1998年,ＳＲＣ,住宅,住宅,商業,80.0,600.0,2025年第2四半期,改装済み,,文京区,2025,2,1998.0,27.0,5.0,1760000.0,240069,353648,147.31098
中古マンション等,不動産取引価格情報,13105,東京都,文京区,根津,根津,1,110000000,３ＬＤＫ,65,1999年,ＳＲＣ,住宅,住宅,商業,80.0,600.0,2025年第2四半期,改装済み,,文京区,2025,2,1999.0,26.0,1.0,1692307.6923076923,240069,353648,147.31098
中古マンション等,不動産取引価格情報,13105,東京都,文京区,根津,根津,6,180000000,オープンフロア,195,1992年,ＳＲＣ,店舗,店舗,商業,80.0,600.0,2025年第2四半期,改装済み,,文京区,2025,2,1992.0,33.0,6.0,923076.9230769231,240069,353648,147.31098
中古マンション等,不動産取引価格情報,13105,東京都,文京区,根津,根津,2,93000000,２ＬＤＫ,60,1992年,ＳＲＣ,住宅,住宅,商業,80.0,600.0,2025年第2四半期,改装済み,,文京区,2025,2,1992.0,33.0,2.0,1550000.0,240069,353648,147.31098
中古マンション等,不動産取引価格情報,13105,東京都,文京区,根津,根津,3,150000000,２ＬＤＫ,65,2008年,ＲＣ,住宅,住宅,２種住居,60.0,300.0,2025年第2四半期,改装済み,,文京区,2025,2,2008.0,17.0,3.0,2307692.3076923075,240069,353648,147.31098
中古マンション等,不動産取引価格情報,13105,東京都,文京区,根津,根津,1,45000000,１Ｋ,25,2016年,ＲＣ,住宅,住宅,商業,80.0,600.0,2025年第1四半期,未改装,,文京区,2025,1,2016.0,9.0,1.0,1800000.0,240069,353648,147.31098
中古マンション等,不動産取引価格情報,13105,東京都,文京区,根津,根津,3,80000000,２ＬＤＫ,60,2001年,ＳＲＣ,住宅,住宅,商業,80.0,600.0,2025年第1四半期,未改装,,文京区,2025,1,2001.0,24.0,3.0,1333333.3333333333,240069,353648,147.31098
中古マンション等,不動産取引価格情報,13105,東京都,文京区,根津,根津,1,27000000,１Ｋ,20,2005年,ＲＣ,住宅,住宅,商業,80.0,600.0,2025年第1四半期,未改装,,文京区,2025,1,2005.0,20.0,1.0,1350000.0,240069,353648,147.31098
中古マンション等,不動産取引価格情報,13105,東京都,文京区,根津,根津,5,58000000,１ＬＤＫ,50,1998年,ＳＲＣ,住宅,住宅,商業,80.0,600.0,2024年第4四半期,未改装,,文京区,2024,4,1998.0,26.0,5.0,1160000.0,240069,353648,147.31098
中古マンション等,不動産取引価格情報,13105,東京都,文京区,根津,根津,5,62000000,２ＬＤＫ,50,1998年,ＳＲＣ,住宅,住宅,商業,80.0,600.0,2024年第4四半期,未改装,,文京区,2024,4,1998.0,26.0,5.0,1240000.0,240069,353648,147.31098
中古マンション等,不動産取引価格情報,13105,東京都,文京区,根津,根津,3,130000000,２ＬＤＫ,65,2008年,ＲＣ,住宅,住宅,２種住居,60.0,300.0,2024年第4四半期,改装済み,,文京区,2024,4,2008.0,16.0,3.0,2000000.0,240069,353648,147.31098
中古マンション等,不動産取引価格情報,13105,東京都,文京区,根津,根津,1,40000000,１ＬＤＫ,40,1995年,ＳＲＣ,住宅,住宅,商業,80.0,600.0,2024年第4四半期,未改装,,文京区,2024,4,1995.0,29.0,1.0,1000000.0,240069,353648,147.31098
中古マンション等,不動産取引価格情報,13105,東京都,文京区,根津,根津,3,66000000,１ＬＤＫ＋Ｓ,50,1996年,ＳＲＣ,住宅,住宅,商業,80.0,600.0,2024年第3四半期,改装済み,,文京区,2024,3,1996.0,28.0,3.0,1320000.0,240069,353648,147.31098
中古マンション等,不動産取引価格情報,13105,東京都,文京区,根津,根津,3,110000000,２ＤＫ,65,2008年,ＲＣ,住宅,住宅,２種住居,60.0,300.0,2024年第3四半期,改装済み,,文京区,2024,3,2008.0,16.0,3.0,1692307.6923076923,240069,353648,147.31098
中古マンション等,不動産取引価格情報,13105,東京都,文京区,根津,根津,3,210000000,３ＬＤＫ,80,2008年,ＲＣ,住宅,住宅,２種住居,60.0,300.0,2024年第3四半期,改装済み,,文京区,2024,3,2008.0,16.0,3.0,2625000.0,240069,353648,147.31098
中古マンション等,不動産取引価格情報,13105,東京都,文京区,根津,根津,3,9000000,１Ｋ,20,2001年,ＲＣ,住宅,住宅,１種住居,60.0,300.0,2024年第2四半期,未改装,,文京区,2024,2,2001.0,23.0,3.0,450000.0,240069,353648,147.31098
中古マンション等,不動産取引価格情報,13105,東京都,文京区,根津,根津,1,14000000,,20,1986年,ＳＲＣ,住宅,住宅,商業,80.0,600.0,2024年第2四半期,未改装,,文京区,2024,2,1986.0,38.0,1.0,700000.0,240069,353648,147.31098
中古マンション等,不動産取引価格情報,13105,東京都,文京区,根津,根津,3,96000000,２ＬＤＫ,65,2008年,ＲＣ,住宅,住宅,２種住居,60.0,300.0,2024年第2四半期,未改装,,文京区,2024,2,2008.0,16.0,3.0,1476923.076923077,240069,353648,147.31098
中古マンション等,不動産取引価格情報,13105,東京都,文京区,根津,根津,4,66000000,２ＬＤＫ,55,2014年,ＲＣ,住宅,住宅,１種住居,60.0,300.0,2024年第1四半期,未改装,,文京区,2024,1,2014.0,10.0,4.0,1200000.0,240069,353648,147.31098
中古マンション等,不動産取引価格情報,13105,東京都,文京区,根津,根津,5,68000000,２ＬＤＫ,60,1989年,ＳＲＣ,住宅,住宅,商業,80.0,600.0,2024年第1四半期,改装済み,,文京区,2024,1,1989.0,35.0,5.0,1133333.3333333333,240069,353648,147.31098
中古マンション等,不動産取引価格情報,13105,東京都,文京区,根津,根津,1,97000000,４ＬＤＫ,80,1999年,ＳＲＣ,住宅,住宅,商業,80.0,600.0,2024年第1四半期,未改装,,文京区,2024,1,1999.0,25.0,1.0,1212500.0,240069,353648,147.31098
中古マンション等,不動産取引価格情報,13105,東京都,文京区,根津,根津,4,94000000,３ＬＤＫ,70,2005年,ＲＣ,住宅,住宅,１種住居,60.0,300.0,2024年第1四半期,未改装,,文京区,2024,1,2005.0,19.0,4.0,1342857.142857143,240069,353648,147.31098
中古マンション等,不動産取引価格情報,13105,東京都,文京区,根津,根津,4,36000000,１ＤＫ,25,2014年,ＲＣ,住宅,住宅,１種住居,60.0,300.0,2024年第1四半期,未改装,,文京区,2024,1,2014.0,10.0,4.0,1440000.0,240069,353648,147.31098
中古マンション等,不動産取引価格情報,13105,東京都,文京区,根津,根津,5,75000000,２ＬＤＫ,60,1998年,ＳＲＣ,住宅,住宅,商業,80.0,600.0,2024年第1四半期,改装済み,,文京区,2024,1,1998.0,26.0,5.0,1250000.0,240069,353648,147.31098
中古マンション等,不動産取引価格情報,13105,東京都,文京区,根津,根津,2,60000000,,40,2004年,ＳＲＣ,,,近隣商業,80.0,400.0,2023年第4四半期,,,文京区,2023,4,2004.0,19.0,2.0,1500000.0,240069,353648,147.31098
中古マンション等,不動産取引価格情報,13105,東京都,文京区,根津,根津,6,31000000,１ＤＫ,35,1992年,ＳＲＣ,住宅,住宅,商業,80.0,600.0,2023年第4四半期,,,文京区,2023,4,1992.0,31.0,6.0,885714.2857142857,240069,353648,147.31098
中古マンション等,不動産取引価格情報,13105,東京都,文京区,根津,根津,1,22000000,１Ｋ,20,2002年,ＳＲＣ,住宅,住宅,商業,80.0,600.0,2023年第4四半期,未改装,,文京区,2023,4,2002.0,21.0,1.0,1100000.0,240069,353648,147.31098
中古マンション等,不動産取引価格情報,13105,東京都,文京区,根津,根津,3,120000000,３ＬＤＫ,65,2008年,ＲＣ,住宅,住宅,２種住居,60.0,300.0,2023年第3四半期,改装済み,,文京区,2023,3,2008.0,15.0,3.0,1846153.8461538462,240069,353648,147.31098
中古マンション等,不動産取引価格情報,13105,東京都,文京区,根津,根津,1,52000000,１ＬＤＫ,35,2019年,ＲＣ,住宅,住宅,商業,80.0,600.0,2023年第2四半期,未改装,,文京区,2023,2,2019.0,4.0,1.0,1485714.2857142857,240069,353648,147.31098
中古マンション等,不動産取引価格情報,13105,東京都,文京区,根津,根津,1,23000000,１Ｋ,20,2005年,ＲＣ,住宅,住宅,商業,80.0,600.0,2023年第2四半期,未改装,,文京区,2023,2,2005.0,18.0,1.0,1150000.0,240069,353648,147.31098
中古マンション等,不動産取引価格情報,13105,東京都,文京区,根津,根津,3,79000000,１ＬＤＫ,50,2008年,ＲＣ,住宅,住宅,２種住居,60.0,300.0,2023年第2四半期,未改装,,文京区,2023,2,2008.0,15.0,3.0,1580000.0,240069,353648,147.31098
中古マンション等,不動産取引価格情報,13105,東京都,文京区,根津,根津,2,55000000,１ＬＤＫ,45,1995年,ＳＲＣ,住宅,住宅,商業,80.0,600.0,2023年第2四半期,改装済み,,文京区,2023,2,1995.0,28.0,2.0,1222222.2222222222,240069,353648,147.31098
中古マンション等,不動産取引価格情報,13105,東京都,文京区,根津,根津,4,60000000,２ＬＤＫ,55,1998年,ＳＲＣ,住宅,住宅,商業,80.0,600.0,2023年第2四半期,未改装,,文京区,2023,2,1998.0,25.0,4.0,1090909.0909090908,240069,353648,147.31098
中古マンション等,不動産取引価格情報,13105,東京都,文京区,根津,根津,4,37000000,１ＬＤＫ,35,1982年,ＳＲＣ,住宅,住宅,商業,80.0,600.0,2023年第2四半期,改装済み,,文京区,2023,2,1982.0,41.0,4.0,1057142.857142857,240069,353648,147.31098
中古マンション等,不動産取引価格情報,13105,東京都,文京区,根津,根津,1,59000000,２ＬＤＫ,50,1995年,ＳＲＣ,住宅,住宅,商業,80.0,600.0,2023年第2四半期,未改装,,文京区,2023,2,1995.0,28.0,1.0,1180000.0,240069,353648,147.31098
中古マンション等,不動産取引価格情報,13105,東京都,文京区,根津,根津,1,28000000,１ＤＫ,25,1986年,ＳＲＣ,住宅,,商業,80.0,600.0,2023年第2四半期,改装済み,,文京区,2023,2,1986.0,37.0,1.0,1120000.0,240069,353648,147.31098
中古マンション等,不動産取引価格情報,13105,東京都,文京区,根津,根津,3,47000000,,50,1996年,ＳＲＣ,店舗,店舗,商業,80.0,600.0,2023年第2四半期,未改装,,文京区,2023,2,1996.0,27.0,3.0,940000.0,240069,353648,147.31098
中古マンション等,不動産取引価格情報,13105,東京都,文京区,根津,根津,4,66000000,１ＬＤＫ＋Ｓ,50,2014年,ＲＣ,住宅,住宅,１種住居,60.0,300.0,2023年第1四半期,未改装,,文京区,2023,1,2014.0,9.0,4.0,1320000.0,240069,353648,147.31098
中古マンション等,不動産取引価格情報,13105,東京都,文京区,根津,根津,5,44000000,１ＬＤＫ,40,1998年,ＳＲＣ,住宅,住宅,商業,80.0,600.0,2023年第1四半期,未改装,,文京区,2023,1,1998.0,25.0,5.0,1100000.0,240069,353648,147.31098
中古マンション等,不動産取引価格情報,13105,東京都,文京区,根津,根津,3,75000000,１ＬＤＫ,55,2008年,ＲＣ,住宅,住宅,２種住居,60.0,300.0,2023年第1四半期,未改装,,文京区,2023,1,2008.0,15.0,3.0,1363636.3636363635,240069,353648,147.31098
中古マンション等,不動産取引価格情報,13105,東京都,文京区,根津,根津,1,94000000,３ＬＤＫ,70,1999年,ＳＲＣ,住宅,住宅,商業,80.0,600.0,2023年第1四半期,改装済み,,文京区,2023,1,1999.0,24.0,1.0,1342857.142857143,240069,353648,147.31098
中古マンション等,不動産取引価格情報,13105,東京都,文京区,根津,根津,2,17000000,１Ｋ,15,2000年,ＲＣ,事務所,住宅,近隣商業,80.0,400.0,2023年第1四半期,改装済み,,文京区,2023,1,2000.0,23.0,2.0,1133333.3333333333,240069,353648,147.31098
中古マンション等,不動産取引価格情報,13105,東京都,文京区,根津,根津,1,66000000,３ＬＤＫ,60,1995年,ＳＲＣ,住宅,住宅,商業,80.0,600.0,2022年第4四半期,改装済み,,文京区,2022,4,1995.0,27.0,1.0,1100000.0,240069,353648,147.31098
中古マンション等,不動産取引価格情報,13105,東京都,文京区,根津,根津,2,15000000,１Ｋ,20,2000年,ＲＣ,,住宅,近隣商業,80.0,400.0,2022年第4四半期,,,文京区,2022,4,2000.0,22.0,2.0,750000.0,240069,353648,147.31098
中古マンション等,不動産取引価格情報,13105,東京都,文京区,根津,根津,3,24000000,１Ｋ,20,2001年,ＲＣ,住宅,住宅,１種住居,60.0,300.0,2022年第4四半期,,,文京区,2022,4,2001.0,21.0,3.0,1200000.0,240069,353648,147.31098
中古マンション等,不動産取引価格情報,13105,東京都,文京区,根津,根津,1,50000000,１ＬＤＫ＋Ｓ,60,2015年,ＲＣ,住宅,住宅,近隣商業,80.0,300.0,2022年第4四半期,未改装,,文京区,2022,4,2015.0,7.0,1.0,833333.3333333334,240069,353648,147.31098
中古マンション等,不動産取引価格情報,13105,東京都,文京区,根津,根津,4,27000000,１ＬＤＫ,35,1982年,ＳＲＣ,住宅,その他,商業,80.0,600.0,2022年第4四半期,未改装,,文京区,2022,4,1982.0,40.0,4.0,771428.5714285715,240069,353648,147.31098
中古マンション等,不動産取引価格情報,13105,東京都,文京区,根津,根津,3,58000000,１ＬＤＫ,45,2001年,ＳＲＣ,住宅,住宅,商業,80.0,600.0,2022年第3四半期,改装済み,,文京区,2022,3,2001.0,21.0,3.0,1288888.888888889,240069,353648,147.31098
中古マンション等,不動産取引価格情報,13105,東京都,文京区,根津,根津,1,90000000,２ＬＤＫ,60,2020年,ＲＣ,住宅,住宅,商業,80.0,600.0,2022年第3四半期,改装済み,,文京区,2022,3,2020.0,2.0,1.0,1500000.0,240069,353648,147.31098
中古マンション等,不動産取引価格情報,13105,東京都,文京区,根津,根津,3,62000000,１ＬＤＫ,45,2001年,ＳＲＣ,,住宅,商業,80.0,600.0,2022年第3四半期,改装済み,,文京区,2022,3,2001.0,21.0,3.0,1377777.7777777778,240069,353648,147.31098
中古マンション等,不動産取引価格情報,13105,東京都,文京区,根津,根津,2,31000000,１ＬＤＫ,35,2004年,ＳＲＣ,住宅,住宅,近隣商業,80.0,400.0,2022年第3四半期,未改装,,文京区,2022,3,2004.0,18.0,2.0,885714.2857142857,240069,353648,147.31098
中古マンション等,不動産取引価格情報,13105,東京都,文京区,根津,根津,2,35000000,２ＬＤＫ,40,2004年,ＳＲＣ,住宅,住宅,近隣商業,80.0,400.0,2022年第3四半期,未改装,,文京区,2022,3,2004.0,18.0,2.0,875000.0,240069,353648,147.31098
中古マンション等,不動産取引価格情報,13105,東京都,文京区,根津,根津,2,66000000,１ＬＤＫ,60,2002年,ＳＲＣ,,住宅,商業,80.0,600.0,2022年第2四半期,未改装,,文京区,2022,2,2002.0,20.0,2.0,1100000.0,240069,353648,147.31098
中古マンション等,不動産取引価格情報,13105,東京都,文京区,根津,根津,6,15000000,オープンフロア,20,1985年,ＳＲＣ,,その他,商業,80.0,600.0,2022年第2四半期,未改装,,文京区,2022,2,1985.0,37.0,6.0,750000.0,240069,353648,147.31098
中古マンション等,不動産取引価格情報,13105,東京都,文京区,根津,根津,6,28000000,１Ｋ,25,2005年,ＳＲＣ,,住宅,商業,80.0,600.0,2022年第2四半期,改装済み,,文京区,2022,2,2005.0,17.0,6.0,1120000.0,240069,353648,147.31098
中古マンション等,不動産取引価格情報,13105,東京都,文京区,根津,根津,1,31000000,１Ｒ,35,2003年,ＳＲＣ,,住宅,商業,80.0,600.0,2022年第2四半期,未改装,,文京区,2022,2,2003.0,19.0,1.0,885714.2857142857,240069,353648,147.31098
中古マンション等,不動産取引価格情報,13105,東京都,文京区,根津,根津,2,40000000,１ＤＫ,40,2004年,ＳＲＣ,,住宅,近隣商業,80.0,400.0,2022年第1四半期,未改装,,文京区,2022,1,2004.0,18.0,2.0,1000000.0,240069,353648,147.31098
中古マンション等,不動産取引価格情報,13105,東京都,文京区,根津,根津,1,47000000,,35,1986年,ＳＲＣ,,住宅,商業,80.0,600.0,2022年第1四半期,改装済み,,文京区,2022,1,1986.0,36.0,1.0,1342857.142857143,240069,353648,147.31098
中古マンション等,不動産取引価格情報,13105,東京都,文京区,根津,根津,3,97000000,２ＬＤＫ,65,2008年,ＲＣ,,住宅,２種住居,60.0,300.0,2022年第1四半期,,,文京区,2022,1,2008.0,14.0,3.0,1492307.6923076923,240069,353648,147.31098
中古マンション等,不動産取引価格情報,13105,東京都,文京区,根津,根津,4,42000000,１ＬＤＫ,40,2006年,ＲＣ,,住宅,１種住居,60.0,300.0,2022年第1四半期,未改装,,文京区,2022,1,2006.0,16.0,4.0,1050000.0,240069,353648,147.31098
中古マンション等,不動産取引価格情報,13105,東京都,文京区,根津,根津,1,97000000,３ＬＤＫ,65,2020年,ＲＣ,住宅,住宅,商業,80.0,600.0,2022年第1四半期,未改装,,文京区,2022,1,2020.0,2.0,1.0,1492307.6923076923,240069,353648,147.31098
中古マンション等,不動産取引価格情報,13105,東京都,文京区,根津,根津,3,67000000,１ＬＤＫ,50,2008年,ＲＣ,住宅,住宅,２種住居,60.0,300.0,2021年第4四半期,改装済み,,文京区,2021,4,2008.0,13.0,3.0,1340000.0,240069,353648,147.31098
中古マンション等,不動産取引価格情報,13105,東京都,文京区,根津,根津,2,62000000,オープンフロア,65,1992年,ＳＲＣ,事務所,事務所,商業,80.0,600.0,2021年第4四半期,改装済み,,文京区,2021,4,1992.0,29.0,2.0,953846.1538461539,240069,353648,147.31098
中古マンション等,不動産取引価格情報,13105,東京都,文京区,根津,根津,3,74000000,１ＬＤＫ,55,2008年,ＲＣ,,住宅,２種住居,60.0,300.0,2021年第4四半期,未改装,,文京区,2021,4,2008.0,13.0,3.0,1345454.5454545454,240069,353648,147.31098
中古マンション等,不動産取引価格情報,13105,東京都,文京区,根津,根津,3,82000000,１ＬＤＫ,60,2008年,ＲＣ,,住宅,２種住居,60.0,300.0,2021年第4四半期,未改装,,文京区,2021,4,2008.0,13.0,3.0,1366666.6666666667,240069,353648,147.31098
中古マンション等,不動産取引価格情報,13105,東京都,文京区,根津,根津,1,21000000,１Ｋ,20,2005年,ＲＣ,,住宅,商業,80.0,600.0,2021年第4四半期,,,文京区,2021,4,2005.0,16.0,1.0,1050000.0,240069,353648,147.31098
中古マンション等,不動産取引価格情報,13105,東京都,文京区,根津,根津,2,41000000,１ＬＤＫ,40,2004年,ＳＲＣ,,住宅,近隣商業,80.0,400.0,2021年第4四半期,,,文京区,2021,4,2004.0,17.0,2.0,1025000.0,240069,353648,147.31098
中古マンション等,不動産取引価格情報,13105,東京都,文京区,根津,根津,3,50000000,１ＬＤＫ,45,2001年,ＳＲＣ,,その他,商業,80.0,600.0,2021年第3四半期,未改装,,文京区,2021,3,2001.0,20.0,3.0,1111111.111111111,240069,353648,147.31098
中古マンション等,不動産取引価格情報,13105,東京都,文京区,根津,根津,1,57000000,３ＬＤＫ,60,1995年,ＳＲＣ,住宅,住宅,商業,80.0,600.0,2021年第3四半期,未改装,,文京区,2021,3,1995.0,26.0,1.0,950000.0,240069,353648,147.31098
中古マンション等,不動産取引価格情報,13105,東京都,文京区,根津,根津,1,19000000,１Ｋ,20,1986年,ＳＲＣ,住宅,住宅,商業,80.0,600.0,2021年第3四半期,改装済み,,文京区,2021,3,1986.0,35.0,1.0,950000.0,240069,353648,147.31098
中古マンション等,不動産取引価格情報,13105,東京都,文京区,根津,根津,3,68000000,１ＬＤＫ,60,2008年,ＲＣ,住宅,住宅,２種住居,60.0,300.0,2021年第3四半期,未改装,,文京区,2021,3,2008.0,13.0,3.0,1133333.3333333333,240069,353648,147.31098
中古マンション等,不動産取引価格情報,13105,東京都,文京区,根津,根津,1,36000000,２ＤＫ,40,1995年,ＳＲＣ,住宅,住宅,商業,80.0,600.0,2021年第3四半期,未改装,,文京区,2021,3,1995.0,26.0,1.0,900000.0,240069,353648,147.31098
中古マンション等,不動産取引価格情報,13105,東京都,文京区,根津,根津,1,45000000,２ＤＫ,45,1995年,ＳＲＣ,住宅,住宅,商業,80.0,600.0,2021年第2四半期,改装済み,,文京区,2021,2,1995.0,26.0,1.0,1000000.0,240069,353648,147.31098
中古マンション等,不動産取引価格情報,13105,東京都,文京区,根津,根津,2,16000000,１Ｋ,20,2000年,ＲＣ,住宅,その他,近隣商業,80.0,400.0,2021年第2四半期,未改装,,文京区,2021,2,2000.0,21.0,2.0,800000.0,240069,353648,147.31098
中古マンション等,不動産取引価格情報,13105,東京都,文京区,根津,根津,3,24000000,１Ｋ,20,2001年,ＲＣ,住宅,住宅,１種住居,60.0,300.0,2021年第2四半期,未改装,,文京区,2021,2,2001.0,20.0,3.0,1200000.0,240069,353648,147.31098
中古マンション等,不動産取引価格情報,13105,東京都,文京区,根津,根津,1,22000000,１Ｋ,20,2005年,ＲＣ,,住宅,商業,80.0,600.0,2021年第2四半期,未改装,,文京区,2021,2,2005.0,16.0,1.0,1100000.0,240069,353648,147.31098
中古マンション等,不動産取引価格情報,13105,東京都,文京区,根津,根津,3,54000000,２ＬＤＫ,50,1996年,ＳＲＣ,,その他,商業,80.0,600.0,2021年第1四半期,改装済み,,文京区,2021,1,1996.0,25.0,3.0,1080000.0,240069,353648,147.31098
中古マンション等,不動産取引価格情報,13105,東京都,文京区,根津,根津,2,20000000,１Ｋ,20,2000年,ＲＣ,,,近隣商業,80.0,400.0,2021年第1四半期,改装済み,,文京区,2021,1,2000.0,21.0,2.0,1000000.0,240069,353648,147.31098
中古マンション等,不動産取引価格情報,13105,東京都,文京区,根津,根津,2,34000000,１Ｋ,35,2004年,ＳＲＣ,住宅,住宅,近隣商業,80.0,400.0,2021年第1四半期,未改装,,文京区,2021,1,2004.0,17.0,2.0,971428.5714285715,240069,353648,147.31098
中古マンション等,不動産取引価格情報,13105,東京都,文京区,根津,根津,2,32000000,１ＬＤＫ,30,2002年,ＳＲＣ,住宅,その他,商業,80.0,600.0,2021年第1四半期,未改装,,文京区,2021,1,2002.0,19.0,2.0,1066666.6666666667,240069,353648,147.31098
中古マンション等,不動産取引価格情報,13105,東京都,文京区,根津,根津,1,72000000,２ＬＤＫ,55,2016年,ＲＣ,,住宅,商業,80.0,600.0,2021年第1四半期,未改装,,文京区,2021,1,2016.0,5.0,1.0,1309090.9090909092,240069,353648,147.31098
中古マンション等,不動産取引価格情報,13105,東京都,文京区,白山,春日(東京),8,26000000,１Ｋ,20,2004年,ＲＣ,,住宅,準工業,60.0,300.0,2025年第3四半期,未改装,,文京区,2025,3,2004.0,21.0,8.0,1300000.0,240069,353648,147.31098
中古マンション等,不動産取引価格情報,13105,東京都,文京区,白山,春日(東京),8,110000000,３ＬＤＫ,75,2006年,ＲＣ,,住宅,近隣商業,80.0,300.0,2025年第3四半期,,,文京区,2025,3,2006.0,19.0,8.0,1466666.6666666667,240069,353648,147.31098
中古マンション等,不動産取引価格情報,13105,東京都,文京区,白山,春日(東京),8,76000000,１ＬＤＫ,50,2006年,ＲＣ,,住宅,近隣商業,80.0,300.0,2025年第2四半期,改装済み,,文京区,2025,2,2006.0,19.0,8.0,1520000.0,240069,353648,147.31098
中古マンション等,不動産取引価格情報,13105,東京都,文京区,白山,春日(東京),8,24000000,１Ｋ,20,2004年,ＲＣ,住宅,その他,準工業,60.0,300.0,2024年第3四半期,改装済み,,文京区,2024,3,2004.0,20.0,8.0,1200000.0,240069,353648,147.31098
中古マンション等,不動産取引価格情報,13105,東京都,文京区,白山,春日(東京),9,23000000,１Ｋ,20,2005年,ＳＲＣ,住宅,その他,商業,80.0,600.0,2024年第2四半期,未改装,,文京区,2024,2,2005.0,19.0,9.0,1150000.0,240069,353648,147.31098
中古マンション等,不動産取引価格情報,13105,東京都,文京区,白山,春日(東京),7,60000000,２ＬＤＫ,50,1985年,ＳＲＣ,住宅,住宅,商業,80.0,600.0,2024年第2四半期,改装済み,,文京区,2024,2,1985.0,39.0,7.0,1200000.0,240069,353648,147.31098
中古マンション等,不動産取引価格情報,13105,東京都,文京区,白山,春日(東京),7,30000000,１Ｋ,25,1985年,ＳＲＣ,住宅,住宅,商業,80.0,600.0,2024年第2四半期,改装済み,,文京区,2024,2,1985.0,39.0,7.0,1200000.0,240069,353648,147.31098
中古マンション等,不動産取引価格情報,13105,東京都,文京区,白山,春日(東京),7,20000000,１Ｋ,25,1985年,ＳＲＣ,住宅,その他,商業,80.0,600.0,2024年第1四半期,未改装,,文京区,2024,1,1985.0,39.0,7.0,800000.0,240069,353648,147.31098
中古マンション等,不動産取引価格情報,13105,東京都,文京区,白山,春日(東京),6,53000000,１ＬＤＫ,40,2014年,ＲＣ,住宅,住宅,商業,80.0,600.0,2024年第1四半期,未改装,,文京区,2024,1,2014.0,10.0,6.0,1325000.0,240069,353648,147.31098
中古マンション等,不動産取引価格情報,13105,東京都,文京区,白山,春日(東京),9,58000000,２ＬＤＫ,55,1986年,ＲＣ,住宅,住宅,準工業,60.0,300.0,2024年第1四半期,改装済み,,文京区,2024,1,1986.0,38.0,9.0,1054545.4545454546,240069,353648,147.31098
中古マンション等,不動産取引価格情報,13105,東京都,文京区,白山,春日(東京),9,26000000,１Ｋ,20,2003年,ＲＣ,住宅,住宅,準工業,60.0,300.0,2024年第1四半期,,,文京区,2024,1,2003.0,21.0,9.0,1300000.0,240069,353648,147.31098
中古マンション等,不動産取引価格情報,13105,東京都,文京区,白山,春日(東京),9,24000000,１Ｋ,20,2005年,ＳＲＣ,住宅,住宅,商業,80.0,600.0,2024年第1四半期,未改装,,文京区,2024,1,2005.0,19.0,9.0,1200000.0,240069,353648,147.31098
中古マンション等,不動産取引価格情報,13105,東京都,文京区,白山,春日(東京),9,26000000,１Ｋ,20,2005年,ＳＲＣ,住宅,住宅,商業,80.0,600.0,2023年第4四半期,未改装,,文京区,2023,4,2005.0,18.0,9.0,1300000.0,240069,353648,147.31098
中古マンション等,不動産取引価格情報,13105,東京都,文京区,白山,春日(東京),7,19000000,１Ｋ,25,1985年,ＳＲＣ,住宅,,商業,80.0,600.0,2023年第4四半期,改装済み,,文京区,2023,4,1985.0,38.0,7.0,760000.0,240069,353648,147.31098
中古マンション等,不動産取引価格情報,13105,東京都,文京区,白山,春日(東京),4,28000000,１Ｋ,25,2011年,ＲＣ,事務所,住宅,商業,80.0,600.0,2023年第4四半期,未改装,,文京区,2023,4,2011.0,12.0,4.0,1120000.0,240069,353648,147.31098
中古マンション等,不動産取引価格情報,13105,東京都,文京区,白山,春日(東京),7,66000000,１ＬＤＫ,55,1997年,ＳＲＣ,住宅,住宅,商業,80.0,600.0,2023年第3四半期,,,文京区,2023,3,1997.0,26.0,7.0,1200000.0,240069,353648,147.31098
中古マンション等,不動産取引価格情報,13105,東京都,文京区,白山,春日(東京),6,50000000,１ＬＤＫ,40,2014年,ＲＣ,住宅,住宅,商業,80.0,600.0,2023年第3四半期,改装済み,,文京区,2023,3,2014.0,9.0,6.0,1250000.0,240069,353648,147.31098
中古マンション等,不動産取引価格情報,13105,東京都,文京区,白山,春日(東京),6,29000000,１Ｋ,25,2014年,ＲＣ,,住宅,商業,80.0,600.0,2023年第3四半期,未改装,,文京区,2023,3,2014.0,9.0,6.0,1160000.0,240069,353648,147.31098
中古マンション等,不動産取引価格情報,13105,東京都,文京区,白山,春日(東京),9,23000000,１Ｋ,20,2003年,ＲＣ,住宅,住宅,準工業,60.0,300.0,2023年第2四半期,,,文京区,2023,2,2003.0,20.0,9.0,1150000.0,240069,353648,147.31098
中古マンション等,不動産取引価格情報,13105,東京都,文京区,白山,春日(東京),6,91000000,３ＬＤＫ,75,2005年,ＳＲＣ,住宅,住宅,商業,80.0,600.0,2023年第2四半期,未改装,,文京区,2023,2,2005.0,18.0,6.0,1213333.3333333333,240069,353648,147.31098
中古マンション等,不動産取引価格情報,13105,東京都,文京区,白山,春日(東京),9,43000000,１ＬＤＫ,40,2005年,ＳＲＣ,住宅,住宅,商業,80.0,600.0,2023年第2四半期,未改装,,文京区,2023,2,2005.0,18.0,9.0,1075000.0,240069,353648,147.31098
中古マンション等,不動産取引価格情報,13105,東京都,文京区,白山,春日(東京),6,32000000,１Ｋ,25,2014年,ＲＣ,住宅,住宅,商業,80.0,600.0,2023年第1四半期,,,文京区,2023,1,2014.0,9.0,6.0,1280000.0,240069,353648,147.31098
中古マンション等,不動産取引価格情報,13105,東京都,文京区,白山,春日(東京),9,27000000,１ＤＫ,20,2003年,ＲＣ,住宅,住宅,準工業,60.0,300.0,2023年第1四半期,未改装,,文京区,2023,1,2003.0,20.0,9.0,1350000.0,240069,353648,147.31098
中古マンション等,不動産取引価格情報,13105,東京都,文京区,白山,春日(東京),10,110000000,３ＬＤＫ,70,2002年,ＲＣ,住宅,住宅,準工業,60.0,300.0,2023年第1四半期,改装済み,,文京区,2023,1,2002.0,21.0,10.0,1571428.5714285714,240069,353648,147.31098
中古マンション等,不動産取引価格情報,13105,東京都,文京区,白山,春日(東京),9,21000000,１Ｋ,20,2003年,ＲＣ,住宅,住宅,準工業,60.0,300.0,2022年第4四半期,未改装,,文京区,2022,4,2003.0,19.0,9.0,1050000.0,240069,353648,147.31098
中古マンション等,不動産取引価格情報,13105,東京都,文京区,白山,春日(東京),8,21000000,１Ｋ,20,2004年,ＲＣ,住宅,住宅,準工業,60.0,300.0,2022年第3四半期,未改装,,文京区,2022,3,2004.0,18.0,8.0,1050000.0,240069,353648,147.31098
中古マンション等,不動産取引価格情報,13105,東京都,文京区,白山,春日(東京),7,26000000,１Ｋ,25,2011年,ＲＣ,住宅,住宅,商業,80.0,600.0,2022年第3四半期,,,文京区,2022,3,2011.0,11.0,7.0,1040000.0,240069,353648,147.31098
中古マンション等,不動産取引価格情報,13105,東京都,文京区,白山,春日(東京),8,19000000,,20,2004年,ＲＣ,,住宅,準工業,60.0,300.0,2022年第3四半期,,,文京区,2022,3,2004.0,18.0,8.0,950000.0,240069,353648,147.31098
中古マンション等,不動産取引価格情報,13105,東京都,文京区,白山,春日(東京),6,30000000,１Ｋ,25,2014年,ＲＣ,,住宅,商業,80.0,600.0,2022年第3四半期,未改装,,文京区,2022,3,2014.0,8.0,6.0,1200000.0,240069,353648,147.31098
中古マンション等,不動産取引価格情報,13105,東京都,文京区,白山,春日(東京),7,33000000,１ＤＫ,30,1985年,ＳＲＣ,,住宅,商業,80.0,600.0,2022年第3四半期,改装済み,,文京区,2022,3,1985.0,37.0,7.0,1100000.0,240069,353648,147.31098
中古マンション等,不動産取引価格情報,13105,東京都,文京区,白山,春日(東京),7,18000000,１Ｋ,20,1985年,ＳＲＣ,住宅,住宅,商業,80.0,600.0,2022年第2四半期,未改装,,文京区,2022,2,1985.0,37.0,7.0,900000.0,240069,353648,147.31098
中古マンション等,不動産取引価格情報,13105,東京都,文京区,白山,春日(東京),9,20000000,１Ｋ,20,2003年,ＲＣ,住宅,住宅,準工業,60.0,300.0,2022年第1四半期,,,文京区,2022,1,2003.0,19.0,9.0,1000000.0,240069,353648,147.31098
中古マンション等,不動産取引価格情報,13105,東京都,文京区,白山,春日(東京),9,20000000,１Ｋ,20,2005年,ＲＣ,住宅,その他,準工業,60.0,300.0,2021年第4四半期,,,文京区,2021,4,2005.0,16.0,9.0,1000000.0,240069,353648,147.31098
中古マンション等,不動産取引価格情報,13105,東京都,文京区,白山,春日(東京),10,73000000,２ＬＤＫ,65,2002年,ＲＣ,,住宅,準工業,60.0,300.0,2021年第3四半期,未改装,,文京区,2021,3,2002.0,19.0,10.0,1123076.923076923,240069,353648,147.31098
中古マンション等,不動産取引価格情報,13105,東京都,文京区,白山,春日(東京),8,22000000,１Ｋ,20,2004年,ＲＣ,住宅,住宅,準工業,60.0,300.0,2021年第3四半期,改装済み,,文京区,2021,3,2004.0,17.0,8.0,1100000.0,240069,353648,147.31098
中古マンション等,不動産取引価格情報,13105,東京都,文京区,白山,春日(東京),8,21000000,１Ｋ,20,2004年,ＲＣ,住宅,住宅,準工業,60.0,300.0,2021年第2四半期,未改装,,文京区,2021,2,2004.0,17.0,8.0,1050000.0,240069,353648,147.31098
中古マンション等,不動産取引価格情報,13105,東京都,文京区,白山,春日(東京),8,24000000,１Ｋ,20,2004年,ＲＣ,住宅,,準工業,60.0,300.0,2021年第2四半期,改装済み,,文京区,2021,2,2004.0,17.0,8.0,1200000.0,240069,353648,147.31098
中古マンション等,不動産取引価格情報,13105,東京都,文京区,白山,後楽園,14,74000000,２ＬＤＫ,55,2005年,ＲＣ,住宅,住宅,準工業,60.0,300.0,2025年第2四半期,未改装,,文京区,2025,2,2005.0,20.0,14.0,1345454.5454545454,240069,353648,147.31098
中古マンション等,不動産取引価格情報,13105,東京都,文京区,白山,後楽園,14,25000000,１Ｋ,20,2005年,ＲＣ,,住宅,準工業,60.0,300.0,2024年第4四半期,未改装,,文京区,2024,4,2005.0,19.0,14.0,1250000.0,240069,353648,147.31098
中古マンション等,不動産取引価格情報,13105,東京都,文京区,白山,後楽園,14,63000000,２ＬＤＫ,50,2005年,ＲＣ,住宅,住宅,準工業,60.0,300.0,2024年第1四半期,改装済み,,文京区,2024,1,2005.0,19.0,14.0,1260000.0,240069,353648,147.31098
中古マンション等,不動産取引価格情報,13105,東京都,文京区,白山,後楽園,14,73000000,２ＬＤＫ,55,2005年,ＲＣ,住宅,住宅,準工業,60.0,300.0,2023年第2四半期,改装済み,,文京区,2023,2,2005.0,18.0,14.0,1327272.7272727273,240069,353648,147.31098
中古マンション等,不動産取引価格情報,13105,東京都,文京区,白山,後楽園,14,87000000,３ＬＤＫ,75,2005年,ＲＣ,住宅,その他,準工業,60.0,300.0,2023年第2四半期,未改装,,文京区,2023,2,2005.0,18.0,14.0,1160000.0,240069,353648,147.31098
中古マンション等,不動産取引価格情報,13105,東京都,文京区,白山,後楽園,14,66000000,２ＬＤＫ,55,2005年,ＲＣ,,住宅,準工業,60.0,300.0,2022年第4四半期,,,文京区,2022,4,2005.0,17.0,14.0,1200000.0,240069,353648,147.31098
中古マンション等,不動産取引価格情報,13105,東京都,文京区,白山,千石,7,12000000,１Ｋ,15,1982年,ＲＣ,,住宅,１種住居,60.0,300.0,2025年第4四半期,未改装,,文京区,2025,4,1982.0,43.0,7.0,800000.0,240069,353648,147.31098
中古マンション等,不動産取引価格情報,13105,東京都,文京区,白山,千石,5,19000000,,20,2002年,ＳＲＣ,,住宅,近隣商業,80.0,400.0,2025年第4四半期,改装済み,,文京区,2025,4,2002.0,23.0,5.0,950000.0,240069,353648,147.31098
中古マンション等,不動産取引価格情報,13105,東京都,文京区,白山,千石,5,21000000,,20,2002年,ＳＲＣ,,住宅,近隣商業,80.0,400.0,2025年第3四半期,未改装,,文京区,2025,3,2002.0,23.0,5.0,1050000.0,240069,353648,147.31098
中古マンション等,不動産取引価格情報,13105,東京都,文京区,白山,千石,4,120000000,２ＬＤＫ,100,1989年,ＲＣ,,住宅,２中住専,60.0,300.0,2025年第2四半期,改装済み,,文京区,2025,2,1989.0,36.0,4.0,1200000.0,240069,353648,147.31098
中古マンション等,不動産取引価格情報,13105,東京都,文京区,白山,千石,2,25000000,１Ｋ,20,2004年,ＲＣ,住宅,住宅,近隣商業,80.0,400.0,2025年第1四半期,,,文京区,2025,1,2004.0,21.0,2.0,1250000.0,240069,353648,147.31098
中古マンション等,不動産取引価格情報,13105,東京都,文京区,白山,千石,7,12000000,１Ｋ,15,1982年,ＲＣ,,住宅,１種住居,60.0,300.0,2024年第4四半期,未改装,,文京区,2024,4,1982.0,42.0,7.0,800000.0,240069,353648,147.31098
中古マンション等,不動産取引価格情報,13105,東京都,文京区,白山,千石,2,31000000,１ＤＫ,30,2004年,ＲＣ,住宅,,近隣商業,80.0,400.0,2024年第2四半期,未改装,,文京区,2024,2,2004.0,20.0,2.0,1033333.3333333334,240069,353648,147.31098
中古マンション等,不動産取引価格情報,13105,東京都,文京区,白山,千石,5,51000000,１ＬＤＫ,35,2009年,ＲＣ,住宅,住宅,近隣商業,80.0,400.0,2024年第2四半期,改装済み,,文京区,2024,2,2009.0,15.0,5.0,1457142.857142857,240069,353648,147.31098
中古マンション等,不動産取引価格情報,13105,東京都,文京区,白山,千石,2,25000000,１Ｋ,20,2004年,ＲＣ,住宅,住宅,近隣商業,80.0,400.0,2024年第1四半期,,,文京区,2024,1,2004.0,20.0,2.0,1250000.0,240069,353648,147.31098
中古マンション等,不動産取引価格情報,13105,東京都,文京区,白山,千石,2,22000000,１Ｋ,20,2004年,ＲＣ,住宅,住宅,近隣商業,80.0,400.0,2024年第1四半期,,,文京区,2024,1,2004.0,20.0,2.0,1100000.0,240069,353648,147.31098
中古マンション等,不動産取引価格情報,13105,東京都,文京区,白山,千石,4,80000000,,65,2000年,ＲＣ,,住宅,１種住居,60.0,300.0,2024年第1四半期,未改装,,文京区,2024,1,2000.0,24.0,4.0,1230769.2307692308,240069,353648,147.31098
中古マンション等,不動産取引価格情報,13105,東京都,文京区,白山,千石,4,77000000,２ＬＤＫ,65,2000年,ＲＣ,事務所,住宅,１種住居,60.0,300.0,2023年第4四半期,未改装,,文京区,2023,4,2000.0,23.0,4.0,1184615.3846153845,240069,353648,147.31098
中古マンション等,不動産取引価格情報,13105,東京都,文京区,白山,千石,4,28000000,１Ｋ,25,1989年,ＲＣ,,住宅,２中住専,60.0,300.0,2023年第4四半期,,,文京区,2023,4,1989.0,34.0,4.0,1120000.0,240069,353648,147.31098
中古マンション等,不動産取引価格情報,13105,東京都,文京区,白山,千石,5,65000000,,65,2000年,ＲＣ,住宅,住宅,１種住居,60.0,300.0,2023年第2四半期,改装済み,,文京区,2023,2,2000.0,23.0,5.0,1000000.0,240069,353648,147.31098
中古マンション等,不動産取引価格情報,13105,東京都,文京区,白山,千石,2,22000000,１Ｋ,20,2004年,ＲＣ,住宅,住宅,近隣商業,80.0,400.0,2023年第2四半期,未改装,,文京区,2023,2,2004.0,19.0,2.0,1100000.0,240069,353648,147.31098
中古マンション等,不動産取引価格情報,13105,東京都,文京区,白山,千石,5,22000000,１Ｋ,20,2002年,ＳＲＣ,,住宅,近隣商業,80.0,400.0,2023年第2四半期,,,文京区,2023,2,2002.0,21.0,5.0,1100000.0,240069,353648,147.31098
中古マンション等,不動産取引価格情報,13105,東京都,文京区,白山,千石,2,22000000,１Ｋ,20,2004年,ＲＣ,,住宅,近隣商業,80.0,400.0,2023年第1四半期,改装済み,,文京区,2023,1,2004.0,19.0,2.0,1100000.0,240069,353648,147.31098
中古マンション等,不動産取引価格情報,13105,東京都,文京区,白山,千石,2,28000000,１Ｋ,25,2004年,ＲＣ,住宅,その他,近隣商業,80.0,400.0,2023年第1四半期,未改装,,文京区,2023,1,2004.0,19.0,2.0,1120000.0,240069,353648,147.31098
中古マンション等,不動産取引価格情報,13105,東京都,文京区,白山,千石,5,23000000,１Ｋ,20,2002年,ＲＣ,住宅,住宅,近隣商業,80.0,400.0,2022年第2四半期,,,文京区,2022,2,2002.0,20.0,5.0,1150000.0,240069,353648,147.31098
中古マンション等,不動産取引価格情報,13105,東京都,文京区,白山,千石,5,22000000,１Ｋ,20,2002年,ＲＣ,住宅,住宅,近隣商業,80.0,400.0,2022年第2四半期,未改装,,文京区,2022,2,2002.0,20.0,5.0,1100000.0,240069,353648,147.31098
中古マンション等,不動産取引価格情報,13105,東京都,文京区,白山,千石,7,11000000,１Ｋ,20,1982年,ＲＣ,住宅,住宅,１種住居,60.0,300.0,2022年第1四半期,未改装,,文京区,2022,1,1982.0,40.0,7.0,550000.0,240069,353648,147.31098
中古マンション等,不動産取引価格情報,13105,東京都,文京区,白山,千石,2,31000000,１ＤＫ,30,2004年,ＲＣ,住宅,住宅,近隣商業,80.0,400.0,2021年第4四半期,改装済み,,文京区,2021,4,2004.0,17.0,2.0,1033333.3333333334,240069,353648,147.31098
中古マンション等,不動産取引価格情報,13105,東京都,文京区,白山,千石,5,26000000,１Ｋ,20,2009年,ＲＣ,住宅,住宅,近隣商業,80.0,400.0,2021年第4四半期,未改装,,文京区,2021,4,2009.0,12.0,5.0,1300000.0,240069,353648,147.31098
中古マンション等,不動産取引価格情報,13105,東京都,文京区,白山,千石,7,13000000,１Ｋ,20,1982年,ＲＣ,住宅,住宅,１種住居,60.0,300.0,2021年第3四半期,改装済み,,文京区,2021,3,1982.0,39.0,7.0,650000.0,240069,353648,147.31098
中古マンション等,不動産取引価格情報,13105,東京都,文京区,白山,千石,5,20000000,１Ｋ,20,2002年,ＲＣ,住宅,住宅,近隣商業,80.0,400.0,2021年第3四半期,,,文京区,2021,3,2002.0,19.0,5.0,1000000.0,240069,353648,147.31098
中古マンション等,不動産取引価格情報,13105,東京都,文京区,白山,千石,5,44000000,１ＬＤＫ,50,2000年,ＲＣ,住宅,住宅,１種住居,60.0,300.0,2021年第3四半期,,,文京区,2021,3,2000.0,21.0,5.0,880000.0,240069,353648,147.31098
中古マンション等,不動産取引価格情報,13105,東京都,文京区,白山,千石,5,34000000,１ＤＫ,30,2009年,ＲＣ,住宅,住宅,近隣商業,80.0,400.0,2021年第1四半期,未改装,,文京区,2021,1,2009.0,12.0,5.0,1133333.3333333333,240069,353648,147.31098
中古マンション等,不動産取引価格情報,13105,東京都,文京区,白山,白山(東京),9,100000000,２ＬＤＫ,60,2003年,ＳＲＣ,,,準工業,60.0,300.0,2025年第4四半期,,,文京区,2025,4,2003.0,22.0,9.0,1666666.6666666667,240069,353648,147.31098
中古マンション等,不動産取引価格情報,13105,東京都,文京区,白山,白山(東京),2,72000000,３ＬＤＫ,50,1985年,ＳＲＣ,,住宅,商業,80.0,600.0,2025年第3四半期,改装済み,,文京区,2025,3,1985.0,40.0,2.0,1440000.0,240069,353648,147.31098
中古マンション等,不動産取引価格情報,13105,東京都,文京区,白山,白山(東京),2,80000000,１ＬＤＫ,45,2001年,ＲＣ,,住宅,近隣商業,80.0,400.0,2025年第3四半期,未改装,,文京区,2025,3,2001.0,24.0,2.0,1777777.7777777778,240069,353648,147.31098
中古マンション等,不動産取引価格情報,13105,東京都,文京区,白山,白山(東京),8,9200000,,10,1984年,ＲＣ,住宅,住宅,１種住居,60.0,300.0,2025年第3四半期,,,文京区,2025,3,1984.0,41.0,8.0,920000.0,240069,353648,147.31098
中古マンション等,不動産取引価格情報,13105,東京都,文京区,白山,白山(東京),6,56000000,２ＤＫ,45,1984年,ＳＲＣ,住宅,住宅,商業,80.0,600.0,2025年第2四半期,改装済み,,文京区,2025,2,1984.0,41.0,6.0,1244444.4444444445,240069,353648,147.31098
中古マンション等,不動産取引価格情報,13105,東京都,文京区,白山,白山(東京),3,22000000,１Ｋ,20,2009年,ＲＣ,住宅,住宅,１種住居,60.0,300.0,2025年第2四半期,改装済み,,文京区,2025,2,2009.0,16.0,3.0,1100000.0,240069,353648,147.31098
中古マンション等,不動産取引価格情報,13105,東京都,文京区,白山,白山(東京),10,57000000,,55,1998年,ＲＣ,住宅,住宅,準工業,60.0,300.0,2025年第2四半期,改装済み,,文京区,2025,2,1998.0,27.0,10.0,1036363.6363636364,240069,353648,147.31098
中古マンション等,不動産取引価格情報,13105,東京都,文京区,白山,白山(東京),7,51000000,１ＬＤＫ,35,2010年,ＳＲＣ,住宅,住宅,近隣商業,80.0,400.0,2025年第2四半期,未改装,,文京区,2025,2,2010.0,15.0,7.0,1457142.857142857,240069,353648,147.31098
中古マンション等,不動産取引価格情報,13105,東京都,文京区,白山,白山(東京),5,57000000,１ＬＤＫ,40,2011年,ＲＣ,住宅,住宅,商業,80.0,600.0,2025年第2四半期,未改装,,文京区,2025,2,2011.0,14.0,5.0,1425000.0,240069,353648,147.31098
中古マンション等,不動産取引価格情報,13105,東京都,文京区,白山,白山(東京),3,56000000,１ＬＤＫ＋Ｓ,50,1979年,ＳＲＣ,住宅,住宅,近隣商業,80.0,400.0,2025年第2四半期,改装済み,,文京区,2025,2,1979.0,46.0,3.0,1120000.0,240069,353648,147.31098
中古マンション等,不動産取引価格情報,13105,東京都,文京区,白山,白山(東京),6,42000000,２ＬＤＫ,50,1984年,ＲＣ,住宅,住宅,１種住居,60.0,300.0,2025年第2四半期,未改装,,文京区,2025,2,1984.0,41.0,6.0,840000.0,240069,353648,147.31098
中古マンション等,不動産取引価格情報,13105,東京都,文京区,白山,白山(東京),3,24000000,１Ｋ,20,2005年,ＲＣ,住宅,住宅,商業,80.0,600.0,2025年第1四半期,未改装,,文京区,2025,1,2005.0,20.0,3.0,1200000.0,240069,353648,147.31098
中古マンション等,不動産取引価格情報,13105,東京都,文京区,白山,白山(東京),6,65000000,１ＬＤＫ,55,1984年,ＳＲＣ,住宅,住宅,商業,80.0,600.0,2025年第1四半期,未改装,,文京区,2025,1,1984.0,41.0,6.0,1181818.1818181819,240069,353648,147.31098
中古マンション等,不動産取引価格情報,13105,東京都,文京区,白山,白山(東京),3,130000000,３ＬＤＫ,75,1998年,ＳＲＣ,住宅,住宅,１種住居,60.0,300.0,2025年第1四半期,未改装,,文京区,2025,1,1998.0,27.0,3.0,1733333.3333333333,240069,353648,147.31098
中古マンション等,不動産取引価格情報,13105,東京都,文京区,白山,白山(東京),3,15000000,１Ｋ,15,1984年,ＳＲＣ,住宅,住宅,商業,80.0,600.0,2025年第1四半期,未改装,,文京区,2025,1,1984.0,41.0,3.0,1000000.0,240069,353648,147.31098
中古マンション等,不動産取引価格情報,13105,東京都,文京区,白山,白山(東京),6,27000000,１Ｋ,25,2011年,ＲＣ,住宅,その他,商業,80.0,600.0,2025年第1四半期,,,文京区,2025,1,2011.0,14.0,6.0,1080000.0,240069,353648,147.31098
中古マンション等,不動産取引価格情報,13105,東京都,文京区,白山,白山(東京),8,12000000,１Ｒ,10,1984年,ＲＣ,住宅,住宅,１種住居,60.0,300.0,2024年第4四半期,未改装,,文京区,2024,4,1984.0,40.0,8.0,1200000.0,240069,353648,147.31098
中古マンション等,不動産取引価格情報,13105,東京都,文京区,白山,白山(東京),4,25000000,１Ｋ,20,2006年,ＲＣ,住宅,住宅,近隣商業,80.0,400.0,2024年第4四半期,未改装,,文京区,2024,4,2006.0,18.0,4.0,1250000.0,240069,353648,147.31098
中古マンション等,不動産取引価格情報,13105,東京都,文京区,白山,白山(東京),8,3700000,１Ｋ,15,1984年,ＲＣ,住宅,住宅,１種住居,60.0,300.0,2024年第4四半期,未改装,,文京区,2024,4,1984.0,40.0,8.0,246666.66666666666,240069,353648,147.31098
中古マンション等,不動産取引価格情報,13105,東京都,文京区,白山,白山(東京),10,33000000,１ＤＫ,30,2003年,ＲＣ,住宅,住宅,準工業,60.0,300.0,2024年第4四半期,未改装,,文京区,2024,4,2003.0,21.0,10.0,1100000.0,240069,353648,147.31098
中古マンション等,不動産取引価格情報,13105,東京都,文京区,白山,白山(東京),2,30000000,２ＤＫ,45,1985年,ＳＲＣ,住宅,住宅,商業,80.0,600.0,2024年第4四半期,未改装,,文京区,2024,4,1985.0,39.0,2.0,666666.6666666666,240069,353648,147.31098
中古マンション等,不動産取引価格情報,13105,東京都,文京区,白山,白山(東京),7,23000000,１Ｋ,20,2006年,ＲＣ,住宅,住宅,１中住専,60.0,300.0,2024年第4四半期,未改装,,文京区,2024,4,2006.0,18.0,7.0,1150000.0,240069,353648,147.31098
中古マンション等,不動産取引価格情報,13105,東京都,文京区,白山,白山(東京),3,25000000,１Ｋ,20,2005年,ＲＣ,,住宅,商業,80.0,600.0,2024年第4四半期,未改装,,文京区,2024,4,2005.0,19.0,3.0,1250000.0,240069,353648,147.31098
中古マンション等,不動産取引価格情報,13105,東京都,文京区,白山,白山(東京),9,39000000,１Ｋ,25,2018年,ＲＣ,住宅,住宅,準工業,60.0,300.0,2024年第3四半期,未改装,,文京区,2024,3,2018.0,6.0,9.0,1560000.0,240069,353648,147.31098
中古マンション等,不動産取引価格情報,13105,東京都,文京区,白山,白山(東京),4,23000000,１Ｋ,20,2006年,ＲＣ,住宅,その他,近隣商業,80.0,400.0,2024年第3四半期,未改装,,文京区,2024,3,2006.0,18.0,4.0,1150000.0,240069,353648,147.31098
中古マンション等,不動産取引価格情報,13105,東京都,文京区,白山,白山(東京),2,28000000,１Ｋ,20,2011年,ＲＣ,住宅,住宅,近隣商業,80.0,400.0,2024年第3四半期,未改装,,文京区,2024,3,2011.0,13.0,2.0,1400000.0,240069,353648,147.31098
中古マンション等,不動産取引価格情報,13105,東京都,文京区,白山,白山(東京),7,25000000,１Ｋ,25,2006年,ＲＣ,住宅,住宅,１中住専,60.0,300.0,2024年第2四半期,,,文京区,2024,2,2006.0,18.0,7.0,1000000.0,240069,353648,147.31098
中古マンション等,不動産取引価格情報,13105,東京都,文京区,白山,白山(東京),8,7700000,１Ｋ,10,1984年,ＲＣ,,住宅,１種住居,60.0,300.0,2024年第2四半期,未改装,,文京区,2024,2,1984.0,40.0,8.0,770000.0,240069,353648,147.31098
中古マンション等,不動産取引価格情報,13105,東京都,文京区,白山,白山(東京),3,16000000,１Ｋ,15,1985年,ＲＣ,,,１種住居,60.0,300.0,2024年第2四半期,未改装,,文京区,2024,2,1985.0,39.0,3.0,1066666.6666666667,240069,353648,147.31098
中古マンション等,不動産取引価格情報,13105,東京都,文京区,白山,白山(東京),5,19000000,１Ｋ,25,1993年,ＳＲＣ,,その他,商業,80.0,600.0,2024年第2四半期,未改装,,文京区,2024,2,1993.0,31.0,5.0,760000.0,240069,353648,147.31098
中古マンション等,不動産取引価格情報,13105,東京都,文京区,白山,白山(東京),2,45000000,２ＤＫ,45,1985年,ＳＲＣ,,住宅,商業,80.0,600.0,2024年第2四半期,未改装,,文京区,2024,2,1985.0,39.0,2.0,1000000.0,240069,353648,147.31098
中古マンション等,不動産取引価格情報,13105,東京都,文京区,白山,白山(東京),3,21000000,１Ｋ,20,2004年,ＲＣ,住宅,,近隣商業,80.0,400.0,2024年第2四半期,未改装,,文京区,2024,2,2004.0,20.0,3.0,1050000.0,240069,353648,147.31098
中古マンション等,不動産取引価格情報,13105,東京都,文京区,白山,白山(東京),1,24000000,１ＤＫ,35,1991年,ＳＲＣ,住宅,住宅,商業,80.0,600.0,2024年第2四半期,未改装,,文京区,2024,2,1991.0,33.0,1.0,685714.2857142857,240069,353648,147.31098
中古マンション等,不動産取引価格情報,13105,東京都,文京区,白山,白山(東京),0,22000000,１Ｋ,25,1986年,ＳＲＣ,住宅,住宅,商業,80.0,600.0,2024年第1四半期,改装済み,,文京区,2024,1,1986.0,38.0,0.0,880000.0,240069,353648,147.31098
中古マンション等,不動産取引価格情報,13105,東京都,文京区,白山,白山(東京),5,91000000,２ＬＤＫ,65,2000年,ＲＣ,住宅,住宅,１低住専,60.0,150.0,2024年第1四半期,未改装,,文京区,2024,1,2000.0,24.0,5.0,1400000.0,240069,353648,147.31098
中古マンション等,不動産取引価格情報,13105,東京都,文京区,白山,白山(東京),2,21000000,１ＤＫ,25,1985年,ＳＲＣ,住宅,住宅,商業,80.0,600.0,2024年第1四半期,未改装,,文京区,2024,1,1985.0,39.0,2.0,840000.0,240069,353648,147.31098
中古マンション等,不動産取引価格情報,13105,東京都,文京区,白山,白山(東京),4,79000000,３ＬＤＫ,60,2004年,ＲＣ,住宅,住宅,近隣商業,80.0,400.0,2024年第1四半期,,,文京区,2024,1,2004.0,20.0,4.0,1316666.6666666667,240069,353648,147.31098
中古マンション等,不動産取引価格情報,13105,東京都,文京区,白山,白山(東京),4,24000000,１Ｋ,20,2006年,ＲＣ,住宅,住宅,近隣商業,80.0,400.0,2024年第1四半期,未改装,,文京区,2024,1,2006.0,18.0,4.0,1200000.0,240069,353648,147.31098
中古マンション等,不動産取引価格情報,13105,東京都,文京区,白山,白山(東京),10,26000000,１Ｋ,20,2007年,ＲＣ,住宅,住宅,準工業,60.0,300.0,2024年第1四半期,,,文京区,2024,1,2007.0,17.0,10.0,1300000.0,240069,353648,147.31098
中古マンション等,不動産取引価格情報,13105,東京都,文京区,白山,白山(東京),6,79000000,１ＬＤＫ,50,2024年,ＲＣ,住宅,住宅,１種住居,60.0,300.0,2024年第1四半期,未改装,,文京区,2024,1,2024.0,0.0,6.0,1580000.0,240069,353648,147.31098
中古マンション等,不動産取引価格情報,13105,東京都,文京区,白山,白山(東京),3,15000000,１ＬＤＫ,15,1984年,ＳＲＣ,,,商業,80.0,600.0,2023年第4四半期,,,文京区,2023,4,1984.0,39.0,3.0,1000000.0,240069,353648,147.31098
中古マンション等,不動産取引価格情報,13105,東京都,文京区,白山,白山(東京),2,68000000,２ＬＤＫ,50,1985年,ＳＲＣ,住宅,住宅,商業,80.0,600.0,2023年第4四半期,改装済み,,文京区,2023,4,1985.0,38.0,2.0,1360000.0,240069,353648,147.31098
中古マンション等,不動産取引価格情報,13105,東京都,文京区,白山,白山(東京),10,44000000,１ＬＤＫ,40,2007年,ＲＣ,住宅,住宅,準工業,60.0,300.0,2023年第3四半期,未改装,,文京区,2023,3,2007.0,16.0,10.0,1100000.0,240069,353648,147.31098
中古マンション等,不動産取引価格情報,13105,東京都,文京区,白山,白山(東京),5,110000000,３ＬＤＫ,65,2018年,ＲＣ,住宅,その他,近隣商業,80.0,400.0,2023年第3四半期,改装済み,,文京区,2023,3,2018.0,5.0,5.0,1692307.6923076923,240069,353648,147.31098
中古マンション等,不動産取引価格情報,13105,東京都,文京区,白山,白山(東京),5,27000000,１Ｋ,20,2003年,ＲＣ,住宅,住宅,近隣商業,80.0,300.0,2023年第3四半期,未改装,,文京区,2023,3,2003.0,20.0,5.0,1350000.0,240069,353648,147.31098
中古マンション等,不動産取引価格情報,13105,東京都,文京区,白山,白山(東京),5,26000000,１Ｋ,25,2003年,ＲＣ,住宅,住宅,近隣商業,80.0,300.0,2023年第3四半期,改装済み,,文京区,2023,3,2003.0,20.0,5.0,1040000.0,240069,353648,147.31098
中古マンション等,不動産取引価格情報,13105,東京都,文京区,白山,白山(東京),4,110000000,３ＬＤＫ,70,2017年,ＲＣ,住宅,住宅,近隣商業,80.0,300.0,2023年第3四半期,未改装,,文京区,2023,3,2017.0,6.0,4.0,1571428.5714285714,240069,353648,147.31098
中古マンション等,不動産取引価格情報,13105,東京都,文京区,白山,白山(東京),3,19000000,１Ｋ,20,2005年,ＲＣ,住宅,住宅,商業,80.0,600.0,2023年第3四半期,未改装,,文京区,2023,3,2005.0,18.0,3.0,950000.0,240069,353648,147.31098
中古マンション等,不動産取引価格情報,13105,東京都,文京区,白山,白山(東京),2,52000000,２ＬＤＫ,50,1985年,ＳＲＣ,住宅,その他,商業,80.0,600.0,2023年第3四半期,未改装,,文京区,2023,3,1985.0,38.0,2.0,1040000.0,240069,353648,147.31098
中古マンション等,不動産取引価格情報,13105,東京都,文京区,白山,白山(東京),3,24000000,１Ｋ,20,2005年,ＲＣ,住宅,住宅,商業,80.0,600.0,2023年第2四半期,未改装,,文京区,2023,2,2005.0,18.0,3.0,1200000.0,240069,353648,147.31098
中古マンション等,不動産取引価格情報,13105,東京都,文京区,白山,白山(東京),0,15000000,,15,1986年,ＳＲＣ,住宅,その他,商業,80.0,600.0,2023年第2四半期,未改装,,文京区,2023,2,1986.0,37.0,0.0,1000000.0,240069,353648,147.31098
中古マンション等,不動産取引価格情報,13105,東京都,文京区,白山,白山(東京),3,23000000,１Ｋ,20,2005年,ＲＣ,住宅,住宅,商業,80.0,600.0,2023年第2四半期,未改装,,文京区,2023,2,2005.0,18.0,3.0,1150000.0,240069,353648,147.31098
中古マンション等,不動産取引価格情報,13105,東京都,文京区,白山,白山(東京),4,25000000,１Ｋ,20,2006年,ＲＣ,住宅,住宅,近隣商業,80.0,400.0,2023年第1四半期,,,文京区,2023,1,2006.0,17.0,4.0,1250000.0,240069,353648,147.31098
中古マンション等,不動産取引価格情報,13105,東京都,文京区,白山,白山(東京),2,44000000,１ＬＤＫ,30,1998年,ＳＲＣ,住宅,住宅,１種住居,60.0,300.0,2023年第1四半期,未改装,,文京区,2023,1,1998.0,25.0,2.0,1466666.6666666667,240069,353648,147.31098
中古マンション等,不動産取引価格情報,13105,東京都,文京区,白山,白山(東京),7,22000000,１Ｋ,20,2006年,ＲＣ,住宅,住宅,１中住専,60.0,300.0,2023年第1四半期,未改装,,文京区,2023,1,2006.0,17.0,7.0,1100000.0,240069,353648,147.31098
中古マンション等,不動産取引価格情報,13105,東京都,文京区,白山,白山(東京),3,80000000,２ＬＤＫ,60,2005年,ＲＣ,住宅,住宅,商業,80.0,600.0,2023年第1四半期,未改装,,文京区,2023,1,2005.0,18.0,3.0,1333333.3333333333,240069,353648,147.31098
中古マンション等,不動産取引価格情報,13105,東京都,文京区,白山,白山(東京),8,40000000,２ＤＫ,50,1989年,ＲＣ,,住宅,１中住専,60.0,300.0,2022年第4四半期,未改装,,文京区,2022,4,1989.0,33.0,8.0,800000.0,240069,353648,147.31098
中古マンション等,不動産取引価格情報,13105,東京都,文京区,白山,白山(東京),3,15000000,１Ｋ,15,1984年,ＳＲＣ,住宅,住宅,商業,80.0,600.0,2022年第4四半期,未改装,,文京区,2022,4,1984.0,38.0,3.0,1000000.0,240069,353648,147.31098
中古マンション等,不動産取引価格情報,13105,東京都,文京区,白山,白山(東京),10,50000000,１ＬＤＫ,40,2007年,ＲＣ,,住宅,準工業,60.0,300.0,2022年第4四半期,改装済み,,文京区,2022,4,2007.0,15.0,10.0,1250000.0,240069,353648,147.31098
中古マンション等,不動産取引価格情報,13105,東京都,文京区,白山,白山(東京),3,21000000,１Ｋ,20,2004年,ＲＣ,住宅,住宅,近隣商業,80.0,400.0,2022年第4四半期,未改装,,文京区,2022,4,2004.0,18.0,3.0,1050000.0,240069,353648,147.31098
中古マンション等,不動産取引価格情報,13105,東京都,文京区,白山,白山(東京),3,15000000,１Ｋ,20,1985年,ＲＣ,住宅,住宅,１種住居,60.0,300.0,2022年第4四半期,未改装,,文京区,2022,4,1985.0,37.0,3.0,750000.0,240069,353648,147.31098
中古マンション等,不動産取引価格情報,13105,東京都,文京区,白山,白山(東京),10,25000000,１Ｋ,20,2007年,ＲＣ,,その他,準工業,60.0,300.0,2022年第4四半期,未改装,,文京区,2022,4,2007.0,15.0,10.0,1250000.0,240069,353648,147.31098
中古マンション等,不動産取引価格情報,13105,東京都,文京区,白山,白山(東京),7,25000000,１Ｋ,25,2006年,ＲＣ,住宅,住宅,１中住専,60.0,300.0,2022年第4四半期,未改装,,文京区,2022,4,2006.0,16.0,7.0,1000000.0,240069,353648,147.31098
中古マンション等,不動産取引価格情報,13105,東京都,文京区,白山,白山(東京),2,53000000,２ＬＤＫ,50,1998年,ＳＲＣ,住宅,住宅,１種住居,60.0,300.0,2022年第3四半期,未改装,,文京区,2022,3,1998.0,24.0,2.0,1060000.0,240069,353648,147.31098
中古マンション等,不動産取引価格情報,13105,東京都,文京区,白山,白山(東京),3,25000000,１ＤＫ,20,2005年,ＲＣ,住宅,住宅,商業,80.0,600.0,2022年第3四半期,,,文京区,2022,3,2005.0,17.0,3.0,1250000.0,240069,353648,147.31098
中古マンション等,不動産取引価格情報,13105,東京都,文京区,白山,白山(東京),3,120000000,３ＬＤＫ,115,1998年,ＳＲＣ,住宅,住宅,１種住居,60.0,300.0,2022年第3四半期,未改装,,文京区,2022,3,1998.0,24.0,3.0,1043478.2608695652,240069,353648,147.31098
中古マンション等,不動産取引価格情報,13105,東京都,文京区,白山,白山(東京),3,78000000,１ＬＤＫ,55,1998年,ＳＲＣ,住宅,住宅,１種住居,60.0,300.0,2022年第3四半期,改装済み,,文京区,2022,3,1998.0,24.0,3.0,1418181.8181818181,240069,353648,147.31098
中古マンション等,不動産取引価格情報,13105,東京都,文京区,白山,白山(東京),10,21000000,１Ｋ,20,2003年,ＲＣ,住宅,住宅,準工業,60.0,300.0,2022年第3四半期,改装済み,,文京区,2022,3,2003.0,19.0,10.0,1050000.0,240069,353648,147.31098
中古マンション等,不動産取引価格情報,13105,東京都,文京区,白山,白山(東京),8,10000000,１Ｋ,15,1984年,ＲＣ,,住宅,１種住居,60.0,300.0,2022年第3四半期,未改装,,文京区,2022,3,1984.0,38.0,8.0,666666.6666666666,240069,353648,147.31098
中古マンション等,不動産取引価格情報,13105,東京都,文京区,白山,白山(東京),10,19000000,１Ｋ,20,2003年,ＲＣ,,住宅,準工業,60.0,300.0,2022年第3四半期,未改装,,文京区,2022,3,2003.0,19.0,10.0,950000.0,240069,353648,147.31098
中古マンション等,不動産取引価格情報,13105,東京都,文京区,白山,白山(東京),3,21000000,１Ｋ,20,2004年,ＲＣ,住宅,住宅,近隣商業,80.0,400.0,2022年第3四半期,,,文京区,2022,3,2004.0,18.0,3.0,1050000.0,240069,353648,147.31098
中古マンション等,不動産取引価格情報,13105,東京都,文京区,白山,白山(東京),5,23000000,１Ｋ,20,2003年,ＲＣ,住宅,住宅,近隣商業,80.0,300.0,2022年第3四半期,,,文京区,2022,3,2003.0,19.0,5.0,1150000.0,240069,353648,147.31098
中古マンション等,不動産取引価格情報,13105,東京都,文京区,白山,白山(東京),5,45000000,１ＬＤＫ,40,2011年,ＲＣ,,住宅,商業,80.0,600.0,2022年第3四半期,未改装,,文京区,2022,3,2011.0,11.0,5.0,1125000.0,240069,353648,147.31098
中古マンション等,不動産取引価格情報,13105,東京都,文京区,白山,白山(東京),7,78000000,３ＬＤＫ,75,2016年,軽量鉄骨造,,住宅,１種住居,60.0,300.0,2022年第3四半期,未改装,,文京区,2022,3,2016.0,6.0,7.0,1040000.0,240069,353648,147.31098
中古マンション等,不動産取引価格情報,13105,東京都,文京区,白山,白山(東京),5,68000000,,55,2000年,ＲＣ,住宅,住宅,１低住専,60.0,150.0,2022年第2四半期,未改装,,文京区,2022,2,2000.0,22.0,5.0,1236363.6363636365,240069,353648,147.31098
中古マンション等,不動産取引価格情報,13105,東京都,文京区,白山,白山(東京),3,97000000,,80,2001年,ＲＣ,住宅,住宅,１種住居,60.0,300.0,2022年第2四半期,未改装,,文京区,2022,2,2001.0,21.0,3.0,1212500.0,240069,353648,147.31098
中古マンション等,不動産取引価格情報,13105,東京都,文京区,白山,白山(東京),10,40000000,１ＬＤＫ,35,2007年,ＲＣ,住宅,住宅,準工業,60.0,300.0,2022年第2四半期,未改装,,文京区,2022,2,2007.0,15.0,10.0,1142857.142857143,240069,353648,147.31098
中古マンション等,不動産取引価格情報,13105,東京都,文京区,白山,白山(東京),3,24000000,１ＤＫ,20,2005年,ＲＣ,住宅,住宅,商業,80.0,600.0,2022年第2四半期,,,文京区,2022,2,2005.0,17.0,3.0,1200000.0,240069,353648,147.31098
中古マンション等,不動産取引価格情報,13105,東京都,文京区,白山,白山(東京),10,31000000,,30,2003年,ＲＣ,住宅,,準工業,60.0,300.0,2022年第2四半期,,,文京区,2022,2,2003.0,19.0,10.0,1033333.3333333334,240069,353648,147.31098
中古マンション等,不動産取引価格情報,13105,東京都,文京区,白山,白山(東京),10,24000000,１Ｋ,20,2003年,ＲＣ,住宅,住宅,準工業,60.0,300.0,2022年第2四半期,未改装,,文京区,2022,2,2003.0,19.0,10.0,1200000.0,240069,353648,147.31098
中古マンション等,不動産取引価格情報,13105,東京都,文京区,白山,白山(東京),0,61000000,３ＬＤＫ,65,1986年,ＳＲＣ,住宅,住宅,商業,80.0,600.0,2022年第2四半期,改装済み,,文京区,2022,2,1986.0,36.0,0.0,938461.5384615385,240069,353648,147.31098
中古マンション等,不動産取引価格情報,13105,東京都,文京区,白山,白山(東京),10,23000000,１Ｋ,20,2003年,ＲＣ,住宅,住宅,準工業,60.0,300.0,2022年第1四半期,,,文京区,2022,1,2003.0,19.0,10.0,1150000.0,240069,353648,147.31098
中古マンション等,不動産取引価格情報,13105,東京都,文京区,白山,白山(東京),4,25000000,１Ｋ,20,2008年,ＲＣ,住宅,住宅,近隣商業,80.0,400.0,2022年第1四半期,,,文京区,2022,1,2008.0,14.0,4.0,1250000.0,240069,353648,147.31098
中古マンション等,不動産取引価格情報,13105,東京都,文京区,白山,白山(東京),2,64000000,２ＬＤＫ,60,2001年,ＲＣ,住宅,住宅,近隣商業,80.0,400.0,2022年第1四半期,未改装,,文京区,2022,1,2001.0,21.0,2.0,1066666.6666666667,240069,353648,147.31098
中古マンション等,不動産取引価格情報,13105,東京都,文京区,白山,白山(東京),2,100000000,オープンフロア,210,1985年,ＳＲＣ,店舗,事務所,商業,80.0,600.0,2022年第1四半期,,,文京区,2022,1,1985.0,37.0,2.0,476190.4761904762,240069,353648,147.31098
中古マンション等,不動産取引価格情報,13105,東京都,文京区,白山,白山(東京),10,38000000,１ＬＤＫ,40,2007年,ＲＣ,住宅,住宅,準工業,60.0,300.0,2022年第1四半期,改装済み,,文京区,2022,1,2007.0,15.0,10.0,950000.0,240069,353648,147.31098
中古マンション等,不動産取引価格情報,13105,東京都,文京区,白山,白山(東京),3,80000000,３ＬＤＫ,60,1998年,ＳＲＣ,住宅,住宅,１種住居,60.0,300.0,2022年第1四半期,改装済み,,文京区,2022,1,1998.0,24.0,3.0,1333333.3333333333,240069,353648,147.31098
中古マンション等,不動産取引価格情報,13105,東京都,文京区,白山,白山(東京),3,37000000,１ＤＫ,35,2010年,ＲＣ,住宅,住宅,１中住専,60.0,300.0,2022年第1四半期,未改装,,文京区,2022,1,2010.0,12.0,3.0,1057142.857142857,240069,353648,147.31098
中古マンション等,不動産取引価格情報,13105,東京都,文京区,白山,白山(東京),2,53000000,２ＬＤＫ,45,1985年,ＳＲＣ,住宅,住宅,商業,80.0,600.0,2022年第1四半期,改装済み,,文京区,2022,1,1985.0,37.0,2.0,1177777.7777777778,240069,353648,147.31098
中古マンション等,不動産取引価格情報,13105,東京都,文京区,白山,白山(東京),8,34000000,２ＬＤＫ,50,1989年,ＲＣ,住宅,住宅,１中住専,60.0,300.0,2022年第1四半期,未改装,,文京区,2022,1,1989.0,33.0,8.0,680000.0,240069,353648,147.31098
中古マンション等,不動産取引価格情報,13105,東京都,文京区,白山,白山(東京),11,28000000,１Ｋ,20,2007年,ＲＣ,住宅,住宅,準工業,60.0,300.0,2022年第1四半期,改装済み,,文京区,2022,1,2007.0,15.0,11.0,1400000.0,240069,353648,147.31098
中古マンション等,不動産取引価格情報,13105,東京都,文京区,白山,白山(東京),10,17000000,１Ｋ,20,2003年,ＲＣ,住宅,その他,準工業,60.0,300.0,2022年第1四半期,未改装,,文京区,2022,1,2003.0,19.0,10.0,850000.0,240069,353648,147.31098
中古マンション等,不動産取引価格情報,13105,東京都,文京区,白山,白山(東京),12,130000000,３ＬＤＫ,95,2002年,ＲＣ,住宅,住宅,準工業,60.0,300.0,2022年第1四半期,改装済み,,文京区,2022,1,2002.0,20.0,12.0,1368421.0526315789,240069,353648,147.31098
中古マンション等,不動産取引価格情報,13105,東京都,文京区,白山,白山(東京),4,23000000,１Ｋ,20,2006年,ＲＣ,住宅,住宅,近隣商業,80.0,400.0,2021年第4四半期,改装済み,,文京区,2021,4,2006.0,15.0,4.0,1150000.0,240069,353648,147.31098
中古マンション等,不動産取引価格情報,13105,東京都,文京区,白山,白山(東京),2,19000000,,45,1985年,ＳＲＣ,店舗,事務所,商業,80.0,600.0,2021年第4四半期,,,文京区,2021,4,1985.0,36.0,2.0,422222.22222222225,240069,353648,147.31098
中古マンション等,不動産取引価格情報,13105,東京都,文京区,白山,白山(東京),4,24000000,１Ｋ,20,2006年,ＲＣ,住宅,その他,近隣商業,80.0,400.0,2021年第4四半期,未改装,,文京区,2021,4,2006.0,15.0,4.0,1200000.0,240069,353648,147.31098
中古マンション等,不動産取引価格情報,13105,東京都,文京区,白山,白山(東京),0,72000000,２ＬＤＫ,60,2004年,ＳＲＣ,住宅,住宅,商業,80.0,600.0,2021年第4四半期,未改装,,文京区,2021,4,2004.0,17.0,0.0,1200000.0,240069,353648,147.31098
中古マンション等,不動産取引価格情報,13105,東京都,文京区,白山,白山(東京),2,37000000,オープンフロア,30,1985年,ＳＲＣ,住宅,店舗,商業,80.0,600.0,2021年第4四半期,,,文京区,2021,4,1985.0,36.0,2.0,1233333.3333333333,240069,353648,147.31098
中古マンション等,不動産取引価格情報,13105,東京都,文京区,白山,白山(東京),5,37000000,,40,2011年,ＲＣ,住宅,住宅,商業,80.0,600.0,2021年第4四半期,,,文京区,2021,4,2011.0,10.0,5.0,925000.0,240069,353648,147.31098
中古マンション等,不動産取引価格情報,13105,東京都,文京区,白山,白山(東京),10,24000000,１Ｋ,20,2007年,ＲＣ,,住宅,準工業,60.0,300.0,2021年第4四半期,未改装,,文京区,2021,4,2007.0,14.0,10.0,1200000.0,240069,353648,147.31098
中古マンション等,不動産取引価格情報,13105,東京都,文京区,白山,白山(東京),11,21000000,１Ｋ,20,2007年,ＲＣ,住宅,住宅,準工業,60.0,300.0,2021年第4四半期,改装済み,,文京区,2021,4,2007.0,14.0,11.0,1050000.0,240069,353648,147.31098
中古マンション等,不動産取引価格情報,13105,東京都,文京区,白山,白山(東京),7,45000000,１ＬＤＫ,35,2010年,ＳＲＣ,,住宅,近隣商業,80.0,400.0,2021年第3四半期,,,文京区,2021,3,2010.0,11.0,7.0,1285714.2857142857,240069,353648,147.31098
中古マンション等,不動産取引価格情報,13105,東京都,文京区,白山,白山(東京),3,21000000,１Ｋ,20,2005年,ＲＣ,住宅,住宅,商業,80.0,600.0,2021年第3四半期,未改装,,文京区,2021,3,2005.0,16.0,3.0,1050000.0,240069,353648,147.31098
中古マンション等,不動産取引価格情報,13105,東京都,文京区,白山,白山(東京),8,11000000,１Ｒ,10,1984年,ＲＣ,住宅,,１種住居,60.0,300.0,2021年第3四半期,,,文京区,2021,3,1984.0,37.0,8.0,1100000.0,240069,353648,147.31098
中古マンション等,不動産取引価格情報,13105,東京都,文京区,白山,白山(東京),2,51000000,１ＬＤＫ,55,2001年,ＲＣ,住宅,住宅,近隣商業,80.0,400.0,2021年第3四半期,未改装,,文京区,2021,3,2001.0,20.0,2.0,927272.7272727273,240069,353648,147.31098
中古マンション等,不動産取引価格情報,13105,東京都,文京区,白山,白山(東京),10,24000000,１Ｋ,20,2007年,ＲＣ,,その他,準工業,60.0,300.0,2021年第3四半期,未改装,,文京区,2021,3,2007.0,14.0,10.0,1200000.0,240069,353648,147.31098
中古マンション等,不動産取引価格情報,13105,東京都,文京区,白山,白山(東京),7,22000000,１Ｋ,25,2006年,ＲＣ,住宅,住宅,１中住専,60.0,300.0,2021年第3四半期,未改装,,文京区,2021,3,2006.0,15.0,7.0,880000.0,240069,353648,147.31098
中古マンション等,不動産取引価格情報,13105,東京都,文京区,白山,白山(東京),3,13000000,１Ｋ,20,1985年,ＲＣ,住宅,,１種住居,60.0,300.0,2021年第3四半期,,,文京区,2021,3,1985.0,36.0,3.0,650000.0,240069,353648,147.31098
中古マンション等,不動産取引価格情報,13105,東京都,文京区,白山,白山(東京),3,10000000,１Ｋ,15,1984年,ＳＲＣ,住宅,住宅,商業,80.0,600.0,2021年第3四半期,未改装,,文京区,2021,3,1984.0,37.0,3.0,666666.6666666666,240069,353648,147.31098
中古マンション等,不動産取引価格情報,13105,東京都,文京区,白山,白山(東京),4,21000000,１Ｋ,20,2001年,ＳＲＣ,住宅,住宅,近隣商業,80.0,400.0,2021年第3四半期,未改装,,文京区,2021,3,2001.0,20.0,4.0,1050000.0,240069,353648,147.31098
中古マンション等,不動産取引価格情報,13105,東京都,文京区,白山,白山(東京),4,21000000,１Ｋ,20,2001年,ＳＲＣ,住宅,住宅,近隣商業,80.0,400.0,2021年第3四半期,未改装,,文京区,2021,3,2001.0,20.0,4.0,1050000.0,240069,353648,147.31098
中古マンション等,不動産取引価格情報,13105,東京都,文京区,白山,白山(東京),0,25000000,１Ｋ,30,1986年,ＳＲＣ,住宅,住宅,商業,80.0,600.0,2021年第3四半期,改装済み,,文京区,2021,3,1986.0,35.0,0.0,833333.3333333334,240069,353648,147.31098
中古マンション等,不動産取引価格情報,13105,東京都,文京区,白山,白山(東京),10,29000000,２ＤＫ,30,2003年,ＲＣ,住宅,住宅,準工業,60.0,300.0,2021年第3四半期,未改装,,文京区,2021,3,2003.0,18.0,10.0,966666.6666666666,240069,353648,147.31098
中古マンション等,不動産取引価格情報,13105,東京都,文京区,白山,白山(東京),3,120000000,４ＬＤＫ,90,1998年,ＳＲＣ,住宅,住宅,１種住居,60.0,300.0,2021年第2四半期,未改装,,文京区,2021,2,1998.0,23.0,3.0,1333333.3333333333,240069,353648,147.31098
中古マンション等,不動産取引価格情報,13105,東京都,文京区,白山,白山(東京),3,23000000,１Ｋ,20,2005年,ＲＣ,住宅,住宅,商業,80.0,600.0,2021年第2四半期,未改装,,文京区,2021,2,2005.0,16.0,3.0,1150000.0,240069,353648,147.31098
中古マンション等,不動産取引価格情報,13105,東京都,文京区,白山,白山(東京),4,20000000,１Ｋ,20,2001年,ＳＲＣ,住宅,住宅,近隣商業,80.0,400.0,2021年第2四半期,改装済み,,文京区,2021,2,2001.0,20.0,4.0,1000000.0,240069,353648,147.31098
中古マンション等,不動産取引価格情報,13105,東京都,文京区,白山,白山(東京),3,24000000,１Ｋ,20,2009年,ＲＣ,住宅,住宅,１種住居,60.0,300.0,2021年第2四半期,未改装,,文京区,2021,2,2009.0,12.0,3.0,1200000.0,240069,353648,147.31098
中古マンション等,不動産取引価格情報,13105,東京都,文京区,白山,白山(東京),0,72000000,３ＬＤＫ,65,2004年,ＳＲＣ,,住宅,商業,80.0,600.0,2021年第2四半期,未改装,,文京区,2021,2,2004.0,17.0,0.0,1107692.3076923077,240069,353648,147.31098
中古マンション等,不動産取引価格情報,13105,東京都,文京区,白山,白山(東京),2,60000000,２ＬＤＫ,55,2001年,ＲＣ,住宅,住宅,近隣商業,80.0,400.0,2021年第2四半期,未改装,,文京区,2021,2,2001.0,20.0,2.0,1090909.0909090908,240069,353648,147.31098
中古マンション等,不動産取引価格情報,13105,東京都,文京区,白山,白山(東京),4,24000000,１Ｋ,20,2008年,ＲＣ,住宅,住宅,近隣商業,80.0,400.0,2021年第1四半期,,,文京区,2021,1,2008.0,13.0,4.0,1200000.0,240069,353648,147.31098
中古マンション等,不動産取引価格情報,13105,東京都,文京区,白山,白山(東京),3,40000000,１ＬＤＫ,35,2009年,ＲＣ,住宅,住宅,近隣商業,80.0,400.0,2021年第1四半期,,,文京区,2021,1,2009.0,12.0,3.0,1142857.142857143,240069,353648,147.31098
中古マンション等,不動産取引価格情報,13105,東京都,文京区,白山,白山(東京),0,90000000,３ＬＤＫ,75,2004年,ＳＲＣ,住宅,住宅,商業,80.0,600.0,2021年第1四半期,未改装,,文京区,2021,1,2004.0,17.0,0.0,1200000.0,240069,353648,147.31098
中古マンション等,不動産取引価格情報,13105,東京都,文京区,白山,茗荷谷,9,24000000,,20,2006年,ＲＣ,,住宅,準工業,60.0,400.0,2025年第4四半期,,,文京区,2025,4,2006.0,19.0,9.0,1200000.0,240069,353648,147.31098
中古マンション等,不動産取引価格情報,13105,東京都,文京区,白山,茗荷谷,10,28000000,１Ｋ,20,2010年,ＲＣ,,住宅,準工業,60.0,400.0,2025年第3四半期,,,文京区,2025,3,2010.0,15.0,10.0,1400000.0,240069,353648,147.31098
中古マンション等,不動産取引価格情報,13105,東京都,文京区,白山,茗荷谷,10,23000000,１Ｋ,20,2010年,ＲＣ,,その他,準工業,60.0,400.0,2024年第3四半期,未改装,,文京区,2024,3,2010.0,14.0,10.0,1150000.0,240069,353648,147.31098
中古マンション等,不動産取引価格情報,13105,東京都,文京区,白山,茗荷谷,9,34000000,１ＬＤＫ,35,2006年,ＲＣ,,住宅,準工業,60.0,400.0,2024年第3四半期,,,文京区,2024,3,2006.0,18.0,9.0,971428.5714285715,240069,353648,147.31098
中古マンション等,不動産取引価格情報,13105,東京都,文京区,白山,茗荷谷,7,23000000,１Ｋ,15,2005年,ＲＣ,住宅,住宅,準工業,60.0,400.0,2023年第4四半期,改装済み,,文京区,2023,4,2005.0,18.0,7.0,1533333.3333333333,240069,353648,147.31098
中古マンション等,不動産取引価格情報,13105,東京都,文京区,白山,茗荷谷,8,69000000,２ＬＤＫ,60,2002年,ＲＣ,住宅,住宅,準工業,60.0,400.0,2023年第3四半期,,,文京区,2023,3,2002.0,21.0,8.0,1150000.0,240069,353648,147.31098
中古マンション等,不動産取引価格情報,13105,東京都,文京区,白山,茗荷谷,9,24000000,１Ｋ,20,2006年,ＲＣ,住宅,住宅,準工業,60.0,400.0,2023年第3四半期,未改装,,文京区,2023,3,2006.0,17.0,9.0,1200000.0,240069,353648,147.31098
中古マンション等,不動産取引価格情報,13105,東京都,文京区,白山,茗荷谷,10,24000000,１Ｋ,20,2010年,ＲＣ,住宅,その他,準工業,60.0,400.0,2022年第3四半期,,,文京区,2022,3,2010.0,12.0,10.0,1200000.0,240069,353648,147.31098
中古マンション等,不動産取引価格情報,13105,東京都,文京区,白山,茗荷谷,8,63000000,２ＬＤＫ,55,2002年,ＲＣ,住宅,住宅,準工業,60.0,400.0,2021年第4四半期,未改装,,文京区,2021,4,2002.0,19.0,8.0,1145454.5454545454,240069,353648,147.31098
中古マンション等,不動産取引価格情報,13105,東京都,文京区,白山,茗荷谷,10,23000000,１Ｋ,20,2010年,ＲＣ,住宅,住宅,準工業,60.0,400.0,2021年第4四半期,改装済み,,文京区,2021,4,2010.0,11.0,10.0,1150000.0,240069,353648,147.31098
中古マンション等,不動産取引価格情報,13105,東京都,文京区,白山,茗荷谷,9,21000000,１Ｋ,20,2006年,ＲＣ,住宅,住宅,準工業,60.0,400.0,2021年第2四半期,未改装,,文京区,2021,2,2006.0,15.0,9.0,1050000.0,240069,353648,147.31098
中古マンション等,不動産取引価格情報,13105,東京都,文京区,本郷,御茶ノ水,5,42000000,１ＬＤＫ,35,2000年,ＳＲＣ,住宅,住宅,商業,80.0,600.0,2025年第2四半期,未改装,,文京区,2025,2,2000.0,25.0,5.0,1200000.0,240069,353648,147.31098
中古マンション等,不動産取引価格情報,13105,東京都,文京区,本郷,御茶ノ水,8,44000000,１ＬＤＫ,30,2018年,ＲＣ,住宅,その他,商業,80.0,600.0,2025年第1四半期,未改装,,文京区,2025,1,2018.0,7.0,8.0,1466666.6666666667,240069,353648,147.31098
中古マンション等,不動産取引価格情報,13105,東京都,文京区,本郷,御茶ノ水,7,17000000,１Ｋ,20,1988年,ＳＲＣ,住宅,住宅,商業,80.0,600.0,2024年第4四半期,未改装,,文京区,2024,4,1988.0,36.0,7.0,850000.0,240069,353648,147.31098
中古マンション等,不動産取引価格情報,13105,東京都,文京区,本郷,御茶ノ水,7,37000000,１Ｋ,40,1988年,ＳＲＣ,住宅,住宅,商業,80.0,600.0,2024年第2四半期,改装済み,,文京区,2024,2,1988.0,36.0,7.0,925000.0,240069,353648,147.31098
中古マンション等,不動産取引価格情報,13105,東京都,文京区,本郷,御茶ノ水,8,48000000,１ＤＫ,25,2018年,ＲＣ,住宅,住宅,商業,80.0,600.0,2024年第2四半期,未改装,,文京区,2024,2,2018.0,6.0,8.0,1920000.0,240069,353648,147.31098
中古マンション等,不動産取引価格情報,13105,東京都,文京区,本郷,御茶ノ水,8,78000000,２ＬＤＫ,50,2018年,ＲＣ,住宅,住宅,商業,80.0,600.0,2024年第2四半期,未改装,,文京区,2024,2,2018.0,6.0,8.0,1560000.0,240069,353648,147.31098
中古マンション等,不動産取引価格情報,13105,東京都,文京区,本郷,御茶ノ水,8,45000000,１ＤＫ,30,2018年,ＲＣ,住宅,住宅,商業,80.0,600.0,2023年第2四半期,未改装,,文京区,2023,2,2018.0,5.0,8.0,1500000.0,240069,353648,147.31098
中古マンション等,不動産取引価格情報,13105,東京都,文京区,本郷,御茶ノ水,7,18000000,,20,1989年,ＳＲＣ,住宅,住宅,商業,80.0,600.0,2023年第2四半期,,,文京区,2023,2,1989.0,34.0,7.0,900000.0,240069,353648,147.31098
中古マンション等,不動産取引価格情報,13105,東京都,文京区,本郷,御茶ノ水,6,34000000,１ＬＤＫ,35,2000年,ＳＲＣ,住宅,その他,商業,80.0,600.0,2021年第4四半期,未改装,,文京区,2021,4,2000.0,21.0,6.0,971428.5714285715,240069,353648,147.31098
中古マンション等,不動産取引価格情報,13105,東京都,文京区,本郷,御茶ノ水,5,35000000,１ＬＤＫ,35,2000年,ＳＲＣ,住宅,住宅,商業,80.0,600.0,2021年第2四半期,未改装,,文京区,2021,2,2000.0,21.0,5.0,1000000.0,240069,353648,147.31098
中古マンション等,不動産取引価格情報,13105,東京都,文京区,本郷,春日(東京),4,240000000,３ＬＤＫ,75,2014年,ＲＣ,住宅,,商業,80.0,600.0,2025年第4四半期,未改装,,文京区,2025,4,2014.0,11.0,4.0,3200000.0,240069,353648,147.31098
中古マンション等,不動産取引価格情報,13105,東京都,文京区,本郷,春日(東京),4,37000000,１Ｋ,25,2019年,ＲＣ,住宅,住宅,近隣商業,80.0,300.0,2025年第3四半期,未改装,,文京区,2025,3,2019.0,6.0,4.0,1480000.0,240069,353648,147.31098
中古マンション等,不動産取引価格情報,13105,東京都,文京区,本郷,春日(東京),1,22000000,１Ｋ,15,1994年,ＲＣ,住宅,住宅,近隣商業,80.0,400.0,2025年第3四半期,未改装,,文京区,2025,3,1994.0,31.0,1.0,1466666.6666666667,240069,353648,147.31098
中古マンション等,不動産取引価格情報,13105,東京都,文京区,本郷,春日(東京),4,100000000,２ＬＤＫ,55,2001年,ＲＣ,住宅,住宅,近隣商業,80.0,400.0,2025年第3四半期,未改装,,文京区,2025,3,2001.0,24.0,4.0,1818181.8181818181,240069,353648,147.31098
中古マンション等,不動産取引価格情報,13105,東京都,文京区,本郷,春日(東京),3,24000000,１Ｋ,20,2000年,ＲＣ,住宅,住宅,商業,80.0,600.0,2025年第3四半期,,,文京区,2025,3,2000.0,25.0,3.0,1200000.0,240069,353648,147.31098
中古マンション等,不動産取引価格情報,13105,東京都,文京区,本郷,春日(東京),4,150000000,２ＬＤＫ,70,2015年,ＲＣ,住宅,住宅,商業,80.0,600.0,2025年第2四半期,未改装,,文京区,2025,2,2015.0,10.0,4.0,2142857.1428571427,240069,353648,147.31098
中古マンション等,不動産取引価格情報,13105,東京都,文京区,本郷,春日(東京),3,25000000,１Ｋ,20,2005年,ＲＣ,住宅,住宅,近隣商業,80.0,400.0,2025年第2四半期,未改装,,文京区,2025,2,2005.0,20.0,3.0,1250000.0,240069,353648,147.31098
中古マンション等,不動産取引価格情報,13105,東京都,文京区,本郷,春日(東京),2,130000000,２ＬＤＫ,60,2005年,ＲＣ,住宅,住宅,１種住居,60.0,300.0,2025年第2四半期,改装済み,,文京区,2025,2,2005.0,20.0,2.0,2166666.6666666665,240069,353648,147.31098
中古マンション等,不動産取引価格情報,13105,東京都,文京区,本郷,春日(東京),4,55000000,１ＬＤＫ,40,2019年,ＲＣ,住宅,住宅,近隣商業,80.0,300.0,2025年第1四半期,改装済み,,文京区,2025,1,2019.0,6.0,4.0,1375000.0,240069,353648,147.31098
中古マンション等,不動産取引価格情報,13105,東京都,文京区,本郷,春日(東京),1,22000000,,15,1994年,ＲＣ,住宅,住宅,近隣商業,80.0,400.0,2025年第1四半期,未改装,,文京区,2025,1,1994.0,31.0,1.0,1466666.6666666667,240069,353648,147.31098
中古マンション等,不動産取引価格情報,13105,東京都,文京区,本郷,春日(東京),1,110000000,２ＬＤＫ,65,2001年,ＳＲＣ,住宅,住宅,商業,80.0,600.0,2025年第1四半期,未改装,,文京区,2025,1,2001.0,24.0,1.0,1692307.6923076923,240069,353648,147.31098
中古マンション等,不動産取引価格情報,13105,東京都,文京区,本郷,春日(東京),3,22000000,１Ｋ,20,2000年,ＲＣ,住宅,住宅,商業,80.0,600.0,2025年第1四半期,未改装,,文京区,2025,1,2000.0,25.0,3.0,1100000.0,240069,353648,147.31098
中古マンション等,不動産取引価格情報,13105,東京都,文京区,本郷,春日(東京),0,72000000,１ＬＤＫ,45,2008年,ＲＣ,住宅,住宅,商業,80.0,600.0,2024年第4四半期,未改装,,文京区,2024,4,2008.0,16.0,0.0,1600000.0,240069,353648,147.31098
中古マンション等,不動産取引価格情報,13105,東京都,文京区,本郷,春日(東京),4,130000000,２ＬＤＫ,65,1999年,ＳＲＣ,住宅,住宅,商業,80.0,600.0,2024年第4四半期,改装済み,,文京区,2024,4,1999.0,25.0,4.0,2000000.0,240069,353648,147.31098
中古マンション等,不動産取引価格情報,13105,東京都,文京区,本郷,春日(東京),3,120000000,２ＬＤＫ,50,2021年,ＲＣ,住宅,住宅,商業,80.0,600.0,2024年第3四半期,未改装,,文京区,2024,3,2021.0,3.0,3.0,2400000.0,240069,353648,147.31098
中古マンション等,不動産取引価格情報,13105,東京都,文京区,本郷,春日(東京),3,28000000,１ＤＫ,30,1972年,ＲＣ,住宅,住宅,１種住居,60.0,300.0,2024年第3四半期,改装済み,,文京区,2024,3,1972.0,52.0,3.0,933333.3333333334,240069,353648,147.31098
中古マンション等,不動産取引価格情報,13105,東京都,文京区,本郷,春日(東京),4,88000000,１ＬＤＫ,50,2010年,ＲＣ,住宅,住宅,近隣商業,80.0,400.0,2024年第3四半期,未改装,,文京区,2024,3,2010.0,14.0,4.0,1760000.0,240069,353648,147.31098
中古マンション等,不動産取引価格情報,13105,東京都,文京区,本郷,春日(東京),3,35000000,１ＤＫ,30,2021年,ＲＣ,住宅,住宅,商業,80.0,600.0,2024年第3四半期,未改装,,文京区,2024,3,2021.0,3.0,3.0,1166666.6666666667,240069,353648,147.31098
中古マンション等,不動産取引価格情報,13105,東京都,文京区,本郷,春日(東京),2,27000000,１Ｋ,20,2002年,ＲＣ,住宅,住宅,近隣商業,80.0,400.0,2024年第2四半期,未改装,,文京区,2024,2,2002.0,22.0,2.0,1350000.0,240069,353648,147.31098
中古マンション等,不動産取引価格情報,13105,東京都,文京区,本郷,春日(東京),3,20000000,１Ｋ,30,1972年,ＲＣ,住宅,住宅,１種住居,60.0,300.0,2024年第2四半期,未改装,,文京区,2024,2,1972.0,52.0,3.0,666666.6666666666,240069,353648,147.31098
中古マンション等,不動産取引価格情報,13105,東京都,文京区,本郷,春日(東京),0,67000000,１ＬＤＫ,45,2008年,ＲＣ,住宅,住宅,商業,80.0,600.0,2024年第1四半期,未改装,,文京区,2024,1,2008.0,16.0,0.0,1488888.888888889,240069,353648,147.31098
中古マンション等,不動産取引価格情報,13105,東京都,文京区,本郷,春日(東京),0,96000000,２ＬＤＫ,50,2020年,ＲＣ,住宅,住宅,商業,80.0,600.0,2024年第1四半期,未改装,,文京区,2024,1,2020.0,4.0,0.0,1920000.0,240069,353648,147.31098
中古マンション等,不動産取引価格情報,13105,東京都,文京区,本郷,春日(東京),5,21000000,１Ｋ,20,1998年,ＲＣ,住宅,住宅,近隣商業,80.0,400.0,2023年第4四半期,未改装,,文京区,2023,4,1998.0,25.0,5.0,1050000.0,240069,353648,147.31098
中古マンション等,不動産取引価格情報,13105,東京都,文京区,本郷,春日(東京),6,63000000,２ＬＤＫ,40,2013年,ＲＣ,住宅,住宅,１種住居,60.0,300.0,2023年第4四半期,未改装,,文京区,2023,4,2013.0,10.0,6.0,1575000.0,240069,353648,147.31098
中古マンション等,不動産取引価格情報,13105,東京都,文京区,本郷,春日(東京),4,79000000,２ＬＤＫ,55,2003年,ＳＲＣ,住宅,住宅,商業,80.0,600.0,2023年第4四半期,未改装,,文京区,2023,4,2003.0,20.0,4.0,1436363.6363636365,240069,353648,147.31098
中古マンション等,不動産取引価格情報,13105,東京都,文京区,本郷,春日(東京),4,83000000,１ＬＤＫ,55,2003年,ＳＲＣ,住宅,住宅,商業,80.0,600.0,2023年第4四半期,未改装,,文京区,2023,4,2003.0,20.0,4.0,1509090.9090909092,240069,353648,147.31098
中古マンション等,不動産取引価格情報,13105,東京都,文京区,本郷,春日(東京),2,26000000,１Ｋ,20,2002年,ＲＣ,,住宅,近隣商業,80.0,400.0,2023年第3四半期,未改装,,文京区,2023,3,2002.0,21.0,2.0,1300000.0,240069,353648,147.31098
中古マンション等,不動産取引価格情報,13105,東京都,文京区,本郷,春日(東京),3,21000000,１Ｋ,20,2000年,ＲＣ,住宅,住宅,商業,80.0,600.0,2023年第3四半期,未改装,,文京区,2023,3,2000.0,23.0,3.0,1050000.0,240069,353648,147.31098
中古マンション等,不動産取引価格情報,13105,東京都,文京区,本郷,春日(東京),3,19000000,,20,2000年,ＲＣ,住宅,住宅,商業,80.0,600.0,2023年第3四半期,未改装,,文京区,2023,3,2000.0,23.0,3.0,950000.0,240069,353648,147.31098
中古マンション等,不動産取引価格情報,13105,東京都,文京区,本郷,春日(東京),4,68000000,２ＬＤＫ,50,2014年,ＲＣ,住宅,住宅,１種住居,60.0,300.0,2023年第3四半期,未改装,,文京区,2023,3,2014.0,9.0,4.0,1360000.0,240069,353648,147.31098
中古マンション等,不動産取引価格情報,13105,東京都,文京区,本郷,春日(東京),7,62000000,２ＬＤＫ,50,1987年,ＲＣ,住宅,住宅,近隣商業,80.0,300.0,2023年第3四半期,改装済み,,文京区,2023,3,1987.0,36.0,7.0,1240000.0,240069,353648,147.31098
中古マンション等,不動産取引価格情報,13105,東京都,文京区,本郷,春日(東京),3,12000000,１Ｋ,20,2000年,ＲＣ,住宅,住宅,商業,80.0,600.0,2023年第3四半期,改装済み,,文京区,2023,3,2000.0,23.0,3.0,600000.0,240069,353648,147.31098
中古マンション等,不動産取引価格情報,13105,東京都,文京区,本郷,春日(東京),4,80000000,２ＬＤＫ,50,2010年,ＲＣ,住宅,住宅,近隣商業,80.0,400.0,2023年第2四半期,未改装,,文京区,2023,2,2010.0,13.0,4.0,1600000.0,240069,353648,147.31098
中古マンション等,不動産取引価格情報,13105,東京都,文京区,本郷,春日(東京),0,45000000,１Ｋ,30,2008年,ＲＣ,住宅,住宅,商業,80.0,600.0,2023年第2四半期,未改装,,文京区,2023,2,2008.0,15.0,0.0,1500000.0,240069,353648,147.31098
中古マンション等,不動産取引価格情報,13105,東京都,文京区,本郷,春日(東京),4,140000000,３ＬＤＫ,80,2014年,ＲＣ,住宅,住宅,商業,80.0,600.0,2023年第2四半期,未改装,,文京区,2023,2,2014.0,9.0,4.0,1750000.0,240069,353648,147.31098
中古マンション等,不動産取引価格情報,13105,東京都,文京区,本郷,春日(東京),4,100000000,２ＬＤＫ,55,2014年,ＲＣ,住宅,住宅,商業,80.0,600.0,2023年第2四半期,未改装,,文京区,2023,2,2014.0,9.0,4.0,1818181.8181818181,240069,353648,147.31098
中古マンション等,不動産取引価格情報,13105,東京都,文京区,本郷,春日(東京),0,69000000,１ＬＤＫ,40,2020年,ＲＣ,住宅,,商業,80.0,600.0,2023年第2四半期,未改装,,文京区,2023,2,2020.0,3.0,0.0,1725000.0,240069,353648,147.31098
中古マンション等,不動産取引価格情報,13105,東京都,文京区,本郷,春日(東京),0,59000000,１ＬＤＫ,35,2020年,ＲＣ,住宅,住宅,商業,80.0,600.0,2023年第1四半期,未改装,,文京区,2023,1,2020.0,3.0,0.0,1685714.2857142857,240069,353648,147.31098
中古マンション等,不動産取引価格情報,13105,東京都,文京区,本郷,春日(東京),3,23000000,１Ｋ,20,2001年,ＳＲＣ,住宅,その他,商業,80.0,600.0,2023年第1四半期,未改装,,文京区,2023,1,2001.0,22.0,3.0,1150000.0,240069,353648,147.31098
中古マンション等,不動産取引価格情報,13105,東京都,文京区,本郷,春日(東京),5,37000000,１ＬＤＫ,40,1998年,ＲＣ,住宅,住宅,近隣商業,80.0,400.0,2023年第1四半期,未改装,,文京区,2023,1,1998.0,25.0,5.0,925000.0,240069,353648,147.31098
中古マンション等,不動産取引価格情報,13105,東京都,文京区,本郷,春日(東京),3,17000000,１ＤＫ,30,1972年,ＲＣ,住宅,住宅,１種住居,60.0,300.0,2022年第4四半期,改装済み,,文京区,2022,4,1972.0,50.0,3.0,566666.6666666666,240069,353648,147.31098
中古マンション等,不動産取引価格情報,13105,東京都,文京区,本郷,春日(東京),0,42000000,１ＤＫ,30,2008年,ＲＣ,住宅,住宅,商業,80.0,600.0,2022年第3四半期,未改装,,文京区,2022,3,2008.0,14.0,0.0,1400000.0,240069,353648,147.31098
中古マンション等,不動産取引価格情報,13105,東京都,文京区,本郷,春日(東京),3,58000000,１ＤＫ,30,2021年,ＲＣ,住宅,その他,商業,80.0,600.0,2022年第3四半期,改装済み,,文京区,2022,3,2021.0,1.0,3.0,1933333.3333333333,240069,353648,147.31098
中古マンション等,不動産取引価格情報,13105,東京都,文京区,本郷,春日(東京),4,130000000,２ＬＤＫ,70,2008年,ＲＣ,住宅,住宅,近隣商業,80.0,400.0,2022年第2四半期,未改装,,文京区,2022,2,2008.0,14.0,4.0,1857142.857142857,240069,353648,147.31098
中古マンション等,不動産取引価格情報,13105,東京都,文京区,本郷,春日(東京),4,94000000,２ＬＤＫ,55,2014年,ＲＣ,住宅,住宅,商業,80.0,600.0,2022年第2四半期,未改装,,文京区,2022,2,2014.0,8.0,4.0,1709090.9090909092,240069,353648,147.31098
中古マンション等,不動産取引価格情報,13105,東京都,文京区,本郷,春日(東京),3,57000000,２ＤＫ,55,1982年,ＳＲＣ,住宅,住宅,商業,80.0,600.0,2022年第1四半期,改装済み,,文京区,2022,1,1982.0,40.0,3.0,1036363.6363636364,240069,353648,147.31098
中古マンション等,不動産取引価格情報,13105,東京都,文京区,本郷,春日(東京),2,23000000,オープンフロア,35,2006年,ＲＣ,店舗,店舗,近隣商業,80.0,400.0,2022年第1四半期,未改装,,文京区,2022,1,2006.0,16.0,2.0,657142.8571428572,240069,353648,147.31098
中古マンション等,不動産取引価格情報,13105,東京都,文京区,本郷,春日(東京),2,62000000,２ＬＤＫ,40,2019年,ＲＣ,住宅,,商業,80.0,600.0,2021年第4四半期,未改装,,文京区,2021,4,2019.0,2.0,2.0,1550000.0,240069,353648,147.31098
中古マンション等,不動産取引価格情報,13105,東京都,文京区,本郷,春日(東京),2,74000000,２ＬＤＫ,50,2019年,ＲＣ,住宅,住宅,商業,80.0,600.0,2021年第4四半期,未改装,,文京区,2021,4,2019.0,2.0,2.0,1480000.0,240069,353648,147.31098
中古マンション等,不動産取引価格情報,13105,東京都,文京区,本郷,春日(東京),1,17000000,１Ｋ,20,1994年,ＲＣ,住宅,住宅,近隣商業,80.0,400.0,2021年第4四半期,未改装,,文京区,2021,4,1994.0,27.0,1.0,850000.0,240069,353648,147.31098
中古マンション等,不動産取引価格情報,13105,東京都,文京区,本郷,春日(東京),3,20000000,１Ｋ,20,2000年,ＲＣ,住宅,住宅,商業,80.0,600.0,2021年第4四半期,未改装,,文京区,2021,4,2000.0,21.0,3.0,1000000.0,240069,353648,147.31098
中古マンション等,不動産取引価格情報,13105,東京都,文京区,本郷,春日(東京),1,58000000,１ＬＤＫ,40,2020年,ＲＣ,住宅,住宅,商業,80.0,600.0,2021年第3四半期,未改装,,文京区,2021,3,2020.0,1.0,1.0,1450000.0,240069,353648,147.31098
中古マンション等,不動産取引価格情報,13105,東京都,文京区,本郷,春日(東京),2,50000000,１ＬＤＫ,35,1998年,ＲＣ,,住宅,商業,80.0,600.0,2021年第3四半期,改装済み,,文京区,2021,3,1998.0,23.0,2.0,1428571.4285714286,240069,353648,147.31098
中古マンション等,不動産取引価格情報,13105,東京都,文京区,本郷,春日(東京),4,140000000,３ＬＤＫ,70,2015年,ＲＣ,住宅,住宅,商業,80.0,600.0,2021年第3四半期,未改装,,文京区,2021,3,2015.0,6.0,4.0,2000000.0,240069,353648,147.31098
中古マンション等,不動産取引価格情報,13105,東京都,文京区,本郷,春日(東京),4,130000000,３ＬＤＫ,70,2014年,ＲＣ,住宅,住宅,商業,80.0,600.0,2021年第3四半期,未改装,,文京区,2021,3,2014.0,7.0,4.0,1857142.857142857,240069,353648,147.31098
中古マンション等,不動産取引価格情報,13105,東京都,文京区,本郷,春日(東京),3,22000000,１Ｋ,20,2005年,ＲＣ,住宅,住宅,近隣商業,80.0,400.0,2021年第2四半期,未改装,,文京区,2021,2,2005.0,16.0,3.0,1100000.0,240069,353648,147.31098
中古マンション等,不動産取引価格情報,13105,東京都,文京区,本郷,春日(東京),2,23000000,１Ｋ,20,2002年,ＲＣ,住宅,住宅,近隣商業,80.0,400.0,2021年第2四半期,未改装,,文京区,2021,2,2002.0,19.0,2.0,1150000.0,240069,353648,147.31098
中古マンション等,不動産取引価格情報,13105,東京都,文京区,本郷,春日(東京),0,54000000,１ＬＤＫ,35,2008年,ＲＣ,住宅,住宅,商業,80.0,600.0,2021年第2四半期,,,文京区,2021,2,2008.0,13.0,0.0,1542857.142857143,240069,353648,147.31098
中古マンション等,不動産取引価格情報,13105,東京都,文京区,本郷,春日(東京),3,20000000,,35,1972年,ＲＣ,住宅,住宅,１種住居,60.0,300.0,2021年第2四半期,,,文京区,2021,2,1972.0,49.0,3.0,571428.5714285715,240069,353648,147.31098
中古マンション等,不動産取引価格情報,13105,東京都,文京区,本郷,春日(東京),4,94000000,３ＬＤＫ,65,2014年,ＲＣ,住宅,住宅,商業,80.0,600.0,2021年第1四半期,未改装,,文京区,2021,1,2014.0,7.0,4.0,1446153.8461538462,240069,353648,147.31098
中古マンション等,不動産取引価格情報,13105,東京都,文京区,本郷,春日(東京),2,46000000,１ＬＤＫ,30,2019年,ＲＣ,住宅,住宅,商業,80.0,600.0,2021年第1四半期,未改装,,文京区,2021,1,2019.0,2.0,2.0,1533333.3333333333,240069,353648,147.31098
中古マンション等,不動産取引価格情報,13105,東京都,文京区,本郷,水道橋,3,110000000,３ＬＤＫ,85,1982年,ＳＲＣ,住宅,住宅,商業,80.0,600.0,2025年第4四半期,,,文京区,2025,4,1982.0,43.0,3.0,1294117.6470588236,240069,353648,147.31098
中古マンション等,不動産取引価格情報,13105,東京都,文京区,本郷,水道橋,1,180000000,,90,1979年,ＳＲＣ,住宅,,近隣商業,80.0,400.0,2025年第3四半期,,,文京区,2025,3,1979.0,46.0,1.0,2000000.0,240069,353648,147.31098
中古マンション等,不動産取引価格情報,13105,東京都,文京区,本郷,水道橋,7,110000000,２ＬＤＫ,60,2003年,ＳＲＣ,住宅,住宅,近隣商業,80.0,400.0,2025年第1四半期,改装済み,,文京区,2025,1,2003.0,22.0,7.0,1833333.3333333333,240069,353648,147.31098
中古マンション等,不動産取引価格情報,13105,東京都,文京区,本郷,水道橋,3,31000000,１Ｋ,25,2014年,ＲＣ,住宅,住宅,商業,80.0,500.0,2024年第4四半期,未改装,,文京区,2024,4,2014.0,10.0,3.0,1240000.0,240069,353648,147.31098
中古マンション等,不動産取引価格情報,13105,東京都,文京区,本郷,水道橋,3,210000000,３ＬＤＫ,115,1970年,ＳＲＣ,,住宅,近隣商業,80.0,400.0,2024年第3四半期,未改装,,文京区,2024,3,1970.0,54.0,3.0,1826086.956521739,240069,353648,147.31098
中古マンション等,不動産取引価格情報,13105,東京都,文京区,本郷,水道橋,7,120000000,３ＬＤＫ,75,2003年,ＳＲＣ,住宅,住宅,近隣商業,80.0,400.0,2024年第2四半期,未改装,,文京区,2024,2,2003.0,21.0,7.0,1600000.0,240069,353648,147.31098
中古マンション等,不動産取引価格情報,13105,東京都,文京区,本郷,水道橋,4,150000000,３ＬＤＫ,80,2005年,ＲＣ,住宅,住宅,近隣商業,80.0,400.0,2024年第2四半期,,,文京区,2024,2,2005.0,19.0,4.0,1875000.0,240069,353648,147.31098
中古マンション等,不動産取引価格情報,13105,東京都,文京区,本郷,水道橋,2,17000000,,15,1983年,ＳＲＣ,住宅,住宅,商業,80.0,500.0,2023年第4四半期,未改装,,文京区,2023,4,1983.0,40.0,2.0,1133333.3333333333,240069,353648,147.31098
中古マンション等,不動産取引価格情報,13105,東京都,文京区,本郷,水道橋,2,19000000,１ＤＫ,25,1976年,ＳＲＣ,,住宅,近隣商業,80.0,400.0,2023年第4四半期,未改装,,文京区,2023,4,1976.0,47.0,2.0,760000.0,240069,353648,147.31098
中古マンション等,不動産取引価格情報,13105,東京都,文京区,本郷,水道橋,8,21000000,１Ｋ,15,2001年,ＲＣ,住宅,住宅,商業,80.0,500.0,2023年第4四半期,未改装,,文京区,2023,4,2001.0,22.0,8.0,1400000.0,240069,353648,147.31098
中古マンション等,不動産取引価格情報,13105,東京都,文京区,本郷,水道橋,2,55000000,１ＬＤＫ,40,2011年,ＳＲＣ,住宅,住宅,商業,80.0,600.0,2023年第4四半期,未改装,,文京区,2023,4,2011.0,12.0,2.0,1375000.0,240069,353648,147.31098
中古マンション等,不動産取引価格情報,13105,東京都,文京区,本郷,水道橋,2,11000000,,15,1983年,ＳＲＣ,住宅,住宅,商業,80.0,500.0,2023年第3四半期,,,文京区,2023,3,1983.0,40.0,2.0,733333.3333333334,240069,353648,147.31098
中古マンション等,不動産取引価格情報,13105,東京都,文京区,本郷,水道橋,3,150000000,３ＬＤＫ,115,1970年,ＳＲＣ,住宅,住宅,近隣商業,80.0,400.0,2023年第1四半期,,,文京区,2023,1,1970.0,53.0,3.0,1304347.8260869565,240069,353648,147.31098
中古マンション等,不動産取引価格情報,13105,東京都,文京区,本郷,水道橋,3,32000000,１Ｋ,25,2014年,ＲＣ,住宅,住宅,商業,80.0,500.0,2022年第4四半期,未改装,,文京区,2022,4,2014.0,8.0,3.0,1280000.0,240069,353648,147.31098
中古マンション等,不動産取引価格情報,13105,東京都,文京区,本郷,水道橋,3,26000000,１Ｋ,25,2014年,ＲＣ,住宅,住宅,商業,80.0,500.0,2022年第4四半期,未改装,,文京区,2022,4,2014.0,8.0,3.0,1040000.0,240069,353648,147.31098
中古マンション等,不動産取引価格情報,13105,東京都,文京区,本郷,水道橋,1,90000000,２ＬＤＫ,65,1979年,ＳＲＣ,住宅,住宅,近隣商業,80.0,400.0,2022年第3四半期,未改装,,文京区,2022,3,1979.0,43.0,1.0,1384615.3846153845,240069,353648,147.31098
中古マンション等,不動産取引価格情報,13105,東京都,文京区,本郷,水道橋,3,55000000,３ＬＤＫ,85,1970年,ＳＲＣ,住宅,住宅,近隣商業,80.0,400.0,2022年第3四半期,未改装,,文京区,2022,3,1970.0,52.0,3.0,647058.8235294118,240069,353648,147.31098
中古マンション等,不動産取引価格情報,13105,東京都,文京区,本郷,水道橋,3,26000000,１Ｋ,25,2014年,ＲＣ,,その他,商業,80.0,500.0,2022年第2四半期,,,文京区,2022,2,2014.0,8.0,3.0,1040000.0,240069,353648,147.31098
中古マンション等,不動産取引価格情報,13105,東京都,文京区,本郷,水道橋,7,66000000,２ＬＤＫ,50,2003年,ＳＲＣ,住宅,住宅,近隣商業,80.0,400.0,2022年第2四半期,未改装,,文京区,2022,2,2003.0,19.0,7.0,1320000.0,240069,353648,147.31098
中古マンション等,不動産取引価格情報,13105,東京都,文京区,本郷,水道橋,4,110000000,３ＬＤＫ,70,2005年,ＲＣ,住宅,住宅,近隣商業,80.0,400.0,2022年第1四半期,未改装,,文京区,2022,1,2005.0,17.0,4.0,1571428.5714285714,240069,353648,147.31098
中古マンション等,不動産取引価格情報,13105,東京都,文京区,本郷,水道橋,3,41000000,２ＬＤＫ,85,1970年,ＳＲＣ,住宅,住宅,近隣商業,80.0,400.0,2021年第2四半期,改装済み,,文京区,2021,2,1970.0,51.0,3.0,482352.9411764706,240069,353648,147.31098
中古マンション等,不動産取引価格情報,13105,東京都,文京区,本郷,水道橋,3,60000000,２ＬＤＫ,90,1970年,ＳＲＣ,住宅,住宅,近隣商業,80.0,400.0,2021年第1四半期,未改装,,文京区,2021,1,1970.0,51.0,3.0,666666.6666666666,240069,353648,147.31098
中古マンション等,不動産取引価格情報,13105,東京都,文京区,本郷,東大前,4,24000000,１Ｋ,20,1984年,ＳＲＣ,住宅,住宅,商業,80.0,600.0,2025年第3四半期,改装済み,,文京区,2025,3,1984.0,41.0,4.0,1200000.0,240069,353648,147.31098
中古マンション等,不動産取引価格情報,13105,東京都,文京区,本郷,東大前,4,24000000,,20,2004年,ＳＲＣ,住宅,住宅,商業,80.0,600.0,2024年第4四半期,未改装,,文京区,2024,4,2004.0,20.0,4.0,1200000.0,240069,353648,147.31098
中古マンション等,不動産取引価格情報,13105,東京都,文京区,本郷,東大前,4,29000000,オープンフロア,65,1992年,ＳＲＣ,事務所,事務所,商業,80.0,600.0,2024年第1四半期,未改装,,文京区,2024,1,1992.0,32.0,4.0,446153.8461538461,240069,353648,147.31098
中古マンション等,不動産取引価格情報,13105,東京都,文京区,本郷,東大前,4,53000000,１ＬＤＫ,40,2004年,ＳＲＣ,住宅,住宅,商業,80.0,600.0,2023年第4四半期,未改装,,文京区,2023,4,2004.0,19.0,4.0,1325000.0,240069,353648,147.31098
中古マンション等,不動産取引価格情報,13105,東京都,文京区,本郷,東大前,6,65000000,１ＬＤＫ,40,2013年,ＲＣ,住宅,住宅,商業,80.0,600.0,2023年第4四半期,,,文京区,2023,4,2013.0,10.0,6.0,1625000.0,240069,353648,147.31098
中古マンション等,不動産取引価格情報,13105,東京都,文京区,本郷,東大前,6,22000000,１Ｋ,20,2004年,ＲＣ,住宅,その他,２種住居,60.0,300.0,2023年第3四半期,,,文京区,2023,3,2004.0,19.0,6.0,1100000.0,240069,353648,147.31098
中古マンション等,不動産取引価格情報,13105,東京都,文京区,本郷,東大前,4,15000000,１Ｋ,15,1992年,ＳＲＣ,住宅,住宅,商業,80.0,600.0,2023年第2四半期,未改装,,文京区,2023,2,1992.0,31.0,4.0,1000000.0,240069,353648,147.31098
中古マンション等,不動産取引価格情報,13105,東京都,文京区,本郷,東大前,6,23000000,１Ｒ,20,2004年,ＲＣ,,住宅,２種住居,60.0,300.0,2023年第1四半期,改装済み,,文京区,2023,1,2004.0,19.0,6.0,1150000.0,240069,353648,147.31098
中古マンション等,不動産取引価格情報,13105,東京都,文京区,本郷,東大前,6,130000000,２ＬＤＫ,65,2013年,ＲＣ,住宅,住宅,商業,80.0,600.0,2023年第1四半期,未改装,,文京区,2023,1,2013.0,10.0,6.0,2000000.0,240069,353648,147.31098
中古マンション等,不動産取引価格情報,13105,東京都,文京区,本郷,東大前,6,22000000,１Ｋ,20,2004年,ＲＣ,住宅,住宅,２種住居,60.0,300.0,2021年第3四半期,未改装,,文京区,2021,3,2004.0,17.0,6.0,1100000.0,240069,353648,147.31098
中古マンション等,不動産取引価格情報,13105,東京都,文京区,本郷,東大前,6,24000000,１Ｋ,20,2004年,ＲＣ,住宅,住宅,２種住居,60.0,300.0,2021年第2四半期,未改装,,文京区,2021,2,2004.0,17.0,6.0,1200000.0,240069,353648,147.31098
中古マンション等,不動産取引価格情報,13105,東京都,文京区,本郷,本郷三丁目,2,87000000,２ＬＤＫ,40,2024年,ＲＣ,住宅,住宅,商業,80.0,600.0,2025年第4四半期,未改装,,文京区,2025,4,2024.0,1.0,2.0,2175000.0,240069,353648,147.31098
中古マンション等,不動産取引価格情報,13105,東京都,文京区,本郷,本郷三丁目,4,30000000,１Ｋ,25,2003年,ＳＲＣ,住宅,住宅,商業,80.0,600.0,2025年第4四半期,未改装,,文京区,2025,4,2003.0,22.0,4.0,1200000.0,240069,353648,147.31098
中古マンション等,不動産取引価格情報,13105,東京都,文京区,本郷,本郷三丁目,4,150000000,３ＬＤＫ,60,2025年,ＲＣ,住宅,住宅,近隣商業,80.0,400.0,2025年第4四半期,改装済み,,文京区,2025,4,2025.0,0.0,4.0,2500000.0,240069,353648,147.31098
中古マンション等,不動産取引価格情報,13105,東京都,文京区,本郷,本郷三丁目,5,88000000,２ＬＤＫ,55,2017年,ＲＣ,住宅,住宅,商業,80.0,600.0,2025年第4四半期,,,文京区,2025,4,2017.0,8.0,5.0,1600000.0,240069,353648,147.31098
中古マンション等,不動産取引価格情報,13105,東京都,文京区,本郷,本郷三丁目,3,26000000,１Ｋ,20,2004年,ＳＲＣ,住宅,住宅,商業,80.0,600.0,2025年第4四半期,未改装,,文京区,2025,4,2004.0,21.0,3.0,1300000.0,240069,353648,147.31098
中古マンション等,不動産取引価格情報,13105,東京都,文京区,本郷,本郷三丁目,3,150000000,２ＬＤＫ,65,2018年,ＲＣ,住宅,住宅,商業,80.0,600.0,2025年第4四半期,未改装,,文京区,2025,4,2018.0,7.0,3.0,2307692.3076923075,240069,353648,147.31098
中古マンション等,不動産取引価格情報,13105,東京都,文京区,本郷,本郷三丁目,3,130000000,２ＬＤＫ,60,2007年,ＲＣ,住宅,住宅,商業,80.0,600.0,2025年第3四半期,改装済み,,文京区,2025,3,2007.0,18.0,3.0,2166666.6666666665,240069,353648,147.31098
中古マンション等,不動産取引価格情報,13105,東京都,文京区,本郷,本郷三丁目,6,94000000,２ＬＤＫ,50,2015年,ＲＣ,住宅,住宅,商業,80.0,600.0,2025年第3四半期,,,文京区,2025,3,2015.0,10.0,6.0,1880000.0,240069,353648,147.31098
中古マンション等,不動産取引価格情報,13105,東京都,文京区,本郷,本郷三丁目,6,31000000,１ＬＤＫ,25,1998年,ＲＣ,住宅,住宅,商業,80.0,600.0,2025年第3四半期,未改装,,文京区,2025,3,1998.0,27.0,6.0,1240000.0,240069,353648,147.31098
中古マンション等,不動産取引価格情報,13105,東京都,文京区,本郷,本郷三丁目,5,20000000,１ＬＤＫ,50,1992年,ＳＲＣ,住宅,住宅,商業,80.0,600.0,2025年第3四半期,未改装,,文京区,2025,3,1992.0,33.0,5.0,400000.0,240069,353648,147.31098
中古マンション等,不動産取引価格情報,13105,東京都,文京区,本郷,本郷三丁目,5,32000000,１Ｋ,25,2009年,ＳＲＣ,住宅,住宅,商業,80.0,600.0,2025年第3四半期,未改装,,文京区,2025,3,2009.0,16.0,5.0,1280000.0,240069,353648,147.31098
中古マンション等,不動産取引価格情報,13105,東京都,文京区,本郷,本郷三丁目,4,93000000,,55,1997年,ＳＲＣ,,,商業,80.0,500.0,2025年第2四半期,,,文京区,2025,2,1997.0,28.0,4.0,1690909.0909090908,240069,353648,147.31098
中古マンション等,不動産取引価格情報,13105,東京都,文京区,本郷,本郷三丁目,7,28000000,１Ｋ,20,2003年,ＳＲＣ,住宅,住宅,商業,80.0,600.0,2025年第2四半期,未改装,,文京区,2025,2,2003.0,22.0,7.0,1400000.0,240069,353648,147.31098
中古マンション等,不動産取引価格情報,13105,東京都,文京区,本郷,本郷三丁目,2,76000000,１ＬＤＫ,40,2011年,ＲＣ,住宅,住宅,商業,80.0,600.0,2025年第2四半期,未改装,,文京区,2025,2,2011.0,14.0,2.0,1900000.0,240069,353648,147.31098
中古マンション等,不動産取引価格情報,13105,東京都,文京区,本郷,本郷三丁目,8,92000000,２ＬＤＫ,50,2017年,ＲＣ,住宅,住宅,近隣商業,80.0,300.0,2025年第2四半期,未改装,,文京区,2025,2,2017.0,8.0,8.0,1840000.0,240069,353648,147.31098
中古マンション等,不動産取引価格情報,13105,東京都,文京区,本郷,本郷三丁目,6,78000000,１ＬＤＫ,45,2007年,ＲＣ,住宅,住宅,１種住居,60.0,300.0,2025年第2四半期,未改装,,文京区,2025,2,2007.0,18.0,6.0,1733333.3333333333,240069,353648,147.31098
中古マンション等,不動産取引価格情報,13105,東京都,文京区,本郷,本郷三丁目,3,31000000,１Ｋ,25,2005年,ＲＣ,住宅,住宅,商業,80.0,500.0,2025年第2四半期,,,文京区,2025,2,2005.0,20.0,3.0,1240000.0,240069,353648,147.31098
中古マンション等,不動産取引価格情報,13105,東京都,文京区,本郷,本郷三丁目,4,29000000,１Ｋ,20,2011年,ＳＲＣ,住宅,その他,商業,80.0,500.0,2025年第2四半期,改装済み,,文京区,2025,2,2011.0,14.0,4.0,1450000.0,240069,353648,147.31098
中古マンション等,不動産取引価格情報,13105,東京都,文京区,本郷,本郷三丁目,5,24000000,１Ｋ,25,1986年,ＳＲＣ,住宅,住宅,商業,80.0,600.0,2025年第2四半期,改装済み,,文京区,2025,2,1986.0,39.0,5.0,960000.0,240069,353648,147.31098
中古マンション等,不動産取引価格情報,13105,東京都,文京区,本郷,本郷三丁目,4,33000000,３ＤＫ,45,1977年,ＳＲＣ,住宅,住宅,商業,80.0,600.0,2025年第2四半期,未改装,,文京区,2025,2,1977.0,48.0,4.0,733333.3333333334,240069,353648,147.31098
中古マンション等,不動産取引価格情報,13105,東京都,文京区,本郷,本郷三丁目,7,170000000,３ＬＤＫ,65,2013年,ＲＣ,住宅,住宅,近隣商業,80.0,400.0,2025年第2四半期,未改装,,文京区,2025,2,2013.0,12.0,7.0,2615384.6153846155,240069,353648,147.31098
中古マンション等,不動産取引価格情報,13105,東京都,文京区,本郷,本郷三丁目,3,50000000,１ＬＤＫ,40,2007年,ＲＣ,住宅,住宅,商業,80.0,600.0,2025年第2四半期,改装済み,,文京区,2025,2,2007.0,18.0,3.0,1250000.0,240069,353648,147.31098
中古マンション等,不動産取引価格情報,13105,東京都,文京区,本郷,本郷三丁目,5,90000000,,115,1992年,ＳＲＣ,事務所,事務所,商業,80.0,600.0,2025年第1四半期,,,文京区,2025,1,1992.0,33.0,5.0,782608.695652174,240069,353648,147.31098
中古マンション等,不動産取引価格情報,13105,東京都,文京区,本郷,本郷三丁目,5,31000000,１Ｋ,20,2009年,ＳＲＣ,住宅,住宅,商業,80.0,600.0,2025年第1四半期,未改装,,文京区,2025,1,2009.0,16.0,5.0,1550000.0,240069,353648,147.31098
中古マンション等,不動産取引価格情報,13105,東京都,文京区,本郷,本郷三丁目,3,24000000,,20,2004年,ＳＲＣ,住宅,住宅,商業,80.0,600.0,2025年第1四半期,,,文京区,2025,1,2004.0,21.0,3.0,1200000.0,240069,353648,147.31098
中古マンション等,不動産取引価格情報,13105,東京都,文京区,本郷,本郷三丁目,7,45000000,１ＬＤＫ,35,2000年,ＳＲＣ,住宅,住宅,商業,80.0,600.0,2024年第4四半期,未改装,,文京区,2024,4,2000.0,24.0,7.0,1285714.2857142857,240069,353648,147.31098
中古マンション等,不動産取引価格情報,13105,東京都,文京区,本郷,本郷三丁目,5,39000000,２ＤＫ,35,1986年,ＳＲＣ,住宅,住宅,商業,80.0,600.0,2024年第4四半期,未改装,,文京区,2024,4,1986.0,38.0,5.0,1114285.7142857143,240069,353648,147.31098
中古マンション等,不動産取引価格情報,13105,東京都,文京区,本郷,本郷三丁目,8,84000000,２ＬＤＫ,50,2017年,ＲＣ,住宅,住宅,近隣商業,80.0,300.0,2024年第4四半期,未改装,,文京区,2024,4,2017.0,7.0,8.0,1680000.0,240069,353648,147.31098
中古マンション等,不動産取引価格情報,13105,東京都,文京区,本郷,本郷三丁目,6,37000000,１ＬＤＫ,45,1977年,ＳＲＣ,住宅,住宅,商業,80.0,600.0,2024年第4四半期,未改装,,文京区,2024,4,1977.0,47.0,6.0,822222.2222222222,240069,353648,147.31098
中古マンション等,不動産取引価格情報,13105,東京都,文京区,本郷,本郷三丁目,5,62000000,１ＤＫ,35,2017年,ＲＣ,住宅,住宅,商業,80.0,600.0,2024年第4四半期,未改装,,文京区,2024,4,2017.0,7.0,5.0,1771428.5714285714,240069,353648,147.31098
中古マンション等,不動産取引価格情報,13105,東京都,文京区,本郷,本郷三丁目,3,110000000,２ＬＤＫ,60,2007年,ＲＣ,住宅,住宅,商業,80.0,600.0,2024年第4四半期,未改装,,文京区,2024,4,2007.0,17.0,3.0,1833333.3333333333,240069,353648,147.31098
中古マンション等,不動産取引価格情報,13105,東京都,文京区,本郷,本郷三丁目,2,35000000,１Ｋ,25,2011年,ＲＣ,住宅,その他,近隣商業,80.0,400.0,2024年第3四半期,未改装,,文京区,2024,3,2011.0,13.0,2.0,1400000.0,240069,353648,147.31098
中古マンション等,不動産取引価格情報,13105,東京都,文京区,本郷,本郷三丁目,4,21000000,１Ｋ,20,2003年,ＳＲＣ,住宅,住宅,商業,80.0,600.0,2024年第3四半期,,,文京区,2024,3,2003.0,21.0,4.0,1050000.0,240069,353648,147.31098
中古マンション等,不動産取引価格情報,13105,東京都,文京区,本郷,本郷三丁目,7,55000000,２ＤＫ,50,1989年,ＳＲＣ,住宅,住宅,商業,80.0,600.0,2024年第3四半期,改装済み,,文京区,2024,3,1989.0,35.0,7.0,1100000.0,240069,353648,147.31098
中古マンション等,不動産取引価格情報,13105,東京都,文京区,本郷,本郷三丁目,8,43000000,１Ｋ,25,2016年,ＲＣ,住宅,住宅,商業,80.0,600.0,2024年第3四半期,未改装,,文京区,2024,3,2016.0,8.0,8.0,1720000.0,240069,353648,147.31098
中古マンション等,不動産取引価格情報,13105,東京都,文京区,本郷,本郷三丁目,3,150000000,３ＬＤＫ,70,1999年,ＳＲＣ,住宅,住宅,近隣商業,80.0,400.0,2024年第3四半期,改装済み,,文京区,2024,3,1999.0,25.0,3.0,2142857.1428571427,240069,353648,147.31098
中古マンション等,不動産取引価格情報,13105,東京都,文京区,本郷,本郷三丁目,3,100000000,,70,1999年,ＳＲＣ,住宅,,近隣商業,80.0,400.0,2024年第2四半期,,,文京区,2024,2,1999.0,25.0,3.0,1428571.4285714286,240069,353648,147.31098
中古マンション等,不動産取引価格情報,13105,東京都,文京区,本郷,本郷三丁目,7,50000000,１ＤＫ,45,1979年,ＳＲＣ,住宅,住宅,商業,80.0,600.0,2024年第2四半期,改装済み,,文京区,2024,2,1979.0,45.0,7.0,1111111.111111111,240069,353648,147.31098
中古マンション等,不動産取引価格情報,13105,東京都,文京区,本郷,本郷三丁目,6,40000000,１Ｋ,35,2000年,ＲＣ,住宅,住宅,商業,80.0,600.0,2024年第2四半期,未改装,,文京区,2024,2,2000.0,24.0,6.0,1142857.142857143,240069,353648,147.31098
中古マンション等,不動産取引価格情報,13105,東京都,文京区,本郷,本郷三丁目,4,100000000,オープンフロア,125,1992年,ＳＲＣ,事務所,事務所,商業,80.0,600.0,2024年第2四半期,未改装,,文京区,2024,2,1992.0,32.0,4.0,800000.0,240069,353648,147.31098
中古マンション等,不動産取引価格情報,13105,東京都,文京区,本郷,本郷三丁目,7,73000000,２ＬＤＫ,55,2001年,ＳＲＣ,住宅,住宅,商業,80.0,600.0,2024年第2四半期,未改装,,文京区,2024,2,2001.0,23.0,7.0,1327272.7272727273,240069,353648,147.31098
中古マンション等,不動産取引価格情報,13105,東京都,文京区,本郷,本郷三丁目,4,26000000,１Ｋ,20,2003年,ＳＲＣ,住宅,住宅,商業,80.0,600.0,2024年第2四半期,未改装,,文京区,2024,2,2003.0,21.0,4.0,1300000.0,240069,353648,147.31098
中古マンション等,不動産取引価格情報,13105,東京都,文京区,本郷,本郷三丁目,6,89000000,２ＬＤＫ,65,2003年,ＲＣ,住宅,住宅,１種住居,60.0,300.0,2024年第1四半期,未改装,,文京区,2024,1,2003.0,21.0,6.0,1369230.7692307692,240069,353648,147.31098
中古マンション等,不動産取引価格情報,13105,東京都,文京区,本郷,本郷三丁目,3,29000000,１Ｋ,25,2005年,ＲＣ,住宅,住宅,近隣商業,80.0,400.0,2024年第1四半期,未改装,,文京区,2024,1,2005.0,19.0,3.0,1160000.0,240069,353648,147.31098
中古マンション等,不動産取引価格情報,13105,東京都,文京区,本郷,本郷三丁目,3,120000000,２ＬＤＫ,65,2010年,ＲＣ,住宅,住宅,商業,80.0,600.0,2024年第1四半期,改装済み,,文京区,2024,1,2010.0,14.0,3.0,1846153.8461538462,240069,353648,147.31098
中古マンション等,不動産取引価格情報,13105,東京都,文京区,本郷,本郷三丁目,5,63000000,２ＬＤＫ,50,2013年,ＲＣ,住宅,,商業,80.0,600.0,2024年第1四半期,未改装,,文京区,2024,1,2013.0,11.0,5.0,1260000.0,240069,353648,147.31098
中古マンション等,不動産取引価格情報,13105,東京都,文京区,本郷,本郷三丁目,5,43000000,１ＬＤＫ,30,2013年,ＲＣ,,住宅,商業,80.0,600.0,2023年第4四半期,未改装,,文京区,2023,4,2013.0,10.0,5.0,1433333.3333333333,240069,353648,147.31098
中古マンション等,不動産取引価格情報,13105,東京都,文京区,本郷,本郷三丁目,8,41000000,１Ｋ,25,2016年,ＲＣ,住宅,住宅,商業,80.0,600.0,2023年第4四半期,未改装,,文京区,2023,4,2016.0,7.0,8.0,1640000.0,240069,353648,147.31098
中古マンション等,不動産取引価格情報,13105,東京都,文京区,本郷,本郷三丁目,4,110000000,３ＬＤＫ,65,2015年,ＳＲＣ,住宅,住宅,近隣商業,80.0,400.0,2023年第4四半期,未改装,,文京区,2023,4,2015.0,8.0,4.0,1692307.6923076923,240069,353648,147.31098
中古マンション等,不動産取引価格情報,13105,東京都,文京区,本郷,本郷三丁目,7,42000000,２ＤＫ,45,1979年,ＳＲＣ,住宅,住宅,商業,80.0,600.0,2023年第4四半期,改装済み,,文京区,2023,4,1979.0,44.0,7.0,933333.3333333334,240069,353648,147.31098
中古マンション等,不動産取引価格情報,13105,東京都,文京区,本郷,本郷三丁目,3,25000000,１Ｋ,20,2005年,ＲＣ,住宅,住宅,商業,80.0,500.0,2023年第4四半期,未改装,,文京区,2023,4,2005.0,18.0,3.0,1250000.0,240069,353648,147.31098
中古マンション等,不動産取引価格情報,13105,東京都,文京区,本郷,本郷三丁目,6,58000000,１ＬＤＫ,40,2015年,ＲＣ,住宅,住宅,商業,80.0,600.0,2023年第4四半期,未改装,,文京区,2023,4,2015.0,8.0,6.0,1450000.0,240069,353648,147.31098
中古マンション等,不動産取引価格情報,13105,東京都,文京区,本郷,本郷三丁目,4,24000000,１Ｋ,20,2009年,ＲＣ,住宅,住宅,商業,80.0,600.0,2023年第4四半期,改装済み,,文京区,2023,4,2009.0,14.0,4.0,1200000.0,240069,353648,147.31098
中古マンション等,不動産取引価格情報,13105,東京都,文京区,本郷,本郷三丁目,2,77000000,２ＬＤＫ,50,2001年,ＳＲＣ,住宅,住宅,商業,80.0,600.0,2023年第4四半期,改装済み,,文京区,2023,4,2001.0,22.0,2.0,1540000.0,240069,353648,147.31098
中古マンション等,不動産取引価格情報,13105,東京都,文京区,本郷,本郷三丁目,5,80000000,４ＬＤＫ,100,1986年,ＳＲＣ,住宅,住宅,商業,80.0,600.0,2023年第4四半期,未改装,,文京区,2023,4,1986.0,37.0,5.0,800000.0,240069,353648,147.31098
中古マンション等,不動産取引価格情報,13105,東京都,文京区,本郷,本郷三丁目,1,32000000,１ＤＫ,30,1984年,ＳＲＣ,住宅,住宅,商業,80.0,600.0,2023年第3四半期,,,文京区,2023,3,1984.0,39.0,1.0,1066666.6666666667,240069,353648,147.31098
中古マンション等,不動産取引価格情報,13105,東京都,文京区,本郷,本郷三丁目,5,29000000,１Ｋ,20,2009年,ＳＲＣ,住宅,住宅,商業,80.0,600.0,2023年第3四半期,未改装,,文京区,2023,3,2009.0,14.0,5.0,1450000.0,240069,353648,147.31098
中古マンション等,不動産取引価格情報,13105,東京都,文京区,本郷,本郷三丁目,6,66000000,１ＤＫ,40,2006年,ＲＣ,住宅,住宅,商業,80.0,600.0,2023年第3四半期,改装済み,,文京区,2023,3,2006.0,17.0,6.0,1650000.0,240069,353648,147.31098
中古マンション等,不動産取引価格情報,13105,東京都,文京区,本郷,本郷三丁目,3,27000000,１Ｋ,20,2003年,ＳＲＣ,,住宅,商業,80.0,600.0,2023年第3四半期,未改装,,文京区,2023,3,2003.0,20.0,3.0,1350000.0,240069,353648,147.31098
中古マンション等,不動産取引価格情報,13105,東京都,文京区,本郷,本郷三丁目,4,25000000,１Ｋ,20,2009年,ＲＣ,,その他,商業,80.0,600.0,2023年第3四半期,,,文京区,2023,3,2009.0,14.0,4.0,1250000.0,240069,353648,147.31098
中古マンション等,不動産取引価格情報,13105,東京都,文京区,本郷,本郷三丁目,5,73000000,２ＬＤＫ,50,2018年,ＲＣ,住宅,住宅,１種住居,60.0,300.0,2023年第3四半期,未改装,,文京区,2023,3,2018.0,5.0,5.0,1460000.0,240069,353648,147.31098
中古マンション等,不動産取引価格情報,13105,東京都,文京区,本郷,本郷三丁目,7,130000000,２ＬＤＫ,60,2013年,ＲＣ,住宅,住宅,近隣商業,80.0,400.0,2023年第2四半期,改装済み,,文京区,2023,2,2013.0,10.0,7.0,2166666.6666666665,240069,353648,147.31098
中古マンション等,不動産取引価格情報,13105,東京都,文京区,本郷,本郷三丁目,7,40000000,１ＤＫ,45,1979年,ＳＲＣ,住宅,住宅,商業,80.0,600.0,2023年第2四半期,未改装,,文京区,2023,2,1979.0,44.0,7.0,888888.8888888889,240069,353648,147.31098
中古マンション等,不動産取引価格情報,13105,東京都,文京区,本郷,本郷三丁目,5,43000000,１Ｋ,35,1984年,ＳＲＣ,住宅,住宅,商業,80.0,600.0,2023年第2四半期,改装済み,,文京区,2023,2,1984.0,39.0,5.0,1228571.4285714286,240069,353648,147.31098
中古マンション等,不動産取引価格情報,13105,東京都,文京区,本郷,本郷三丁目,5,22000000,１Ｋ,20,2003年,ＲＣ,住宅,住宅,近隣商業,80.0,400.0,2023年第2四半期,,,文京区,2023,2,2003.0,20.0,5.0,1100000.0,240069,353648,147.31098
中古マンション等,不動産取引価格情報,13105,東京都,文京区,本郷,本郷三丁目,5,68000000,１ＬＤＫ,40,2013年,ＲＣ,住宅,住宅,商業,80.0,600.0,2023年第2四半期,改装済み,,文京区,2023,2,2013.0,10.0,5.0,1700000.0,240069,353648,147.31098
中古マンション等,不動産取引価格情報,13105,東京都,文京区,本郷,本郷三丁目,5,120000000,３ＬＤＫ,70,2008年,ＲＣ,住宅,住宅,近隣商業,80.0,400.0,2023年第2四半期,未改装,,文京区,2023,2,2008.0,15.0,5.0,1714285.7142857143,240069,353648,147.31098
中古マンション等,不動産取引価格情報,13105,東京都,文京区,本郷,本郷三丁目,7,26000000,１ＤＫ,30,1979年,ＳＲＣ,住宅,住宅,商業,80.0,600.0,2023年第2四半期,未改装,,文京区,2023,2,1979.0,44.0,7.0,866666.6666666666,240069,353648,147.31098
中古マンション等,不動産取引価格情報,13105,東京都,文京区,本郷,本郷三丁目,6,32000000,１ＤＫ,50,1987年,ＳＲＣ,事務所,住宅,商業,80.0,600.0,2023年第2四半期,未改装,,文京区,2023,2,1987.0,36.0,6.0,640000.0,240069,353648,147.31098
中古マンション等,不動産取引価格情報,13105,東京都,文京区,本郷,本郷三丁目,2,32000000,１Ｋ,25,2002年,ＲＣ,住宅,住宅,近隣商業,80.0,400.0,2023年第1四半期,改装済み,,文京区,2023,1,2002.0,21.0,2.0,1280000.0,240069,353648,147.31098
中古マンション等,不動産取引価格情報,13105,東京都,文京区,本郷,本郷三丁目,8,40000000,,25,2018年,ＲＣ,住宅,,商業,80.0,600.0,2023年第1四半期,,,文京区,2023,1,2018.0,5.0,8.0,1600000.0,240069,353648,147.31098
中古マンション等,不動産取引価格情報,13105,東京都,文京区,本郷,本郷三丁目,3,96000000,２ＬＤＫ,65,2010年,ＲＣ,住宅,住宅,商業,80.0,600.0,2023年第1四半期,改装済み,,文京区,2023,1,2010.0,13.0,3.0,1476923.076923077,240069,353648,147.31098
中古マンション等,不動産取引価格情報,13105,東京都,文京区,本郷,本郷三丁目,4,79000000,３ＬＤＫ,60,1997年,ＳＲＣ,住宅,住宅,商業,80.0,500.0,2023年第1四半期,未改装,,文京区,2023,1,1997.0,26.0,4.0,1316666.6666666667,240069,353648,147.31098
中古マンション等,不動産取引価格情報,13105,東京都,文京区,本郷,本郷三丁目,3,31000000,１Ｋ,25,2004年,ＳＲＣ,住宅,住宅,商業,80.0,600.0,2023年第1四半期,未改装,,文京区,2023,1,2004.0,19.0,3.0,1240000.0,240069,353648,147.31098
中古マンション等,不動産取引価格情報,13105,東京都,文京区,本郷,本郷三丁目,4,37000000,,35,2009年,ＲＣ,住宅,その他,商業,80.0,600.0,2022年第4四半期,,,文京区,2022,4,2009.0,13.0,4.0,1057142.857142857,240069,353648,147.31098
中古マンション等,不動産取引価格情報,13105,東京都,文京区,本郷,本郷三丁目,3,92000000,,70,2000年,ＳＲＣ,住宅,住宅,商業,80.0,600.0,2022年第4四半期,未改装,,文京区,2022,4,2000.0,22.0,3.0,1314285.7142857143,240069,353648,147.31098
中古マンション等,不動産取引価格情報,13105,東京都,文京区,本郷,本郷三丁目,4,24000000,１Ｋ,20,2011年,ＳＲＣ,住宅,住宅,商業,80.0,500.0,2022年第4四半期,未改装,,文京区,2022,4,2011.0,11.0,4.0,1200000.0,240069,353648,147.31098
中古マンション等,不動産取引価格情報,13105,東京都,文京区,本郷,本郷三丁目,5,29000000,１Ｋ,20,2009年,ＳＲＣ,,住宅,商業,80.0,600.0,2022年第4四半期,未改装,,文京区,2022,4,2009.0,13.0,5.0,1450000.0,240069,353648,147.31098
中古マンション等,不動産取引価格情報,13105,東京都,文京区,本郷,本郷三丁目,3,20000000,１Ｋ,20,2001年,ＲＣ,,住宅,商業,80.0,600.0,2022年第4四半期,未改装,,文京区,2022,4,2001.0,21.0,3.0,1000000.0,240069,353648,147.31098
中古マンション等,不動産取引価格情報,13105,東京都,文京区,本郷,本郷三丁目,5,25000000,１Ｋ,20,2009年,ＳＲＣ,,住宅,商業,80.0,600.0,2022年第4四半期,未改装,,文京区,2022,4,2009.0,13.0,5.0,1250000.0,240069,353648,147.31098
中古マンション等,不動産取引価格情報,13105,東京都,文京区,本郷,本郷三丁目,2,33000000,１Ｋ,25,2011年,ＲＣ,住宅,住宅,近隣商業,80.0,400.0,2022年第4四半期,未改装,,文京区,2022,4,2011.0,11.0,2.0,1320000.0,240069,353648,147.31098
中古マンション等,不動産取引価格情報,13105,東京都,文京区,本郷,本郷三丁目,1,55000000,１ＬＤＫ,35,2008年,ＲＣ,住宅,住宅,近隣商業,80.0,400.0,2022年第4四半期,未改装,,文京区,2022,4,2008.0,14.0,1.0,1571428.5714285714,240069,353648,147.31098
中古マンション等,不動産取引価格情報,13105,東京都,文京区,本郷,本郷三丁目,3,27000000,１Ｋ,25,2003年,ＳＲＣ,,その他,商業,80.0,600.0,2022年第4四半期,未改装,,文京区,2022,4,2003.0,19.0,3.0,1080000.0,240069,353648,147.31098
中古マンション等,不動産取引価格情報,13105,東京都,文京区,本郷,本郷三丁目,5,55000000,１ＬＤＫ,35,2017年,ＲＣ,住宅,住宅,商業,80.0,600.0,2022年第4四半期,未改装,,文京区,2022,4,2017.0,5.0,5.0,1571428.5714285714,240069,353648,147.31098
中古マンション等,不動産取引価格情報,13105,東京都,文京区,本郷,本郷三丁目,5,28000000,,35,1984年,ＳＲＣ,住宅,住宅,商業,80.0,600.0,2022年第3四半期,,,文京区,2022,3,1984.0,38.0,5.0,800000.0,240069,353648,147.31098
中古マンション等,不動産取引価格情報,13105,東京都,文京区,本郷,本郷三丁目,4,28000000,１Ｋ,20,2004年,ＳＲＣ,住宅,住宅,商業,80.0,600.0,2022年第3四半期,未改装,,文京区,2022,3,2004.0,18.0,4.0,1400000.0,240069,353648,147.31098
中古マンション等,不動産取引価格情報,13105,東京都,文京区,本郷,本郷三丁目,3,60000000,２ＬＤＫ,55,2000年,ＳＲＣ,住宅,住宅,商業,80.0,600.0,2022年第3四半期,未改装,,文京区,2022,3,2000.0,22.0,3.0,1090909.0909090908,240069,353648,147.31098
中古マンション等,不動産取引価格情報,13105,東京都,文京区,本郷,本郷三丁目,5,22000000,１Ｋ,20,2003年,ＲＣ,住宅,住宅,近隣商業,80.0,400.0,2022年第3四半期,,,文京区,2022,3,2003.0,19.0,5.0,1100000.0,240069,353648,147.31098
中古マンション等,不動産取引価格情報,13105,東京都,文京区,本郷,本郷三丁目,2,73000000,２ＬＤＫ,55,2013年,ＲＣ,住宅,住宅,商業,80.0,600.0,2022年第3四半期,未改装,,文京区,2022,3,2013.0,9.0,2.0,1327272.7272727273,240069,353648,147.31098
中古マンション等,不動産取引価格情報,13105,東京都,文京区,本郷,本郷三丁目,5,140000000,３ＬＤＫ,75,2008年,ＲＣ,住宅,住宅,近隣商業,80.0,400.0,2022年第3四半期,未改装,,文京区,2022,3,2008.0,14.0,5.0,1866666.6666666667,240069,353648,147.31098
中古マンション等,不動産取引価格情報,13105,東京都,文京区,本郷,本郷三丁目,5,120000000,３ＬＤＫ,70,2008年,ＲＣ,住宅,住宅,近隣商業,80.0,400.0,2022年第3四半期,未改装,,文京区,2022,3,2008.0,14.0,5.0,1714285.7142857143,240069,353648,147.31098
中古マンション等,不動産取引価格情報,13105,東京都,文京区,本郷,本郷三丁目,6,27000000,１Ｋ,20,2003年,ＳＲＣ,,住宅,商業,80.0,600.0,2022年第3四半期,未改装,,文京区,2022,3,2003.0,19.0,6.0,1350000.0,240069,353648,147.31098
中古マンション等,不動産取引価格情報,13105,東京都,文京区,本郷,本郷三丁目,3,24000000,１Ｋ,20,2003年,ＳＲＣ,,住宅,商業,80.0,600.0,2022年第3四半期,未改装,,文京区,2022,3,2003.0,19.0,3.0,1200000.0,240069,353648,147.31098
中古マンション等,不動産取引価格情報,13105,東京都,文京区,本郷,本郷三丁目,7,22000000,１Ｋ,20,2003年,ＳＲＣ,,住宅,商業,80.0,600.0,2022年第2四半期,未改装,,文京区,2022,2,2003.0,19.0,7.0,1100000.0,240069,353648,147.31098
中古マンション等,不動産取引価格情報,13105,東京都,文京区,本郷,本郷三丁目,3,23000000,１Ｋ,20,2001年,ＲＣ,住宅,,商業,80.0,600.0,2022年第2四半期,,,文京区,2022,2,2001.0,21.0,3.0,1150000.0,240069,353648,147.31098
中古マンション等,不動産取引価格情報,13105,東京都,文京区,本郷,本郷三丁目,5,24000000,１Ｋ,20,2003年,ＲＣ,住宅,住宅,近隣商業,80.0,400.0,2022年第2四半期,未改装,,文京区,2022,2,2003.0,19.0,5.0,1200000.0,240069,353648,147.31098
中古マンション等,不動産取引価格情報,13105,東京都,文京区,本郷,本郷三丁目,1,68000000,１ＬＤＫ,50,2008年,ＲＣ,住宅,住宅,近隣商業,80.0,400.0,2022年第1四半期,未改装,,文京区,2022,1,2008.0,14.0,1.0,1360000.0,240069,353648,147.31098
中古マンション等,不動産取引価格情報,13105,東京都,文京区,本郷,本郷三丁目,8,49000000,１ＤＫ,35,2016年,ＲＣ,住宅,住宅,商業,80.0,600.0,2022年第1四半期,未改装,,文京区,2022,1,2016.0,6.0,8.0,1400000.0,240069,353648,147.31098
中古マンション等,不動産取引価格情報,13105,東京都,文京区,本郷,本郷三丁目,4,58000000,１ＬＤＫ,40,2015年,ＳＲＣ,住宅,住宅,近隣商業,80.0,400.0,2022年第1四半期,未改装,,文京区,2022,1,2015.0,7.0,4.0,1450000.0,240069,353648,147.31098
中古マンション等,不動産取引価格情報,13105,東京都,文京区,本郷,本郷三丁目,5,55000000,２ＬＤＫ,55,1997年,ＳＲＣ,住宅,住宅,商業,80.0,500.0,2022年第1四半期,未改装,,文京区,2022,1,1997.0,25.0,5.0,1000000.0,240069,353648,147.31098
中古マンション等,不動産取引価格情報,13105,東京都,文京区,本郷,本郷三丁目,5,24000000,１Ｋ,20,2003年,ＲＣ,住宅,住宅,近隣商業,80.0,400.0,2022年第1四半期,,,文京区,2022,1,2003.0,19.0,5.0,1200000.0,240069,353648,147.31098
中古マンション等,不動産取引価格情報,13105,東京都,文京区,本郷,本郷三丁目,4,24000000,,20,2009年,ＲＣ,住宅,住宅,商業,80.0,600.0,2022年第1四半期,未改装,,文京区,2022,1,2009.0,13.0,4.0,1200000.0,240069,353648,147.31098
中古マンション等,不動産取引価格情報,13105,東京都,文京区,本郷,本郷三丁目,7,40000000,１ＬＤＫ,40,1989年,ＳＲＣ,住宅,住宅,商業,80.0,600.0,2022年第1四半期,改装済み,,文京区,2022,1,1989.0,33.0,7.0,1000000.0,240069,353648,147.31098
中古マンション等,不動産取引価格情報,13105,東京都,文京区,本郷,本郷三丁目,4,22000000,１Ｋ,20,2001年,ＳＲＣ,住宅,住宅,商業,80.0,600.0,2022年第1四半期,未改装,,文京区,2022,1,2001.0,21.0,4.0,1100000.0,240069,353648,147.31098
中古マンション等,不動産取引価格情報,13105,東京都,文京区,本郷,本郷三丁目,3,23000000,１Ｋ,20,2004年,ＳＲＣ,住宅,その他,商業,80.0,600.0,2022年第1四半期,,,文京区,2022,1,2004.0,18.0,3.0,1150000.0,240069,353648,147.31098
中古マンション等,不動産取引価格情報,13105,東京都,文京区,本郷,本郷三丁目,2,49000000,１ＬＤＫ,40,2011年,ＲＣ,住宅,住宅,商業,80.0,600.0,2022年第1四半期,未改装,,文京区,2022,1,2011.0,11.0,2.0,1225000.0,240069,353648,147.31098
中古マンション等,不動産取引価格情報,13105,東京都,文京区,本郷,本郷三丁目,4,25000000,１Ｋ,20,2004年,ＳＲＣ,住宅,,商業,80.0,600.0,2022年第1四半期,未改装,,文京区,2022,1,2004.0,18.0,4.0,1250000.0,240069,353648,147.31098
中古マンション等,不動産取引価格情報,13105,東京都,文京区,本郷,本郷三丁目,6,160000000,３ＬＤＫ,85,2007年,ＲＣ,住宅,住宅,１種住居,60.0,300.0,2022年第1四半期,未改装,,文京区,2022,1,2007.0,15.0,6.0,1882352.9411764706,240069,353648,147.31098
中古マンション等,不動産取引価格情報,13105,東京都,文京区,本郷,本郷三丁目,2,77000000,２ＬＤＫ,50,2011年,ＲＣ,住宅,住宅,商業,80.0,600.0,2021年第4四半期,未改装,,文京区,2021,4,2011.0,10.0,2.0,1540000.0,240069,353648,147.31098
中古マンション等,不動産取引価格情報,13105,東京都,文京区,本郷,本郷三丁目,1,42000000,,40,1984年,ＳＲＣ,住宅,その他,商業,80.0,600.0,2021年第4四半期,未改装,,文京区,2021,4,1984.0,37.0,1.0,1050000.0,240069,353648,147.31098
中古マンション等,不動産取引価格情報,13105,東京都,文京区,本郷,本郷三丁目,1,34000000,,30,1984年,ＳＲＣ,住宅,その他,商業,80.0,600.0,2021年第4四半期,未改装,,文京区,2021,4,1984.0,37.0,1.0,1133333.3333333333,240069,353648,147.31098
中古マンション等,不動産取引価格情報,13105,東京都,文京区,本郷,本郷三丁目,3,28000000,１Ｋ,25,2003年,ＳＲＣ,住宅,住宅,商業,80.0,600.0,2021年第4四半期,,,文京区,2021,4,2003.0,18.0,3.0,1120000.0,240069,353648,147.31098
中古マンション等,不動産取引価格情報,13105,東京都,文京区,本郷,本郷三丁目,5,52000000,２ＤＫ,45,2009年,ＳＲＣ,住宅,住宅,商業,80.0,600.0,2021年第4四半期,未改装,,文京区,2021,4,2009.0,12.0,5.0,1155555.5555555555,240069,353648,147.31098
中古マンション等,不動産取引価格情報,13105,東京都,文京区,本郷,本郷三丁目,2,55000000,１ＬＤＫ,40,2011年,ＲＣ,住宅,住宅,商業,80.0,600.0,2021年第4四半期,未改装,,文京区,2021,4,2011.0,10.0,2.0,1375000.0,240069,353648,147.31098
中古マンション等,不動産取引価格情報,13105,東京都,文京区,本郷,本郷三丁目,7,62000000,１ＬＤＫ,50,2000年,ＳＲＣ,住宅,住宅,商業,80.0,600.0,2021年第4四半期,改装済み,,文京区,2021,4,2000.0,21.0,7.0,1240000.0,240069,353648,147.31098
中古マンション等,不動産取引価格情報,13105,東京都,文京区,本郷,本郷三丁目,4,27000000,１ＤＫ,25,2001年,ＲＣ,住宅,住宅,商業,80.0,600.0,2021年第4四半期,未改装,,文京区,2021,4,2001.0,20.0,4.0,1080000.0,240069,353648,147.31098
中古マンション等,不動産取引価格情報,13105,東京都,文京区,本郷,本郷三丁目,5,43000000,１ＬＤＫ,30,2017年,ＲＣ,住宅,住宅,商業,80.0,600.0,2021年第4四半期,未改装,,文京区,2021,4,2017.0,4.0,5.0,1433333.3333333333,240069,353648,147.31098
中古マンション等,不動産取引価格情報,13105,東京都,文京区,本郷,本郷三丁目,3,70000000,２ＬＤＫ,65,2000年,ＳＲＣ,住宅,住宅,商業,80.0,600.0,2021年第4四半期,未改装,,文京区,2021,4,2000.0,21.0,3.0,1076923.076923077,240069,353648,147.31098
中古マンション等,不動産取引価格情報,13105,東京都,文京区,本郷,本郷三丁目,3,69000000,１ＬＤＫ,50,2001年,ＳＲＣ,住宅,住宅,商業,80.0,600.0,2021年第4四半期,改装済み,,文京区,2021,4,2001.0,20.0,3.0,1380000.0,240069,353648,147.31098
中古マンション等,不動産取引価格情報,13105,東京都,文京区,本郷,本郷三丁目,3,32000000,１Ｒ,25,2007年,ＲＣ,住宅,住宅,商業,80.0,600.0,2021年第4四半期,未改装,,文京区,2021,4,2007.0,14.0,3.0,1280000.0,240069,353648,147.31098
中古マンション等,不動産取引価格情報,13105,東京都,文京区,本郷,本郷三丁目,8,49000000,２ＤＫ,35,2016年,ＲＣ,住宅,住宅,商業,80.0,600.0,2021年第4四半期,未改装,,文京区,2021,4,2016.0,5.0,8.0,1400000.0,240069,353648,147.31098
中古マンション等,不動産取引価格情報,13105,東京都,文京区,本郷,本郷三丁目,7,60000000,１ＬＤＫ＋Ｓ,50,2001年,ＳＲＣ,住宅,住宅,商業,80.0,600.0,2021年第4四半期,未改装,,文京区,2021,4,2001.0,20.0,7.0,1200000.0,240069,353648,147.31098
中古マンション等,不動産取引価格情報,13105,東京都,文京区,本郷,本郷三丁目,7,120000000,３ＬＤＫ,70,2013年,ＲＣ,住宅,住宅,近隣商業,80.0,400.0,2021年第3四半期,改装済み,,文京区,2021,3,2013.0,8.0,7.0,1714285.7142857143,240069,353648,147.31098
中古マンション等,不動産取引価格情報,13105,東京都,文京区,本郷,本郷三丁目,2,73000000,２ＬＤＫ,55,2013年,ＲＣ,住宅,住宅,商業,80.0,600.0,2021年第3四半期,未改装,,文京区,2021,3,2013.0,8.0,2.0,1327272.7272727273,240069,353648,147.31098
中古マンション等,不動産取引価格情報,13105,東京都,文京区,本郷,本郷三丁目,7,50000000,１ＬＤＫ,35,2000年,ＳＲＣ,住宅,住宅,商業,80.0,600.0,2021年第3四半期,改装済み,,文京区,2021,3,2000.0,21.0,7.0,1428571.4285714286,240069,353648,147.31098
中古マンション等,不動産取引価格情報,13105,東京都,文京区,本郷,本郷三丁目,7,23000000,１Ｋ,20,2003年,ＳＲＣ,住宅,住宅,商業,80.0,600.0,2021年第3四半期,未改装,,文京区,2021,3,2003.0,18.0,7.0,1150000.0,240069,353648,147.31098
中古マンション等,不動産取引価格情報,13105,東京都,文京区,本郷,本郷三丁目,2,60000000,２ＬＤＫ,55,2000年,ＳＲＣ,住宅,住宅,商業,80.0,600.0,2021年第3四半期,未改装,,文京区,2021,3,2000.0,21.0,2.0,1090909.0909090908,240069,353648,147.31098
中古マンション等,不動産取引価格情報,13105,東京都,文京区,本郷,本郷三丁目,6,27000000,１Ｋ,20,2003年,ＳＲＣ,住宅,住宅,商業,80.0,600.0,2021年第3四半期,,,文京区,2021,3,2003.0,18.0,6.0,1350000.0,240069,353648,147.31098
中古マンション等,不動産取引価格情報,13105,東京都,文京区,本郷,本郷三丁目,8,51000000,１ＬＤＫ,35,2016年,ＲＣ,住宅,その他,商業,80.0,600.0,2021年第3四半期,未改装,,文京区,2021,3,2016.0,5.0,8.0,1457142.857142857,240069,353648,147.31098
中古マンション等,不動産取引価格情報,13105,東京都,文京区,本郷,本郷三丁目,5,55000000,１ＬＤＫ,40,2017年,ＲＣ,住宅,住宅,商業,80.0,600.0,2021年第3四半期,未改装,,文京区,2021,3,2017.0,4.0,5.0,1375000.0,240069,353648,147.31098
中古マンション等,不動産取引価格情報,13105,東京都,文京区,本郷,本郷三丁目,3,24000000,１Ｋ,15,2001年,ＲＣ,住宅,住宅,商業,80.0,600.0,2021年第3四半期,未改装,,文京区,2021,3,2001.0,20.0,3.0,1600000.0,240069,353648,147.31098
中古マンション等,不動産取引価格情報,13105,東京都,文京区,本郷,本郷三丁目,3,26000000,１Ｋ,25,2003年,ＳＲＣ,住宅,住宅,商業,80.0,600.0,2021年第3四半期,未改装,,文京区,2021,3,2003.0,18.0,3.0,1040000.0,240069,353648,147.31098
中古マンション等,不動産取引価格情報,13105,東京都,文京区,本郷,本郷三丁目,4,100000000,３ＬＤＫ,65,2015年,ＳＲＣ,住宅,住宅,近隣商業,80.0,400.0,2021年第3四半期,未改装,,文京区,2021,3,2015.0,6.0,4.0,1538461.5384615385,240069,353648,147.31098
中古マンション等,不動産取引価格情報,13105,東京都,文京区,本郷,本郷三丁目,5,26000000,１ＬＤＫ,35,1984年,ＳＲＣ,住宅,その他,商業,80.0,600.0,2021年第3四半期,未改装,,文京区,2021,3,1984.0,37.0,5.0,742857.1428571428,240069,353648,147.31098
中古マンション等,不動産取引価格情報,13105,東京都,文京区,本郷,本郷三丁目,6,62000000,２ＬＤＫ,50,2003年,ＳＲＣ,住宅,住宅,商業,80.0,600.0,2021年第3四半期,改装済み,,文京区,2021,3,2003.0,18.0,6.0,1240000.0,240069,353648,147.31098
中古マンション等,不動産取引価格情報,13105,東京都,文京区,本郷,本郷三丁目,5,35000000,１Ｋ,30,2001年,ＳＲＣ,住宅,住宅,商業,80.0,600.0,2021年第2四半期,改装済み,,文京区,2021,2,2001.0,20.0,5.0,1166666.6666666667,240069,353648,147.31098
中古マンション等,不動産取引価格情報,13105,東京都,文京区,本郷,本郷三丁目,5,28000000,,35,1984年,ＳＲＣ,住宅,住宅,商業,80.0,600.0,2021年第2四半期,,,文京区,2021,2,1984.0,37.0,5.0,800000.0,240069,353648,147.31098
中古マンション等,不動産取引価格情報,13105,東京都,文京区,本郷,本郷三丁目,5,57000000,１ＬＤＫ,50,1999年,ＲＣ,住宅,住宅,近隣商業,80.0,400.0,2021年第2四半期,未改装,,文京区,2021,2,1999.0,22.0,5.0,1140000.0,240069,353648,147.31098
中古マンション等,不動産取引価格情報,13105,東京都,文京区,本郷,本郷三丁目,7,23000000,１Ｋ,20,2003年,ＳＲＣ,,住宅,商業,80.0,600.0,2021年第2四半期,未改装,,文京区,2021,2,2003.0,18.0,7.0,1150000.0,240069,353648,147.31098
中古マンション等,不動産取引価格情報,13105,東京都,文京区,本郷,本郷三丁目,7,38000000,１Ｋ,35,2000年,ＳＲＣ,,住宅,商業,80.0,600.0,2021年第2四半期,未改装,,文京区,2021,2,2000.0,21.0,7.0,1085714.2857142857,240069,353648,147.31098
中古マンション等,不動産取引価格情報,13105,東京都,文京区,本郷,本郷三丁目,2,26000000,１Ｋ,20,2002年,ＲＣ,住宅,住宅,商業,80.0,600.0,2021年第2四半期,改装済み,,文京区,2021,2,2002.0,19.0,2.0,1300000.0,240069,353648,147.31098
中古マンション等,不動産取引価格情報,13105,東京都,文京区,本郷,本郷三丁目,5,100000000,３ＬＤＫ,80,2003年,ＲＣ,住宅,住宅,１種住居,60.0,300.0,2021年第2四半期,未改装,,文京区,2021,2,2003.0,18.0,5.0,1250000.0,240069,353648,147.31098
中古マンション等,不動産取引価格情報,13105,東京都,文京区,本郷,本郷三丁目,1,15000000,１Ｒ,20,1984年,ＳＲＣ,住宅,住宅,商業,80.0,600.0,2021年第2四半期,改装済み,,文京区,2021,2,1984.0,37.0,1.0,750000.0,240069,353648,147.31098
中古マンション等,不動産取引価格情報,13105,東京都,文京区,本郷,本郷三丁目,3,23000000,１Ｋ,20,2004年,ＳＲＣ,住宅,住宅,商業,80.0,600.0,2021年第2四半期,未改装,,文京区,2021,2,2004.0,17.0,3.0,1150000.0,240069,353648,147.31098
中古マンション等,不動産取引価格情報,13105,東京都,文京区,本郷,本郷三丁目,3,21000000,１Ｋ,15,2001年,ＲＣ,住宅,住宅,商業,80.0,600.0,2021年第2四半期,未改装,,文京区,2021,2,2001.0,20.0,3.0,1400000.0,240069,353648,147.31098
中古マンション等,不動産取引価格情報,13105,東京都,文京区,本郷,本郷三丁目,5,80000000,１ＬＤＫ,55,2008年,ＲＣ,住宅,住宅,近隣商業,80.0,400.0,2021年第2四半期,改装済み,,文京区,2021,2,2008.0,13.0,5.0,1454545.4545454546,240069,353648,147.31098
中古マンション等,不動産取引価格情報,13105,東京都,文京区,本郷,本郷三丁目,5,100000000,２ＬＤＫ,60,2008年,ＲＣ,住宅,住宅,近隣商業,80.0,400.0,2021年第2四半期,未改装,,文京区,2021,2,2008.0,13.0,5.0,1666666.6666666667,240069,353648,147.31098
中古マンション等,不動産取引価格情報,13105,東京都,文京区,本郷,本郷三丁目,5,110000000,３ＬＤＫ,75,2008年,ＲＣ,,住宅,近隣商業,80.0,400.0,2021年第1四半期,,,文京区,2021,1,2008.0,13.0,5.0,1466666.6666666667,240069,353648,147.31098
中古マンション等,不動産取引価格情報,13105,東京都,文京区,本郷,本郷三丁目,3,69000000,２ＬＤＫ,60,2007年,ＲＣ,,住宅,商業,80.0,600.0,2021年第1四半期,未改装,,文京区,2021,1,2007.0,14.0,3.0,1150000.0,240069,353648,147.31098
中古マンション等,不動産取引価格情報,13105,東京都,文京区,本郷,本郷三丁目,6,50000000,２ＬＤＫ,50,2000年,ＳＲＣ,住宅,住宅,商業,80.0,600.0,2021年第1四半期,未改装,,文京区,2021,1,2000.0,21.0,6.0,1000000.0,240069,353648,147.31098
中古マンション等,不動産取引価格情報,13105,東京都,文京区,本郷,本郷三丁目,3,110000000,２ＬＤＫ,65,2018年,ＲＣ,住宅,住宅,商業,80.0,600.0,2021年第1四半期,未改装,,文京区,2021,1,2018.0,3.0,3.0,1692307.6923076923,240069,353648,147.31098
中古マンション等,不動産取引価格情報,13105,東京都,文京区,本郷,本郷三丁目,5,70000000,２ＬＤＫ,55,2017年,ＲＣ,住宅,住宅,商業,80.0,600.0,2021年第1四半期,未改装,,文京区,2021,1,2017.0,4.0,5.0,1272727.2727272727,240069,353648,147.31098
中古マンション等,不動産取引価格情報,13105,東京都,文京区,本郷,本郷三丁目,5,24000000,１Ｋ,20,2003年,ＲＣ,住宅,住宅,近隣商業,80.0,400.0,2021年第1四半期,未改装,,文京区,2021,1,2003.0,18.0,5.0,1200000.0,240069,353648,147.31098
中古マンション等,不動産取引価格情報,13105,東京都,文京区,本郷,本郷三丁目,2,46000000,１ＬＤＫ,40,2013年,ＲＣ,住宅,住宅,商業,80.0,600.0,2021年第1四半期,未改装,,文京区,2021,1,2013.0,8.0,2.0,1150000.0,240069,353648,147.31098
中古マンション等,不動産取引価格情報,13105,東京都,文京区,本郷,本郷三丁目,6,89000000,２ＬＤＫ,80,2007年,ＲＣ,住宅,その他,１種住居,60.0,300.0,2021年第1四半期,未改装,,文京区,2021,1,2007.0,14.0,6.0,1112500.0,240069,353648,147.31098
中古マンション等,不動産取引価格情報,13105,東京都,文京区,本郷,本郷三丁目,7,110000000,２ＬＤＫ,70,2013年,ＲＣ,,住宅,近隣商業,80.0,400.0,2021年第1四半期,未改装,,文京区,2021,1,2013.0,8.0,7.0,1571428.5714285714,240069,353648,147.31098
中古マンション等,不動産取引価格情報,13105,東京都,文京区,本郷,本郷三丁目,4,22000000,１ＬＤＫ,20,2002年,ＲＣ,住宅,その他,商業,80.0,600.0,2021年第1四半期,未改装,,文京区,2021,1,2002.0,19.0,4.0,1100000.0,240069,353648,147.31098
中古マンション等,不動産取引価格情報,13105,東京都,文京区,本郷,本郷三丁目,3,51000000,１ＬＤＫ,40,2007年,ＲＣ,住宅,住宅,商業,80.0,600.0,2021年第1四半期,未改装,,文京区,2021,1,2007.0,14.0,3.0,1275000.0,240069,353648,147.31098
中古マンション等,不動産取引価格情報,13105,東京都,文京区,本郷,本郷三丁目,4,74000000,２ＬＤＫ,55,2012年,ＲＣ,住宅,住宅,商業,80.0,600.0,2021年第1四半期,未改装,,文京区,2021,1,2012.0,9.0,4.0,1345454.5454545454,240069,353648,147.31098
中古マンション等,不動産取引価格情報,13105,東京都,文京区,本郷,本郷三丁目,3,64000000,１ＬＤＫ,45,2019年,ＲＣ,住宅,住宅,商業,80.0,600.0,2021年第1四半期,未改装,,文京区,2021,1,2019.0,2.0,3.0,1422222.2222222222,240069,353648,147.31098
中古マンション等,不動産取引価格情報,13105,東京都,文京区,本郷,湯島,7,93000000,２ＤＫ,55,1995年,ＳＲＣ,住宅,その他,商業,80.0,600.0,2024年第2四半期,,,文京区,2024,2,1995.0,29.0,7.0,1690909.0909090908,240069,353648,147.31098
中古マンション等,不動産取引価格情報,13105,東京都,文京区,本郷,湯島,7,95000000,３ＬＤＫ,70,1995年,ＳＲＣ,住宅,住宅,商業,80.0,600.0,2022年第2四半期,未改装,,文京区,2022,2,1995.0,27.0,7.0,1357142.857142857,240069,353648,147.31098
中古マンション等,不動産取引価格情報,13105,東京都,文京区,本郷,湯島,7,82000000,３ＬＤＫ,60,1995年,ＳＲＣ,住宅,住宅,商業,80.0,600.0,2021年第3四半期,改装済み,,文京区,2021,3,1995.0,26.0,7.0,1366666.6666666667,240069,353648,147.31098
中古マンション等,不動産取引価格情報,13105,東京都,文京区,本駒込,駒込,11,37000000,１Ｋ,25,2020年,ＲＣ,住宅,その他,商業,80.0,600.0,2025年第4四半期,,,文京区,2025,4,2020.0,5.0,11.0,1480000.0,240069,353648,147.31098
中古マンション等,不動産取引価格情報,13105,東京都,文京区,本駒込,駒込,9,23000000,１Ｋ,20,2007年,ＲＣ,住宅,住宅,１種住居,60.0,300.0,2025年第3四半期,未改装,,文京区,2025,3,2007.0,18.0,9.0,1150000.0,240069,353648,147.31098
中古マンション等,不動産取引価格情報,13105,東京都,文京区,本駒込,駒込,5,89000000,３ＬＤＫ,60,2014年,ＲＣ,,住宅,商業,80.0,600.0,2025年第3四半期,未改装,,文京区,2025,3,2014.0,11.0,5.0,1483333.3333333333,240069,353648,147.31098
中古マンション等,不動産取引価格情報,13105,東京都,文京区,本駒込,駒込,11,93000000,２ＬＤＫ,65,2005年,ＲＣ,住宅,住宅,商業,80.0,600.0,2025年第3四半期,未改装,,文京区,2025,3,2005.0,20.0,11.0,1430769.2307692308,240069,353648,147.31098
中古マンション等,不動産取引価格情報,13105,東京都,文京区,本駒込,駒込,9,58000000,２ＬＤＫ,50,1987年,ＳＲＣ,住宅,住宅,商業,80.0,600.0,2025年第3四半期,改装済み,,文京区,2025,3,1987.0,38.0,9.0,1160000.0,240069,353648,147.31098
中古マンション等,不動産取引価格情報,13105,東京都,文京区,本駒込,駒込,10,14000000,１Ｋ,15,1990年,ＲＣ,住宅,住宅,１種住居,60.0,300.0,2025年第2四半期,改装済み,,文京区,2025,2,1990.0,35.0,10.0,933333.3333333334,240069,353648,147.31098
中古マンション等,不動産取引価格情報,13105,東京都,文京区,本駒込,駒込,8,88000000,２ＬＤＫ,55,2015年,ＲＣ,住宅,住宅,商業,80.0,600.0,2025年第2四半期,未改装,,文京区,2025,2,2015.0,10.0,8.0,1600000.0,240069,353648,147.31098
中古マンション等,不動産取引価格情報,13105,東京都,文京区,本駒込,駒込,13,66000000,３ＬＤＫ,55,1987年,ＳＲＣ,住宅,住宅,商業,80.0,600.0,2025年第2四半期,改装済み,,文京区,2025,2,1987.0,38.0,13.0,1200000.0,240069,353648,147.31098
中古マンション等,不動産取引価格情報,13105,東京都,文京区,本駒込,駒込,8,41000000,１ＤＫ,30,2005年,ＲＣ,住宅,住宅,商業,80.0,600.0,2025年第2四半期,,,文京区,2025,2,2005.0,20.0,8.0,1366666.6666666667,240069,353648,147.31098
中古マンション等,不動産取引価格情報,13105,東京都,文京区,本駒込,駒込,9,23000000,１Ｋ,20,2007年,ＲＣ,住宅,住宅,１種住居,60.0,300.0,2025年第2四半期,未改装,,文京区,2025,2,2007.0,18.0,9.0,1150000.0,240069,353648,147.31098
中古マンション等,不動産取引価格情報,13105,東京都,文京区,本駒込,駒込,5,19000000,１Ｋ,20,1991年,ＳＲＣ,住宅,住宅,商業,80.0,600.0,2025年第1四半期,未改装,,文京区,2025,1,1991.0,34.0,5.0,950000.0,240069,353648,147.31098
中古マンション等,不動産取引価格情報,13105,東京都,文京区,本駒込,駒込,8,120000000,３ＬＤＫ,65,1999年,ＳＲＣ,,住宅,商業,80.0,600.0,2025年第1四半期,改装済み,,文京区,2025,1,1999.0,26.0,8.0,1846153.8461538462,240069,353648,147.31098
中古マンション等,不動産取引価格情報,13105,東京都,文京区,本駒込,駒込,9,41000000,１Ｋ,25,2018年,ＲＣ,,住宅,商業,80.0,600.0,2025年第1四半期,未改装,,文京区,2025,1,2018.0,7.0,9.0,1640000.0,240069,353648,147.31098
中古マンション等,不動産取引価格情報,13105,東京都,文京区,本駒込,駒込,9,29000000,１Ｋ,25,2018年,ＲＣ,住宅,,商業,80.0,600.0,2024年第4四半期,未改装,,文京区,2024,4,2018.0,6.0,9.0,1160000.0,240069,353648,147.31098
中古マンション等,不動産取引価格情報,13105,東京都,文京区,本駒込,駒込,9,24000000,１Ｋ,20,2009年,ＳＲＣ,,住宅,商業,80.0,600.0,2024年第4四半期,未改装,,文京区,2024,4,2009.0,15.0,9.0,1200000.0,240069,353648,147.31098
中古マンション等,不動産取引価格情報,13105,東京都,文京区,本駒込,駒込,7,160000000,３ＬＤＫ,70,2024年,ＲＣ,住宅,住宅,商業,80.0,600.0,2024年第3四半期,未改装,,文京区,2024,3,2024.0,0.0,7.0,2285714.285714286,240069,353648,147.31098
中古マンション等,不動産取引価格情報,13105,東京都,文京区,本駒込,駒込,10,12000000,１Ｋ,15,1990年,ＲＣ,住宅,住宅,１種住居,60.0,300.0,2024年第3四半期,未改装,,文京区,2024,3,1990.0,34.0,10.0,800000.0,240069,353648,147.31098
中古マンション等,不動産取引価格情報,13105,東京都,文京区,本駒込,駒込,8,86000000,３ＬＤＫ,65,1999年,ＳＲＣ,住宅,,商業,80.0,600.0,2024年第3四半期,改装済み,,文京区,2024,3,1999.0,25.0,8.0,1323076.923076923,240069,353648,147.31098
中古マンション等,不動産取引価格情報,13105,東京都,文京区,本駒込,駒込,9,24000000,１Ｋ,20,2007年,ＲＣ,,住宅,１種住居,60.0,300.0,2024年第2四半期,未改装,,文京区,2024,2,2007.0,17.0,9.0,1200000.0,240069,353648,147.31098
中古マンション等,不動産取引価格情報,13105,東京都,文京区,本駒込,駒込,10,14000000,１ＤＫ,15,1990年,ＲＣ,住宅,住宅,１種住居,60.0,300.0,2024年第2四半期,未改装,,文京区,2024,2,1990.0,34.0,10.0,933333.3333333334,240069,353648,147.31098
中古マンション等,不動産取引価格情報,13105,東京都,文京区,本駒込,駒込,7,160000000,３ＬＤＫ,70,2015年,ＲＣ,住宅,住宅,商業,80.0,400.0,2024年第1四半期,未改装,,文京区,2024,1,2015.0,9.0,7.0,2285714.285714286,240069,353648,147.31098
中古マンション等,不動産取引価格情報,13105,東京都,文京区,本駒込,駒込,10,8200000,１Ｋ,15,1990年,ＲＣ,,住宅,１種住居,60.0,300.0,2024年第1四半期,,,文京区,2024,1,1990.0,34.0,10.0,546666.6666666666,240069,353648,147.31098
中古マンション等,不動産取引価格情報,13105,東京都,文京区,本駒込,駒込,10,15000000,１Ｋ,15,1990年,ＲＣ,,住宅,１種住居,60.0,300.0,2024年第1四半期,未改装,,文京区,2024,1,1990.0,34.0,10.0,1000000.0,240069,353648,147.31098
中古マンション等,不動産取引価格情報,13105,東京都,文京区,本駒込,駒込,11,83000000,２ＬＤＫ,65,2005年,ＲＣ,住宅,住宅,商業,80.0,600.0,2024年第1四半期,改装済み,,文京区,2024,1,2005.0,19.0,11.0,1276923.076923077,240069,353648,147.31098
中古マンション等,不動産取引価格情報,13105,東京都,文京区,本駒込,駒込,11,30000000,１Ｋ,25,2016年,ＲＣ,住宅,住宅,商業,80.0,600.0,2024年第1四半期,未改装,,文京区,2024,1,2016.0,8.0,11.0,1200000.0,240069,353648,147.31098
中古マンション等,不動産取引価格情報,13105,東京都,文京区,本駒込,駒込,7,40000000,１Ｋ,35,2013年,ＲＣ,住宅,,商業,80.0,600.0,2024年第1四半期,,,文京区,2024,1,2013.0,11.0,7.0,1142857.142857143,240069,353648,147.31098
中古マンション等,不動産取引価格情報,13105,東京都,文京区,本駒込,駒込,8,16000000,１Ｋ,25,1991年,ＳＲＣ,住宅,住宅,商業,80.0,600.0,2024年第1四半期,改装済み,,文京区,2024,1,1991.0,33.0,8.0,640000.0,240069,353648,147.31098
中古マンション等,不動産取引価格情報,13105,東京都,文京区,本駒込,駒込,9,25000000,１Ｋ,20,2009年,ＳＲＣ,,住宅,商業,80.0,600.0,2023年第4四半期,未改装,,文京区,2023,4,2009.0,14.0,9.0,1250000.0,240069,353648,147.31098
中古マンション等,不動産取引価格情報,13105,東京都,文京区,本駒込,駒込,13,58000000,３ＬＤＫ,55,1987年,ＳＲＣ,住宅,住宅,商業,80.0,600.0,2023年第4四半期,改装済み,,文京区,2023,4,1987.0,36.0,13.0,1054545.4545454546,240069,353648,147.31098
中古マンション等,不動産取引価格情報,13105,東京都,文京区,本駒込,駒込,9,25000000,１Ｋ,20,2007年,ＲＣ,住宅,住宅,１種住居,60.0,300.0,2023年第4四半期,,,文京区,2023,4,2007.0,16.0,9.0,1250000.0,240069,353648,147.31098
中古マンション等,不動産取引価格情報,13105,東京都,文京区,本駒込,駒込,9,24000000,１Ｋ,20,2007年,ＲＣ,住宅,住宅,１種住居,60.0,300.0,2023年第4四半期,未改装,,文京区,2023,4,2007.0,16.0,9.0,1200000.0,240069,353648,147.31098
中古マンション等,不動産取引価格情報,13105,東京都,文京区,本駒込,駒込,10,14000000,１Ｋ,15,1990年,ＲＣ,住宅,住宅,１種住居,60.0,300.0,2023年第4四半期,未改装,,文京区,2023,4,1990.0,33.0,10.0,933333.3333333334,240069,353648,147.31098
中古マンション等,不動産取引価格情報,13105,東京都,文京区,本駒込,駒込,9,25000000,１Ｋ,20,2009年,ＳＲＣ,住宅,住宅,商業,80.0,600.0,2023年第4四半期,改装済み,,文京区,2023,4,2009.0,14.0,9.0,1250000.0,240069,353648,147.31098
中古マンション等,不動産取引価格情報,13105,東京都,文京区,本駒込,駒込,8,82000000,３ＬＤＫ,60,2005年,ＲＣ,住宅,住宅,商業,80.0,600.0,2023年第4四半期,未改装,,文京区,2023,4,2005.0,18.0,8.0,1366666.6666666667,240069,353648,147.31098
中古マンション等,不動産取引価格情報,13105,東京都,文京区,本駒込,駒込,6,80000000,２ＬＤＫ,50,2018年,ＲＣ,住宅,住宅,商業,80.0,600.0,2023年第4四半期,未改装,,文京区,2023,4,2018.0,5.0,6.0,1600000.0,240069,353648,147.31098
中古マンション等,不動産取引価格情報,13105,東京都,文京区,本駒込,駒込,8,88000000,３ＬＤＫ,65,2015年,ＲＣ,住宅,住宅,商業,80.0,600.0,2023年第3四半期,未改装,,文京区,2023,3,2015.0,8.0,8.0,1353846.1538461538,240069,353648,147.31098
中古マンション等,不動産取引価格情報,13105,東京都,文京区,本駒込,駒込,7,29000000,１ＤＫ,20,2013年,ＲＣ,住宅,住宅,商業,80.0,600.0,2023年第3四半期,未改装,,文京区,2023,3,2013.0,10.0,7.0,1450000.0,240069,353648,147.31098
中古マンション等,不動産取引価格情報,13105,東京都,文京区,本駒込,駒込,6,33000000,２ＤＫ,40,1979年,ＳＲＣ,住宅,住宅,商業,80.0,600.0,2023年第2四半期,未改装,,文京区,2023,2,1979.0,44.0,6.0,825000.0,240069,353648,147.31098
中古マンション等,不動産取引価格情報,13105,東京都,文京区,本駒込,駒込,10,21000000,１Ｋ,20,2006年,ＲＣ,住宅,住宅,１種住居,60.0,300.0,2023年第2四半期,改装済み,,文京区,2023,2,2006.0,17.0,10.0,1050000.0,240069,353648,147.31098
中古マンション等,不動産取引価格情報,13105,東京都,文京区,本駒込,駒込,8,51000000,２ＤＫ,45,2005年,ＲＣ,住宅,住宅,商業,80.0,600.0,2023年第2四半期,未改装,,文京区,2023,2,2005.0,18.0,8.0,1133333.3333333333,240069,353648,147.31098
中古マンション等,不動産取引価格情報,13105,東京都,文京区,本駒込,駒込,8,22000000,１Ｋ,20,2005年,ＲＣ,住宅,住宅,商業,80.0,600.0,2023年第2四半期,改装済み,,文京区,2023,2,2005.0,18.0,8.0,1100000.0,240069,353648,147.31098
中古マンション等,不動産取引価格情報,13105,東京都,文京区,本駒込,駒込,9,73000000,３ＬＤＫ,65,2006年,ＲＣ,住宅,住宅,商業,80.0,600.0,2023年第2四半期,未改装,,文京区,2023,2,2006.0,17.0,9.0,1123076.923076923,240069,353648,147.31098
中古マンション等,不動産取引価格情報,13105,東京都,文京区,本駒込,駒込,8,73000000,２ＬＤＫ,55,2015年,ＲＣ,住宅,住宅,商業,80.0,600.0,2023年第2四半期,未改装,,文京区,2023,2,2015.0,8.0,8.0,1327272.7272727273,240069,353648,147.31098
中古マンション等,不動産取引価格情報,13105,東京都,文京区,本駒込,駒込,11,62000000,２ＬＤＫ,65,2005年,ＲＣ,住宅,,商業,80.0,600.0,2023年第2四半期,未改装,,文京区,2023,2,2005.0,18.0,11.0,953846.1538461539,240069,353648,147.31098
中古マンション等,不動産取引価格情報,13105,東京都,文京区,本駒込,駒込,9,39000000,１ＬＤＫ,50,1987年,ＳＲＣ,住宅,住宅,商業,80.0,600.0,2023年第1四半期,未改装,,文京区,2023,1,1987.0,36.0,9.0,780000.0,240069,353648,147.31098
中古マンション等,不動産取引価格情報,13105,東京都,文京区,本駒込,駒込,9,42000000,２ＤＫ,45,1987年,ＳＲＣ,住宅,住宅,商業,80.0,600.0,2023年第1四半期,改装済み,,文京区,2023,1,1987.0,36.0,9.0,933333.3333333334,240069,353648,147.31098
中古マンション等,不動産取引価格情報,13105,東京都,文京区,本駒込,駒込,7,96000000,２ＬＤＫ,65,2013年,ＲＣ,住宅,住宅,商業,80.0,400.0,2023年第1四半期,改装済み,,文京区,2023,1,2013.0,10.0,7.0,1476923.076923077,240069,353648,147.31098
中古マンション等,不動産取引価格情報,13105,東京都,文京区,本駒込,駒込,10,63000000,２ＬＤＫ,60,2012年,ＲＣ,,住宅,１種住居,60.0,300.0,2023年第1四半期,未改装,,文京区,2023,1,2012.0,11.0,10.0,1050000.0,240069,353648,147.31098
中古マンション等,不動産取引価格情報,13105,東京都,文京区,本駒込,駒込,9,26000000,２ＤＫ,45,1987年,ＳＲＣ,住宅,住宅,商業,80.0,600.0,2022年第4四半期,未改装,,文京区,2022,4,1987.0,35.0,9.0,577777.7777777778,240069,353648,147.31098
中古マンション等,不動産取引価格情報,13105,東京都,文京区,本駒込,駒込,2,24000000,１ＤＫ,25,2002年,ＳＲＣ,住宅,住宅,商業,80.0,600.0,2022年第4四半期,改装済み,,文京区,2022,4,2002.0,20.0,2.0,960000.0,240069,353648,147.31098
中古マンション等,不動産取引価格情報,13105,東京都,文京区,本駒込,駒込,9,37000000,１Ｋ,25,2018年,ＲＣ,住宅,住宅,商業,80.0,600.0,2022年第4四半期,未改装,,文京区,2022,4,2018.0,4.0,9.0,1480000.0,240069,353648,147.31098
中古マンション等,不動産取引価格情報,13105,東京都,文京区,本駒込,駒込,8,78000000,３ＬＤＫ,70,1996年,ＳＲＣ,住宅,住宅,商業,80.0,600.0,2022年第4四半期,未改装,,文京区,2022,4,1996.0,26.0,8.0,1114285.7142857143,240069,353648,147.31098
中古マンション等,不動産取引価格情報,13105,東京都,文京区,本駒込,駒込,7,59000000,３ＬＤＫ,60,1987年,ＳＲＣ,住宅,,商業,80.0,600.0,2022年第4四半期,改装済み,,文京区,2022,4,1987.0,35.0,7.0,983333.3333333334,240069,353648,147.31098
中古マンション等,不動産取引価格情報,13105,東京都,文京区,本駒込,駒込,8,110000000,２ＬＤＫ,65,2018年,ＲＣ,住宅,住宅,商業,80.0,600.0,2022年第4四半期,未改装,,文京区,2022,4,2018.0,4.0,8.0,1692307.6923076923,240069,353648,147.31098
中古マンション等,不動産取引価格情報,13105,東京都,文京区,本駒込,駒込,8,88000000,３ＬＤＫ,70,1996年,ＳＲＣ,住宅,住宅,商業,80.0,600.0,2022年第4四半期,未改装,,文京区,2022,4,1996.0,26.0,8.0,1257142.857142857,240069,353648,147.31098
中古マンション等,不動産取引価格情報,13105,東京都,文京区,本駒込,駒込,9,60000000,３ＬＤＫ,65,2006年,ＲＣ,,住宅,商業,80.0,600.0,2022年第3四半期,未改装,,文京区,2022,3,2006.0,16.0,9.0,923076.9230769231,240069,353648,147.31098
中古マンション等,不動産取引価格情報,13105,東京都,文京区,本駒込,駒込,8,46000000,１ＬＤＫ,45,2005年,ＲＣ,住宅,住宅,商業,80.0,600.0,2022年第3四半期,未改装,,文京区,2022,3,2005.0,17.0,8.0,1022222.2222222222,240069,353648,147.31098
中古マンション等,不動産取引価格情報,13105,東京都,文京区,本駒込,駒込,10,20000000,１Ｋ,20,2006年,ＲＣ,住宅,住宅,１種住居,60.0,300.0,2022年第3四半期,改装済み,,文京区,2022,3,2006.0,16.0,10.0,1000000.0,240069,353648,147.31098
中古マンション等,不動産取引価格情報,13105,東京都,文京区,本駒込,駒込,7,76000000,２ＬＤＫ,65,1987年,ＳＲＣ,住宅,住宅,商業,80.0,600.0,2022年第3四半期,改装済み,,文京区,2022,3,1987.0,35.0,7.0,1169230.7692307692,240069,353648,147.31098
中古マンション等,不動産取引価格情報,13105,東京都,文京区,本駒込,駒込,10,13000000,１Ｋ,15,1992年,ＲＣ,住宅,住宅,１種住居,60.0,300.0,2022年第3四半期,未改装,,文京区,2022,3,1992.0,30.0,10.0,866666.6666666666,240069,353648,147.31098
中古マンション等,不動産取引価格情報,13105,東京都,文京区,本駒込,駒込,8,35000000,１ＤＫ,30,2005年,ＲＣ,住宅,住宅,商業,80.0,600.0,2022年第3四半期,未改装,,文京区,2022,3,2005.0,17.0,8.0,1166666.6666666667,240069,353648,147.31098
中古マンション等,不動産取引価格情報,13105,東京都,文京区,本駒込,駒込,9,62000000,２ＬＤＫ,55,2006年,ＲＣ,住宅,住宅,商業,80.0,600.0,2022年第3四半期,未改装,,文京区,2022,3,2006.0,16.0,9.0,1127272.7272727273,240069,353648,147.31098
中古マンション等,不動産取引価格情報,13105,東京都,文京区,本駒込,駒込,13,49000000,１ＬＤＫ,55,1992年,ＲＣ,住宅,住宅,１種住居,60.0,300.0,2022年第3四半期,未改装,,文京区,2022,3,1992.0,30.0,13.0,890909.0909090909,240069,353648,147.31098
中古マンション等,不動産取引価格情報,13105,東京都,文京区,本駒込,駒込,10,37000000,１ＤＫ,30,1990年,ＲＣ,,住宅,１種住居,60.0,300.0,2022年第2四半期,改装済み,,文京区,2022,2,1990.0,32.0,10.0,1233333.3333333333,240069,353648,147.31098
中古マンション等,不動産取引価格情報,13105,東京都,文京区,本駒込,駒込,10,13000000,１Ｋ,15,1992年,ＲＣ,住宅,住宅,１種住居,60.0,300.0,2022年第2四半期,未改装,,文京区,2022,2,1992.0,30.0,10.0,866666.6666666666,240069,353648,147.31098
中古マンション等,不動産取引価格情報,13105,東京都,文京区,本駒込,駒込,8,56000000,１ＬＤＫ,45,2005年,ＲＣ,住宅,住宅,商業,80.0,600.0,2022年第2四半期,未改装,,文京区,2022,2,2005.0,17.0,8.0,1244444.4444444445,240069,353648,147.31098
中古マンション等,不動産取引価格情報,13105,東京都,文京区,本駒込,駒込,7,37000000,１ＬＤＫ,35,2013年,ＲＣ,住宅,住宅,商業,80.0,600.0,2022年第2四半期,未改装,,文京区,2022,2,2013.0,9.0,7.0,1057142.857142857,240069,353648,147.31098
中古マンション等,不動産取引価格情報,13105,東京都,文京区,本駒込,駒込,2,29000000,１ＬＤＫ,25,2002年,ＳＲＣ,住宅,住宅,商業,80.0,600.0,2022年第1四半期,未改装,,文京区,2022,1,2002.0,20.0,2.0,1160000.0,240069,353648,147.31098
中古マンション等,不動産取引価格情報,13105,東京都,文京区,本駒込,駒込,9,20000000,１Ｋ,20,2007年,ＲＣ,住宅,住宅,１種住居,60.0,300.0,2022年第1四半期,,,文京区,2022,1,2007.0,15.0,9.0,1000000.0,240069,353648,147.31098
中古マンション等,不動産取引価格情報,13105,東京都,文京区,本駒込,駒込,9,22000000,１Ｋ,20,2007年,ＲＣ,住宅,住宅,１種住居,60.0,300.0,2022年第1四半期,未改装,,文京区,2022,1,2007.0,15.0,9.0,1100000.0,240069,353648,147.31098
中古マンション等,不動産取引価格情報,13105,東京都,文京区,本駒込,駒込,5,43000000,１ＬＤＫ,40,2019年,ＲＣ,住宅,その他,商業,80.0,600.0,2022年第1四半期,未改装,,文京区,2022,1,2019.0,3.0,5.0,1075000.0,240069,353648,147.31098
中古マンション等,不動産取引価格情報,13105,東京都,文京区,本駒込,駒込,5,52000000,１ＬＤＫ,40,2019年,ＲＣ,住宅,住宅,商業,80.0,600.0,2022年第1四半期,未改装,,文京区,2022,1,2019.0,3.0,5.0,1300000.0,240069,353648,147.31098
中古マンション等,不動産取引価格情報,13105,東京都,文京区,本駒込,駒込,7,74000000,３ＬＤＫ,65,2014年,ＲＣ,住宅,住宅,商業,80.0,600.0,2021年第4四半期,未改装,,文京区,2021,4,2014.0,7.0,7.0,1138461.5384615385,240069,353648,147.31098
中古マンション等,不動産取引価格情報,13105,東京都,文京区,本駒込,駒込,11,32000000,１Ｋ,25,2016年,ＲＣ,住宅,住宅,商業,80.0,600.0,2021年第3四半期,,,文京区,2021,3,2016.0,5.0,11.0,1280000.0,240069,353648,147.31098
中古マンション等,不動産取引価格情報,13105,東京都,文京区,本駒込,駒込,9,39000000,２ＤＫ,45,1987年,ＳＲＣ,住宅,住宅,商業,80.0,600.0,2021年第3四半期,改装済み,,文京区,2021,3,1987.0,34.0,9.0,866666.6666666666,240069,353648,147.31098
中古マンション等,不動産取引価格情報,13105,東京都,文京区,本駒込,駒込,8,35000000,１ＤＫ,30,2005年,ＲＣ,住宅,住宅,商業,80.0,600.0,2021年第3四半期,,,文京区,2021,3,2005.0,16.0,8.0,1166666.6666666667,240069,353648,147.31098
中古マンション等,不動産取引価格情報,13105,東京都,文京区,本駒込,駒込,9,24000000,１ＤＫ,20,2009年,ＳＲＣ,住宅,住宅,商業,80.0,600.0,2021年第3四半期,未改装,,文京区,2021,3,2009.0,12.0,9.0,1200000.0,240069,353648,147.31098
中古マンション等,不動産取引価格情報,13105,東京都,文京区,本駒込,駒込,8,74000000,３ＬＤＫ,65,1999年,ＳＲＣ,住宅,住宅,商業,80.0,600.0,2021年第3四半期,未改装,,文京区,2021,3,1999.0,22.0,8.0,1138461.5384615385,240069,353648,147.31098
中古マンション等,不動産取引価格情報,13105,東京都,文京区,本駒込,駒込,7,100000000,３ＬＤＫ,70,2013年,ＲＣ,住宅,住宅,商業,80.0,400.0,2021年第3四半期,未改装,,文京区,2021,3,2013.0,8.0,7.0,1428571.4285714286,240069,353648,147.31098
中古マンション等,不動産取引価格情報,13105,東京都,文京区,本駒込,駒込,11,28000000,１Ｋ,25,2016年,ＲＣ,住宅,住宅,商業,80.0,600.0,2021年第3四半期,未改装,,文京区,2021,3,2016.0,5.0,11.0,1120000.0,240069,353648,147.31098
中古マンション等,不動産取引価格情報,13105,東京都,文京区,本駒込,駒込,11,77000000,３ＬＤＫ,65,2005年,ＲＣ,住宅,住宅,商業,80.0,600.0,2021年第3四半期,未改装,,文京区,2021,3,2005.0,16.0,11.0,1184615.3846153845,240069,353648,147.31098
中古マンション等,不動産取引価格情報,13105,東京都,文京区,本駒込,駒込,11,56000000,２ＤＫ,70,1991年,ＳＲＣ,住宅,住宅,商業,80.0,600.0,2021年第2四半期,未改装,,文京区,2021,2,1991.0,30.0,11.0,800000.0,240069,353648,147.31098
中古マンション等,不動産取引価格情報,13105,東京都,文京区,本駒込,駒込,9,12000000,１Ｋ,20,1987年,ＳＲＣ,住宅,住宅,商業,80.0,600.0,2021年第2四半期,未改装,,文京区,2021,2,1987.0,34.0,9.0,600000.0,240069,353648,147.31098
中古マンション等,不動産取引価格情報,13105,東京都,文京区,本駒込,駒込,9,24000000,１Ｋ,20,2009年,ＳＲＣ,住宅,住宅,商業,80.0,600.0,2021年第2四半期,未改装,,文京区,2021,2,2009.0,12.0,9.0,1200000.0,240069,353648,147.31098
中古マンション等,不動産取引価格情報,13105,東京都,文京区,本駒込,駒込,8,72000000,３ＬＤＫ,65,1999年,ＳＲＣ,住宅,住宅,商業,80.0,600.0,2021年第2四半期,未改装,,文京区,2021,2,1999.0,22.0,8.0,1107692.3076923077,240069,353648,147.31098
中古マンション等,不動産取引価格情報,13105,東京都,文京区,本駒込,駒込,5,68000000,２ＬＤＫ,60,2014年,ＲＣ,住宅,住宅,商業,80.0,600.0,2021年第2四半期,未改装,,文京区,2021,2,2014.0,7.0,5.0,1133333.3333333333,240069,353648,147.31098
中古マンション等,不動産取引価格情報,13105,東京都,文京区,本駒込,駒込,10,40000000,３ＬＤＫ,55,1987年,ＳＲＣ,住宅,住宅,商業,80.0,600.0,2021年第1四半期,未改装,,文京区,2021,1,1987.0,34.0,10.0,727272.7272727273,240069,353648,147.31098
中古マンション等,不動産取引価格情報,13105,東京都,文京区,本駒込,駒込,9,60000000,２ＬＤＫ,50,2018年,ＲＣ,住宅,住宅,商業,80.0,600.0,2021年第1四半期,未改装,,文京区,2021,1,2018.0,3.0,9.0,1200000.0,240069,353648,147.31098
中古マンション等,不動産取引価格情報,13105,東京都,文京区,本駒込,駒込,9,23000000,１Ｋ,20,2007年,ＲＣ,住宅,住宅,１種住居,60.0,300.0,2021年第1四半期,改装済み,,文京区,2021,1,2007.0,14.0,9.0,1150000.0,240069,353648,147.31098
中古マンション等,不動産取引価格情報,13105,東京都,文京区,本駒込,駒込,9,24000000,１Ｋ,20,2009年,ＳＲＣ,住宅,住宅,商業,80.0,600.0,2021年第1四半期,未改装,,文京区,2021,1,2009.0,12.0,9.0,1200000.0,240069,353648,147.31098
中古マンション等,不動産取引価格情報,13105,東京都,文京区,本駒込,駒込,7,63000000,２ＬＤＫ,60,2014年,ＲＣ,住宅,住宅,商業,80.0,400.0,2021年第1四半期,改装済み,,文京区,2021,1,2014.0,7.0,7.0,1050000.0,240069,353648,147.31098
中古マンション等,不動産取引価格情報,13105,東京都,文京区,本駒込,駒込,7,70000000,２ＬＤＫ,60,1999年,ＳＲＣ,住宅,住宅,商業,80.0,600.0,2021年第1四半期,改装済み,,文京区,2021,1,1999.0,22.0,7.0,1166666.6666666667,240069,353648,147.31098
中古マンション等,不動産取引価格情報,13105,東京都,文京区,本駒込,巣鴨,6,130000000,３ＬＤＫ,65,2018年,ＲＣ,住宅,住宅,１低住専,60.0,200.0,2025年第2四半期,未改装,,文京区,2025,2,2018.0,7.0,6.0,2000000.0,240069,353648,147.31098
中古マンション等,不動産取引価格情報,13105,東京都,文京区,本駒込,巣鴨,4,45000000,１ＬＤＫ,40,2014年,ＲＣ,住宅,住宅,１種住居,60.0,300.0,2022年第3四半期,改装済み,,文京区,2022,3,2014.0,8.0,4.0,1125000.0,240069,353648,147.31098
中古マンション等,不動産取引価格情報,13105,東京都,文京区,本駒込,巣鴨,4,44000000,１ＬＤＫ,40,2014年,ＲＣ,住宅,住宅,１種住居,60.0,300.0,2021年第3四半期,未改装,,文京区,2021,3,2014.0,7.0,4.0,1100000.0,240069,353648,147.31098
中古マンション等,不動産取引価格情報,13105,東京都,文京区,本駒込,巣鴨,7,210000000,３ＬＤＫ,105,2009年,ＲＣ,住宅,住宅,１低住専,60.0,200.0,2021年第1四半期,改装済み,,文京区,2021,1,2009.0,12.0,7.0,2000000.0,240069,353648,147.31098
中古マンション等,不動産取引価格情報,13105,東京都,文京区,本駒込,千石,0,23000000,１Ｋ,20,1995年,ＳＲＣ,住宅,事務所,商業,80.0,600.0,2025年第2四半期,未改装,,文京区,2025,2,1995.0,30.0,0.0,1150000.0,240069,353648,147.31098
中古マンション等,不動産取引価格情報,13105,東京都,文京区,本駒込,千石,4,90000000,,60,2019年,ＲＣ,住宅,住宅,商業,80.0,400.0,2024年第3四半期,,,文京区,2024,3,2019.0,5.0,4.0,1500000.0,240069,353648,147.31098
中古マンション等,不動産取引価格情報,13105,東京都,文京区,本駒込,千石,4,88000000,２ＬＤＫ,55,2005年,ＲＣ,住宅,住宅,商業,80.0,600.0,2024年第2四半期,改装済み,,文京区,2024,2,2005.0,19.0,4.0,1600000.0,240069,353648,147.31098
中古マンション等,不動産取引価格情報,13105,東京都,文京区,本駒込,千石,1,39000000,,40,1985年,ＳＲＣ,住宅,住宅,商業,80.0,600.0,2024年第1四半期,未改装,,文京区,2024,1,1985.0,39.0,1.0,975000.0,240069,353648,147.31098
中古マンション等,不動産取引価格情報,13105,東京都,文京区,本駒込,千石,0,69000000,２ＤＫ,50,2005年,ＳＲＣ,住宅,住宅,商業,80.0,600.0,2024年第1四半期,未改装,,文京区,2024,1,2005.0,19.0,0.0,1380000.0,240069,353648,147.31098
中古マンション等,不動産取引価格情報,13105,東京都,文京区,本駒込,千石,1,8800000,１Ｋ,10,1985年,ＳＲＣ,住宅,住宅,商業,80.0,600.0,2023年第3四半期,未改装,,文京区,2023,3,1985.0,38.0,1.0,880000.0,240069,353648,147.31098
中古マンション等,不動産取引価格情報,13105,東京都,文京区,本駒込,千石,4,40000000,１ＬＤＫ,30,2019年,ＲＣ,住宅,住宅,商業,80.0,400.0,2023年第2四半期,未改装,,文京区,2023,2,2019.0,4.0,4.0,1333333.3333333333,240069,353648,147.31098
中古マンション等,不動産取引価格情報,13105,東京都,文京区,本駒込,千石,4,39000000,１ＬＤＫ,30,2019年,ＲＣ,住宅,住宅,商業,80.0,400.0,2023年第2四半期,改装済み,,文京区,2023,2,2019.0,4.0,4.0,1300000.0,240069,353648,147.31098
中古マンション等,不動産取引価格情報,13105,東京都,文京区,本駒込,千石,4,80000000,２ＬＤＫ,60,2005年,ＲＣ,住宅,住宅,商業,80.0,600.0,2023年第1四半期,未改装,,文京区,2023,1,2005.0,18.0,4.0,1333333.3333333333,240069,353648,147.31098
中古マンション等,不動産取引価格情報,13105,東京都,文京区,本駒込,千石,3,100000000,２ＬＤＫ,70,2017年,ＲＣ,住宅,住宅,商業,80.0,600.0,2022年第3四半期,未改装,,文京区,2022,3,2017.0,5.0,3.0,1428571.4285714286,240069,353648,147.31098
中古マンション等,不動産取引価格情報,13105,東京都,文京区,本駒込,千石,4,68000000,２ＬＤＫ,60,2004年,ＳＲＣ,住宅,住宅,商業,80.0,600.0,2022年第3四半期,未改装,,文京区,2022,3,2004.0,18.0,4.0,1133333.3333333333,240069,353648,147.31098
中古マンション等,不動産取引価格情報,13105,東京都,文京区,本駒込,千石,4,86000000,３ＬＤＫ,70,2004年,ＳＲＣ,住宅,住宅,商業,80.0,600.0,2022年第1四半期,,,文京区,2022,1,2004.0,18.0,4.0,1228571.4285714286,240069,353648,147.31098
中古マンション等,不動産取引価格情報,13105,東京都,文京区,本駒込,千石,3,45000000,１ＬＤＫ,35,2016年,ＲＣ,住宅,住宅,商業,80.0,600.0,2021年第4四半期,未改装,,文京区,2021,4,2016.0,5.0,3.0,1285714.2857142857,240069,353648,147.31098
中古マンション等,不動産取引価格情報,13105,東京都,文京区,本駒込,千石,5,58000000,１ＬＤＫ,60,2011年,ＲＣ,住宅,住宅,１中住専,60.0,200.0,2021年第3四半期,未改装,,文京区,2021,3,2011.0,10.0,5.0,966666.6666666666,240069,353648,147.31098
中古マンション等,不動産取引価格情報,13105,東京都,文京区,本駒込,千石,4,50000000,１ＬＤＫ,35,2016年,ＲＣ,住宅,住宅,商業,80.0,600.0,2021年第2四半期,未改装,,文京区,2021,2,2016.0,5.0,4.0,1428571.4285714286,240069,353648,147.31098
中古マンション等,不動産取引価格情報,13105,東京都,文京区,本駒込,千石,4,68000000,２ＬＤＫ,55,2005年,ＲＣ,住宅,住宅,商業,80.0,600.0,2021年第2四半期,未改装,,文京区,2021,2,2005.0,16.0,4.0,1236363.6363636365,240069,353648,147.31098
中古マンション等,不動産取引価格情報,13105,東京都,文京区,本駒込,千石,4,84000000,２ＬＤＫ,60,2019年,ＲＣ,住宅,住宅,商業,80.0,400.0,2021年第1四半期,未改装,,文京区,2021,1,2019.0,2.0,4.0,1400000.0,240069,353648,147.31098
中古マンション等,不動産取引価格情報,13105,東京都,文京区,本駒込,千石,4,40000000,１ＬＤＫ,30,2019年,ＲＣ,,住宅,商業,80.0,400.0,2021年第1四半期,未改装,,文京区,2021,1,2019.0,2.0,4.0,1333333.3333333333,240069,353648,147.31098
中古マンション等,不動産取引価格情報,13105,東京都,文京区,本駒込,田端,10,28000000,１Ｋ,25,1999年,ＲＣ,住宅,住宅,商業,80.0,600.0,2025年第3四半期,未改装,,文京区,2025,3,1999.0,26.0,10.0,1120000.0,240069,353648,147.31098
中古マンション等,不動産取引価格情報,13105,東京都,文京区,本駒込,田端,12,29000000,１Ｋ,20,2004年,ＲＣ,住宅,住宅,商業,80.0,500.0,2025年第2四半期,未改装,,文京区,2025,2,2004.0,21.0,12.0,1450000.0,240069,353648,147.31098
中古マンション等,不動産取引価格情報,13105,東京都,文京区,本駒込,田端,11,43000000,１ＬＤＫ,40,1996年,ＳＲＣ,住宅,住宅,商業,80.0,600.0,2025年第2四半期,改装済み,,文京区,2025,2,1996.0,29.0,11.0,1075000.0,240069,353648,147.31098
中古マンション等,不動産取引価格情報,13105,東京都,文京区,本駒込,田端,12,21000000,１Ｒ,20,2005年,ＲＣ,住宅,住宅,商業,80.0,600.0,2024年第4四半期,未改装,,文京区,2024,4,2005.0,19.0,12.0,1050000.0,240069,353648,147.31098
中古マンション等,不動産取引価格情報,13105,東京都,文京区,本駒込,田端,11,47000000,１ＬＤＫ,40,1995年,ＳＲＣ,住宅,住宅,商業,80.0,600.0,2024年第4四半期,改装済み,,文京区,2024,4,1995.0,29.0,11.0,1175000.0,240069,353648,147.31098
中古マンション等,不動産取引価格情報,13105,東京都,文京区,本駒込,田端,11,58000000,２ＬＤＫ,50,1995年,ＲＣ,住宅,住宅,１種住居,60.0,300.0,2024年第3四半期,改装済み,,文京区,2024,3,1995.0,29.0,11.0,1160000.0,240069,353648,147.31098
中古マンション等,不動産取引価格情報,13105,東京都,文京区,本駒込,田端,11,38000000,１ＬＤＫ,40,1995年,ＳＲＣ,住宅,,商業,80.0,600.0,2024年第2四半期,未改装,,文京区,2024,2,1995.0,29.0,11.0,950000.0,240069,353648,147.31098
中古マンション等,不動産取引価格情報,13105,東京都,文京区,本駒込,田端,12,20000000,,20,2004年,ＲＣ,住宅,住宅,商業,80.0,500.0,2023年第4四半期,,,文京区,2023,4,2004.0,19.0,12.0,1000000.0,240069,353648,147.31098
中古マンション等,不動産取引価格情報,13105,東京都,文京区,本駒込,田端,12,26000000,,20,2005年,ＲＣ,住宅,その他,商業,80.0,600.0,2023年第4四半期,改装済み,,文京区,2023,4,2005.0,18.0,12.0,1300000.0,240069,353648,147.31098
中古マンション等,不動産取引価格情報,13105,東京都,文京区,本駒込,田端,11,63000000,３ＬＤＫ,60,1998年,ＲＣ,住宅,,１種住居,60.0,300.0,2023年第3四半期,未改装,,文京区,2023,3,1998.0,25.0,11.0,1050000.0,240069,353648,147.31098
中古マンション等,不動産取引価格情報,13105,東京都,文京区,本駒込,田端,11,27000000,オープンフロア,30,1995年,ＳＲＣ,店舗,店舗,商業,80.0,600.0,2023年第3四半期,未改装,,文京区,2023,3,1995.0,28.0,11.0,900000.0,240069,353648,147.31098
中古マンション等,不動産取引価格情報,13105,東京都,文京区,本駒込,田端,10,25000000,１Ｋ,25,2005年,ＲＣ,住宅,住宅,商業,80.0,500.0,2023年第3四半期,未改装,,文京区,2023,3,2005.0,18.0,10.0,1000000.0,240069,353648,147.31098
中古マンション等,不動産取引価格情報,13105,東京都,文京区,本駒込,田端,10,36000000,１ＬＤＫ,35,2005年,ＲＣ,住宅,その他,商業,80.0,500.0,2023年第3四半期,未改装,,文京区,2023,3,2005.0,18.0,10.0,1028571.4285714285,240069,353648,147.31098
中古マンション等,不動産取引価格情報,13105,東京都,文京区,本駒込,田端,11,28000000,１ＤＫ,30,1995年,ＳＲＣ,住宅,住宅,商業,80.0,600.0,2023年第2四半期,未改装,,文京区,2023,2,1995.0,28.0,11.0,933333.3333333334,240069,353648,147.31098
中古マンション等,不動産取引価格情報,13105,東京都,文京区,本駒込,田端,10,61000000,３ＬＤＫ,70,1979年,ＳＲＣ,住宅,住宅,商業,80.0,600.0,2023年第1四半期,改装済み,,文京区,2023,1,1979.0,44.0,10.0,871428.5714285715,240069,353648,147.31098
中古マンション等,不動産取引価格情報,13105,東京都,文京区,本駒込,田端,10,21000000,１Ｋ,20,2003年,ＳＲＣ,住宅,その他,商業,80.0,600.0,2022年第4四半期,未改装,,文京区,2022,4,2003.0,19.0,10.0,1050000.0,240069,353648,147.31098
中古マンション等,不動産取引価格情報,13105,東京都,文京区,本駒込,田端,12,22000000,１Ｒ,20,2005年,ＲＣ,住宅,住宅,商業,80.0,600.0,2022年第4四半期,,,文京区,2022,4,2005.0,17.0,12.0,1100000.0,240069,353648,147.31098
中古マンション等,不動産取引価格情報,13105,東京都,文京区,本駒込,田端,12,23000000,,25,2005年,ＲＣ,住宅,住宅,商業,80.0,600.0,2022年第4四半期,未改装,,文京区,2022,4,2005.0,17.0,12.0,920000.0,240069,353648,147.31098
中古マンション等,不動産取引価格情報,13105,東京都,文京区,本駒込,田端,10,19000000,１Ｋ,20,2003年,ＳＲＣ,住宅,住宅,商業,80.0,600.0,2022年第4四半期,改装済み,,文京区,2022,4,2003.0,19.0,10.0,950000.0,240069,353648,147.31098
中古マンション等,不動産取引価格情報,13105,東京都,文京区,本駒込,田端,12,25000000,,20,2005年,ＲＣ,住宅,住宅,商業,80.0,600.0,2022年第3四半期,,,文京区,2022,3,2005.0,17.0,12.0,1250000.0,240069,353648,147.31098
中古マンション等,不動産取引価格情報,13105,東京都,文京区,本駒込,田端,11,64000000,２ＬＤＫ,55,1995年,ＳＲＣ,住宅,住宅,商業,80.0,600.0,2022年第2四半期,改装済み,,文京区,2022,2,1995.0,27.0,11.0,1163636.3636363635,240069,353648,147.31098
中古マンション等,不動産取引価格情報,13105,東京都,文京区,本駒込,田端,12,23000000,１ＤＫ,20,2005年,ＲＣ,住宅,住宅,商業,80.0,600.0,2022年第1四半期,未改装,,文京区,2022,1,2005.0,17.0,12.0,1150000.0,240069,353648,147.31098
中古マンション等,不動産取引価格情報,13105,東京都,文京区,本駒込,田端,10,22000000,１Ｋ,25,1999年,ＲＣ,住宅,その他,商業,80.0,600.0,2021年第4四半期,未改装,,文京区,2021,4,1999.0,22.0,10.0,880000.0,240069,353648,147.31098
中古マンション等,不動産取引価格情報,13105,東京都,文京区,本駒込,田端,10,26000000,１Ｋ,20,2003年,ＳＲＣ,住宅,住宅,商業,80.0,600.0,2021年第2四半期,未改装,,文京区,2021,2,2003.0,18.0,10.0,1300000.0,240069,353648,147.31098
中古マンション等,不動産取引価格情報,13105,東京都,文京区,本駒込,田端,12,21000000,１Ｋ,20,2004年,ＲＣ,,住宅,商業,80.0,500.0,2021年第1四半期,未改装,,文京区,2021,1,2004.0,17.0,12.0,1050000.0,240069,353648,147.31098
中古マンション等,不動産取引価格情報,13105,東京都,文京区,本駒込,田端,12,22000000,１Ｋ,20,2005年,ＲＣ,,その他,商業,80.0,600.0,2021年第1四半期,未改装,,文京区,2021,1,2005.0,16.0,12.0,1100000.0,240069,353648,147.31098
中古マンション等,不動産取引価格情報,13105,東京都,文京区,本駒込,白山(東京),1,64000000,１ＬＤＫ,45,2009年,ＲＣ,住宅,住宅,２種住居,60.0,300.0,2025年第3四半期,未改装,,文京区,2025,3,2009.0,16.0,1.0,1422222.2222222222,240069,353648,147.31098
中古マンション等,不動産取引価格情報,13105,東京都,文京区,本駒込,白山(東京),9,25000000,１Ｋ,20,2002年,ＲＣ,,住宅,近隣商業,80.0,400.0,2025年第2四半期,未改装,,文京区,2025,2,2002.0,23.0,9.0,1250000.0,240069,353648,147.31098
中古マンション等,不動産取引価格情報,13105,東京都,文京区,本駒込,白山(東京),3,51000000,１ＬＤＫ,45,2006年,ＲＣ,住宅,住宅,近隣商業,80.0,400.0,2025年第2四半期,改装済み,,文京区,2025,2,2006.0,19.0,3.0,1133333.3333333333,240069,353648,147.31098
中古マンション等,不動産取引価格情報,13105,東京都,文京区,本駒込,白山(東京),2,82000000,１ＬＤＫ,50,2010年,ＲＣ,住宅,住宅,商業,80.0,600.0,2024年第4四半期,改装済み,,文京区,2024,4,2010.0,14.0,2.0,1640000.0,240069,353648,147.31098
中古マンション等,不動産取引価格情報,13105,東京都,文京区,本駒込,白山(東京),9,24000000,１Ｋ,20,2002年,ＲＣ,住宅,その他,近隣商業,80.0,400.0,2024年第3四半期,改装済み,,文京区,2024,3,2002.0,22.0,9.0,1200000.0,240069,353648,147.31098
中古マンション等,不動産取引価格情報,13105,東京都,文京区,本駒込,白山(東京),3,44000000,１ＬＤＫ,40,2006年,ＲＣ,住宅,住宅,近隣商業,80.0,400.0,2023年第2四半期,未改装,,文京区,2023,2,2006.0,17.0,3.0,1100000.0,240069,353648,147.31098
中古マンション等,不動産取引価格情報,13105,東京都,文京区,本駒込,白山(東京),9,24000000,１Ｋ,20,2002年,ＲＣ,住宅,住宅,近隣商業,80.0,400.0,2023年第1四半期,未改装,,文京区,2023,1,2002.0,21.0,9.0,1200000.0,240069,353648,147.31098
中古マンション等,不動産取引価格情報,13105,東京都,文京区,本駒込,白山(東京),2,70000000,２ＬＤＫ,50,2010年,ＲＣ,住宅,住宅,商業,80.0,600.0,2023年第1四半期,未改装,,文京区,2023,1,2010.0,13.0,2.0,1400000.0,240069,353648,147.31098
中古マンション等,不動産取引価格情報,13105,東京都,文京区,本駒込,白山(東京),9,24000000,１Ｋ,20,2002年,ＲＣ,,その他,近隣商業,80.0,400.0,2022年第4四半期,,,文京区,2022,4,2002.0,20.0,9.0,1200000.0,240069,353648,147.31098
中古マンション等,不動産取引価格情報,13105,東京都,文京区,本駒込,白山(東京),0,65000000,２ＬＤＫ,50,2009年,ＲＣ,住宅,住宅,２種住居,60.0,300.0,2022年第3四半期,未改装,,文京区,2022,3,2009.0,13.0,0.0,1300000.0,240069,353648,147.31098
中古マンション等,不動産取引価格情報,13105,東京都,文京区,本駒込,白山(東京),0,75000000,２ＬＤＫ,55,2009年,ＲＣ,住宅,住宅,２種住居,60.0,300.0,2022年第1四半期,,,文京区,2022,1,2009.0,13.0,0.0,1363636.3636363635,240069,353648,147.31098
中古マンション等,不動産取引価格情報,13105,東京都,文京区,本駒込,白山(東京),9,14000000,１Ｋ,20,2002年,ＲＣ,住宅,住宅,近隣商業,80.0,400.0,2022年第1四半期,未改装,,文京区,2022,1,2002.0,20.0,9.0,700000.0,240069,353648,147.31098
中古マンション等,不動産取引価格情報,13105,東京都,文京区,本駒込,白山(東京),2,59000000,２ＬＤＫ,50,2010年,ＲＣ,住宅,住宅,商業,80.0,600.0,2021年第3四半期,未改装,,文京区,2021,3,2010.0,11.0,2.0,1180000.0,240069,353648,147.31098
中古マンション等,不動産取引価格情報,13105,東京都,文京区,本駒込,白山(東京),9,37000000,１ＤＫ,40,2002年,ＲＣ,住宅,,近隣商業,80.0,400.0,2021年第2四半期,未改装,,文京区,2021,2,2002.0,19.0,9.0,925000.0,240069,353648,147.31098
中古マンション等,不動産取引価格情報,13105,東京都,文京区,本駒込,白山(東京),0,79000000,１ＬＤＫ,70,2009年,ＲＣ,住宅,住宅,２種住居,60.0,300.0,2021年第1四半期,未改装,,文京区,2021,1,2009.0,12.0,0.0,1128571.4285714286,240069,353648,147.31098
中古マンション等,不動産取引価格情報,13105,東京都,文京区,本駒込,本駒込,3,120000000,,90,2004年,ＲＣ,住宅,,１中住専,60.0,200.0,2025年第2四半期,,,文京区,2025,2,2004.0,21.0,3.0,1333333.3333333333,240069,353648,147.31098
中古マンション等,不動産取引価格情報,13105,東京都,文京区,本駒込,本駒込,4,120000000,３ＬＤＫ,60,2014年,ＲＣ,,住宅,商業,80.0,600.0,2025年第1四半期,未改装,,文京区,2025,1,2014.0,11.0,4.0,2000000.0,240069,353648,147.31098
中古マンション等,不動産取引価格情報,13105,東京都,文京区,本駒込,本駒込,5,65000000,１ＬＤＫ,40,2014年,ＲＣ,住宅,住宅,商業,80.0,400.0,2025年第1四半期,未改装,,文京区,2025,1,2014.0,11.0,5.0,1625000.0,240069,353648,147.31098
中古マンション等,不動産取引価格情報,13105,東京都,文京区,本駒込,本駒込,1,21000000,,20,2000年,ＳＲＣ,住宅,住宅,商業,80.0,600.0,2025年第1四半期,,,文京区,2025,1,2000.0,25.0,1.0,1050000.0,240069,353648,147.31098
中古マンション等,不動産取引価格情報,13105,東京都,文京区,本駒込,本駒込,5,49000000,１ＬＤＫ,50,1996年,ＳＲＣ,住宅,その他,商業,80.0,600.0,2024年第4四半期,未改装,,文京区,2024,4,1996.0,28.0,5.0,980000.0,240069,353648,147.31098
中古マンション等,不動産取引価格情報,13105,東京都,文京区,本駒込,本駒込,5,53000000,,50,2007年,ＲＣ,住宅,その他,商業,80.0,600.0,2024年第4四半期,,,文京区,2024,4,2007.0,17.0,5.0,1060000.0,240069,353648,147.31098
中古マンション等,不動産取引価格情報,13105,東京都,文京区,本駒込,本駒込,7,92000000,２ＬＤＫ,90,1987年,ＲＣ,住宅,,１中住専,60.0,200.0,2024年第4四半期,未改装,,文京区,2024,4,1987.0,37.0,7.0,1022222.2222222222,240069,353648,147.31098
中古マンション等,不動産取引価格情報,13105,東京都,文京区,本駒込,本駒込,12,35000000,１ＬＤＫ,35,2012年,ＲＣ,住宅,住宅,１種住居,60.0,300.0,2024年第3四半期,未改装,,文京区,2024,3,2012.0,12.0,12.0,1000000.0,240069,353648,147.31098
中古マンション等,不動産取引価格情報,13105,東京都,文京区,本駒込,本駒込,1,67000000,１ＬＤＫ＋Ｓ,50,2008年,ＲＣ,住宅,住宅,商業,80.0,600.0,2024年第3四半期,未改装,,文京区,2024,3,2008.0,16.0,1.0,1340000.0,240069,353648,147.31098
中古マンション等,不動産取引価格情報,13105,東京都,文京区,本駒込,本駒込,0,140000000,３ＬＤＫ,100,1997年,ＳＲＣ,住宅,住宅,商業,80.0,600.0,2024年第3四半期,未改装,,文京区,2024,3,1997.0,27.0,0.0,1400000.0,240069,353648,147.31098
中古マンション等,不動産取引価格情報,13105,東京都,文京区,本駒込,本駒込,1,17000000,１Ｒ,15,1993年,ＳＲＣ,住宅,事務所,商業,80.0,600.0,2024年第2四半期,改装済み,,文京区,2024,2,1993.0,31.0,1.0,1133333.3333333333,240069,353648,147.31098
中古マンション等,不動産取引価格情報,13105,東京都,文京区,本駒込,本駒込,2,40000000,１Ｋ,25,2018年,ＲＣ,住宅,住宅,商業,80.0,600.0,2024年第2四半期,未改装,,文京区,2024,2,2018.0,6.0,2.0,1600000.0,240069,353648,147.31098
中古マンション等,不動産取引価格情報,13105,東京都,文京区,本駒込,本駒込,0,89000000,３ＬＤＫ,75,1997年,ＳＲＣ,住宅,住宅,商業,80.0,600.0,2024年第2四半期,改装済み,,文京区,2024,2,1997.0,27.0,0.0,1186666.6666666667,240069,353648,147.31098
中古マンション等,不動産取引価格情報,13105,東京都,文京区,本駒込,本駒込,4,18000000,１Ｋ,25,1988年,ＳＲＣ,住宅,その他,商業,80.0,600.0,2024年第1四半期,,,文京区,2024,1,1988.0,36.0,4.0,720000.0,240069,353648,147.31098
中古マンション等,不動産取引価格情報,13105,東京都,文京区,本駒込,本駒込,3,33000000,１ＬＤＫ,50,2000年,ＳＲＣ,住宅,,商業,80.0,600.0,2024年第1四半期,未改装,,文京区,2024,1,2000.0,24.0,3.0,660000.0,240069,353648,147.31098
中古マンション等,不動産取引価格情報,13105,東京都,文京区,本駒込,本駒込,5,27000000,１Ｋ,20,2007年,ＲＣ,住宅,住宅,商業,80.0,600.0,2024年第1四半期,未改装,,文京区,2024,1,2007.0,17.0,5.0,1350000.0,240069,353648,147.31098
中古マンション等,不動産取引価格情報,13105,東京都,文京区,本駒込,本駒込,7,65000000,２ＬＤＫ,70,1991年,ＳＲＣ,住宅,住宅,商業,80.0,600.0,2023年第4四半期,未改装,,文京区,2023,4,1991.0,32.0,7.0,928571.4285714285,240069,353648,147.31098
中古マンション等,不動産取引価格情報,13105,東京都,文京区,本駒込,本駒込,1,23000000,１Ｋ,20,2008年,ＲＣ,住宅,住宅,商業,80.0,600.0,2023年第3四半期,未改装,,文京区,2023,3,2008.0,15.0,1.0,1150000.0,240069,353648,147.31098
中古マンション等,不動産取引価格情報,13105,東京都,文京区,本駒込,本駒込,5,23000000,１Ｋ,20,2007年,ＲＣ,住宅,住宅,商業,80.0,600.0,2023年第3四半期,,,文京区,2023,3,2007.0,16.0,5.0,1150000.0,240069,353648,147.31098
中古マンション等,不動産取引価格情報,13105,東京都,文京区,本駒込,本駒込,1,85000000,３ＬＤＫ,70,2001年,ＳＲＣ,住宅,住宅,商業,80.0,600.0,2023年第3四半期,未改装,,文京区,2023,3,2001.0,22.0,1.0,1214285.7142857143,240069,353648,147.31098
中古マンション等,不動産取引価格情報,13105,東京都,文京区,本駒込,本駒込,4,18000000,,20,2004年,ＳＲＣ,住宅,住宅,商業,80.0,600.0,2023年第3四半期,,,文京区,2023,3,2004.0,19.0,4.0,900000.0,240069,353648,147.31098
中古マンション等,不動産取引価格情報,13105,東京都,文京区,本駒込,本駒込,5,24000000,１Ｋ,20,2007年,ＲＣ,住宅,住宅,商業,80.0,600.0,2023年第2四半期,未改装,,文京区,2023,2,2007.0,16.0,5.0,1200000.0,240069,353648,147.31098
中古マンション等,不動産取引価格情報,13105,東京都,文京区,本駒込,本駒込,10,64000000,１ＬＤＫ,55,2007年,ＲＣ,住宅,住宅,１種住居,60.0,300.0,2023年第2四半期,未改装,,文京区,2023,2,2007.0,16.0,10.0,1163636.3636363635,240069,353648,147.31098
中古マンション等,不動産取引価格情報,13105,東京都,文京区,本駒込,本駒込,4,21000000,１Ｋ,20,2004年,ＳＲＣ,住宅,住宅,商業,80.0,600.0,2023年第1四半期,,,文京区,2023,1,2004.0,19.0,4.0,1050000.0,240069,353648,147.31098
中古マンション等,不動産取引価格情報,13105,東京都,文京区,本駒込,本駒込,2,32000000,１Ｋ,25,2018年,ＲＣ,住宅,住宅,商業,80.0,600.0,2023年第1四半期,改装済み,,文京区,2023,1,2018.0,5.0,2.0,1280000.0,240069,353648,147.31098
中古マンション等,不動産取引価格情報,13105,東京都,文京区,本駒込,本駒込,2,47000000,１ＬＤＫ,35,2008年,ＲＣ,住宅,住宅,商業,80.0,600.0,2023年第1四半期,改装済み,,文京区,2023,1,2008.0,15.0,2.0,1342857.142857143,240069,353648,147.31098
中古マンション等,不動産取引価格情報,13105,東京都,文京区,本駒込,本駒込,2,90000000,２ＬＤＫ,55,2018年,ＲＣ,住宅,住宅,商業,80.0,600.0,2023年第1四半期,未改装,,文京区,2023,1,2018.0,5.0,2.0,1636363.6363636365,240069,353648,147.31098
中古マンション等,不動産取引価格情報,13105,東京都,文京区,本駒込,本駒込,7,79000000,３ＬＤＫ,60,1982年,ＳＲＣ,住宅,住宅,商業,80.0,600.0,2023年第1四半期,改装済み,,文京区,2023,1,1982.0,41.0,7.0,1316666.6666666667,240069,353648,147.31098
中古マンション等,不動産取引価格情報,13105,東京都,文京区,本駒込,本駒込,1,9000000,,15,1993年,ＳＲＣ,,住宅,商業,80.0,600.0,2022年第4四半期,未改装,,文京区,2022,4,1993.0,29.0,1.0,600000.0,240069,353648,147.31098
中古マンション等,不動産取引価格情報,13105,東京都,文京区,本駒込,本駒込,12,39000000,１ＬＤＫ,35,2012年,ＲＣ,住宅,住宅,１種住居,60.0,300.0,2022年第4四半期,未改装,,文京区,2022,4,2012.0,10.0,12.0,1114285.7142857143,240069,353648,147.31098
中古マンション等,不動産取引価格情報,13105,東京都,文京区,本駒込,本駒込,8,200000000,３ＬＤＫ,155,1990年,ＳＲＣ,住宅,,商業,80.0,600.0,2022年第4四半期,改装済み,,文京区,2022,4,1990.0,32.0,8.0,1290322.5806451612,240069,353648,147.31098
中古マンション等,不動産取引価格情報,13105,東京都,文京区,本駒込,本駒込,12,47000000,１ＬＤＫ,35,2012年,ＲＣ,住宅,住宅,１種住居,60.0,300.0,2022年第4四半期,未改装,,文京区,2022,4,2012.0,10.0,12.0,1342857.142857143,240069,353648,147.31098
中古マンション等,不動産取引価格情報,13105,東京都,文京区,本駒込,本駒込,9,140000000,３ＬＤＫ,110,1993年,ＳＲＣ,住宅,住宅,商業,80.0,600.0,2022年第4四半期,改装済み,,文京区,2022,4,1993.0,29.0,9.0,1272727.2727272727,240069,353648,147.31098
中古マンション等,不動産取引価格情報,13105,東京都,文京区,本駒込,本駒込,9,140000000,３ＬＤＫ,110,1993年,ＳＲＣ,住宅,住宅,商業,80.0,600.0,2022年第4四半期,改装済み,,文京区,2022,4,1993.0,29.0,9.0,1272727.2727272727,240069,353648,147.31098
中古マンション等,不動産取引価格情報,13105,東京都,文京区,本駒込,本駒込,1,15000000,１Ｋ,15,1993年,ＳＲＣ,住宅,住宅,商業,80.0,600.0,2022年第4四半期,,,文京区,2022,4,1993.0,29.0,1.0,1000000.0,240069,353648,147.31098
中古マンション等,不動産取引価格情報,13105,東京都,文京区,本駒込,本駒込,1,69000000,,50,2015年,ＲＣ,住宅,住宅,商業,80.0,600.0,2022年第4四半期,未改装,,文京区,2022,4,2015.0,7.0,1.0,1380000.0,240069,353648,147.31098
中古マンション等,不動産取引価格情報,13105,東京都,文京区,本駒込,本駒込,1,1500000,１Ｋ,20,1993年,ＳＲＣ,住宅,住宅,商業,80.0,600.0,2022年第4四半期,,,文京区,2022,4,1993.0,29.0,1.0,75000.0,240069,353648,147.31098
中古マンション等,不動産取引価格情報,13105,東京都,文京区,本駒込,本駒込,4,80000000,３ＬＤＫ,60,2014年,ＲＣ,住宅,住宅,商業,80.0,600.0,2022年第3四半期,未改装,,文京区,2022,3,2014.0,8.0,4.0,1333333.3333333333,240069,353648,147.31098
中古マンション等,不動産取引価格情報,13105,東京都,文京区,本駒込,本駒込,1,15000000,１Ｋ,15,1993年,ＳＲＣ,住宅,住宅,商業,80.0,600.0,2022年第3四半期,未改装,,文京区,2022,3,1993.0,29.0,1.0,1000000.0,240069,353648,147.31098
中古マンション等,不動産取引価格情報,13105,東京都,文京区,本駒込,本駒込,1,8100000,１Ｋ,20,1993年,ＳＲＣ,,事務所,商業,80.0,600.0,2022年第3四半期,未改装,関係者間取引,文京区,2022,3,1993.0,29.0,1.0,405000.0,240069,353648,147.31098
中古マンション等,不動産取引価格情報,13105,東京都,文京区,本駒込,本駒込,8,16000000,１Ｋ,15,2004年,ＲＣ,住宅,住宅,近隣商業,80.0,400.0,2022年第3四半期,,,文京区,2022,3,2004.0,18.0,8.0,1066666.6666666667,240069,353648,147.31098
中古マンション等,不動産取引価格情報,13105,東京都,文京区,本駒込,本駒込,0,68000000,１ＬＤＫ,50,2004年,ＳＲＣ,住宅,住宅,商業,80.0,600.0,2022年第3四半期,未改装,,文京区,2022,3,2004.0,18.0,0.0,1360000.0,240069,353648,147.31098
中古マンション等,不動産取引価格情報,13105,東京都,文京区,本駒込,本駒込,5,24000000,１Ｋ,20,2007年,ＲＣ,住宅,住宅,商業,80.0,600.0,2022年第3四半期,未改装,,文京区,2022,3,2007.0,15.0,5.0,1200000.0,240069,353648,147.31098
中古マンション等,不動産取引価格情報,13105,東京都,文京区,本駒込,本駒込,1,27000000,１Ｋ,20,2008年,ＲＣ,住宅,住宅,商業,80.0,600.0,2022年第2四半期,未改装,,文京区,2022,2,2008.0,14.0,1.0,1350000.0,240069,353648,147.31098
中古マンション等,不動産取引価格情報,13105,東京都,文京区,本駒込,本駒込,7,30000000,１ＬＤＫ,40,1982年,ＳＲＣ,住宅,住宅,商業,80.0,600.0,2022年第2四半期,,,文京区,2022,2,1982.0,40.0,7.0,750000.0,240069,353648,147.31098
中古マンション等,不動産取引価格情報,13105,東京都,文京区,本駒込,本駒込,1,16000000,１Ｒ,20,1993年,ＳＲＣ,住宅,住宅,商業,80.0,600.0,2022年第2四半期,,,文京区,2022,2,1993.0,29.0,1.0,800000.0,240069,353648,147.31098
中古マンション等,不動産取引価格情報,13105,東京都,文京区,本駒込,本駒込,2,31000000,１Ｋ,30,2008年,ＲＣ,住宅,住宅,商業,80.0,600.0,2022年第2四半期,未改装,,文京区,2022,2,2008.0,14.0,2.0,1033333.3333333334,240069,353648,147.31098
中古マンション等,不動産取引価格情報,13105,東京都,文京区,本駒込,本駒込,1,19000000,１Ｋ,20,2000年,ＳＲＣ,住宅,その他,商業,80.0,600.0,2022年第2四半期,改装済み,,文京区,2022,2,2000.0,22.0,1.0,950000.0,240069,353648,147.31098
中古マンション等,不動産取引価格情報,13105,東京都,文京区,本駒込,本駒込,3,87000000,３ＬＤＫ,65,2000年,ＳＲＣ,住宅,住宅,商業,80.0,600.0,2022年第2四半期,改装済み,,文京区,2022,2,2000.0,22.0,3.0,1338461.5384615385,240069,353648,147.31098
中古マンション等,不動産取引価格情報,13105,東京都,文京区,本駒込,本駒込,5,40000000,２ＬＤＫ,50,1996年,ＳＲＣ,住宅,その他,商業,80.0,600.0,2022年第1四半期,未改装,,文京区,2022,1,1996.0,26.0,5.0,800000.0,240069,353648,147.31098
中古マンション等,不動産取引価格情報,13105,東京都,文京区,本駒込,本駒込,5,26000000,１Ｋ,20,2007年,ＲＣ,住宅,住宅,商業,80.0,600.0,2022年第1四半期,未改装,,文京区,2022,1,2007.0,15.0,5.0,1300000.0,240069,353648,147.31098
中古マンション等,不動産取引価格情報,13105,東京都,文京区,本駒込,本駒込,2,37000000,１Ｋ,25,2018年,ＲＣ,住宅,住宅,商業,80.0,600.0,2021年第4四半期,未改装,,文京区,2021,4,2018.0,3.0,2.0,1480000.0,240069,353648,147.31098
中古マンション等,不動産取引価格情報,13105,東京都,文京区,本駒込,本駒込,1,16000000,１Ｋ,15,1993年,ＳＲＣ,住宅,住宅,商業,80.0,600.0,2021年第4四半期,未改装,,文京区,2021,4,1993.0,28.0,1.0,1066666.6666666667,240069,353648,147.31098
中古マンション等,不動産取引価格情報,13105,東京都,文京区,本駒込,本駒込,3,13000000,１Ｋ,20,1988年,ＳＲＣ,住宅,住宅,商業,80.0,600.0,2021年第3四半期,未改装,,文京区,2021,3,1988.0,33.0,3.0,650000.0,240069,353648,147.31098
中古マンション等,不動産取引価格情報,13105,東京都,文京区,本駒込,本駒込,2,36000000,１Ｋ,25,2018年,ＲＣ,住宅,住宅,商業,80.0,600.0,2021年第3四半期,未改装,,文京区,2021,3,2018.0,3.0,2.0,1440000.0,240069,353648,147.31098
中古マンション等,不動産取引価格情報,13105,東京都,文京区,本駒込,本駒込,4,47000000,１ＬＤＫ,35,2014年,ＲＣ,住宅,住宅,商業,80.0,600.0,2021年第3四半期,未改装,,文京区,2021,3,2014.0,7.0,4.0,1342857.142857143,240069,353648,147.31098
中古マンション等,不動産取引価格情報,13105,東京都,文京区,本駒込,本駒込,5,61000000,３ＬＤＫ,70,1986年,ＲＣ,住宅,住宅,１中住専,60.0,200.0,2021年第3四半期,未改装,,文京区,2021,3,1986.0,35.0,5.0,871428.5714285715,240069,353648,147.31098
中古マンション等,不動産取引価格情報,13105,東京都,文京区,本駒込,本駒込,7,39000000,１ＬＤＫ,45,1982年,ＳＲＣ,住宅,住宅,商業,80.0,600.0,2021年第3四半期,改装済み,,文京区,2021,3,1982.0,39.0,7.0,866666.6666666666,240069,353648,147.31098
中古マンション等,不動産取引価格情報,13105,東京都,文京区,本駒込,本駒込,3,55000000,２ＬＤＫ,55,2000年,ＳＲＣ,住宅,住宅,商業,80.0,600.0,2021年第3四半期,未改装,,文京区,2021,3,2000.0,21.0,3.0,1000000.0,240069,353648,147.31098
中古マンション等,不動産取引価格情報,13105,東京都,文京区,本駒込,本駒込,7,15000000,２ＤＫ,45,1982年,ＳＲＣ,住宅,住宅,商業,80.0,600.0,2021年第2四半期,未改装,,文京区,2021,2,1982.0,39.0,7.0,333333.3333333333,240069,353648,147.31098
中古マンション等,不動産取引価格情報,13105,東京都,文京区,本駒込,本駒込,5,26000000,１Ｋ,20,2007年,ＲＣ,住宅,その他,商業,80.0,600.0,2021年第2四半期,未改装,,文京区,2021,2,2007.0,14.0,5.0,1300000.0,240069,353648,147.31098
中古マンション等,不動産取引価格情報,13105,東京都,文京区,本駒込,本駒込,1,41000000,１ＤＫ,35,2008年,ＲＣ,住宅,住宅,商業,80.0,600.0,2021年第2四半期,未改装,,文京区,2021,2,2008.0,13.0,1.0,1171428.5714285714,240069,353648,147.31098
中古マンション等,不動産取引価格情報,13105,東京都,文京区,本駒込,本駒込,4,23000000,１Ｋ,20,2004年,ＳＲＣ,住宅,住宅,商業,80.0,600.0,2021年第2四半期,,,文京区,2021,2,2004.0,17.0,4.0,1150000.0,240069,353648,147.31098
中古マンション等,不動産取引価格情報,13105,東京都,文京区,本駒込,本駒込,7,60000000,２ＬＤＫ,70,1991年,ＳＲＣ,住宅,住宅,商業,80.0,600.0,2021年第2四半期,改装済み,,文京区,2021,2,1991.0,30.0,7.0,857142.8571428572,240069,353648,147.31098
中古マンション等,不動産取引価格情報,13105,東京都,文京区,本駒込,本駒込,1,25000000,１Ｋ,20,2008年,ＲＣ,住宅,住宅,商業,80.0,600.0,2021年第2四半期,未改装,,文京区,2021,2,2008.0,13.0,1.0,1250000.0,240069,353648,147.31098
中古マンション等,不動産取引価格情報,13105,東京都,文京区,本駒込,本駒込,2,37000000,１Ｋ,25,2018年,ＲＣ,住宅,その他,商業,80.0,600.0,2021年第2四半期,未改装,,文京区,2021,2,2018.0,3.0,2.0,1480000.0,240069,353648,147.31098
中古マンション等,不動産取引価格情報,13105,東京都,文京区,本駒込,本駒込,5,80000000,２ＬＤＫ,80,1986年,ＲＣ,住宅,住宅,１中住専,60.0,200.0,2021年第1四半期,改装済み,,文京区,2021,1,1986.0,35.0,5.0,1000000.0,240069,353648,147.31098
中古マンション等,不動産取引価格情報,13105,東京都,文京区,本駒込,本駒込,7,110000000,３ＬＤＫ,135,1987年,ＲＣ,住宅,住宅,１中住専,60.0,200.0,2021年第1四半期,未改装,,文京区,2021,1,1987.0,34.0,7.0,814814.8148148148,240069,353648,147.31098
中古マンション等,不動産取引価格情報,13105,東京都,文京区,本駒込,本駒込,1,23000000,１Ｋ,20,2000年,ＳＲＣ,住宅,住宅,商業,80.0,600.0,2021年第1四半期,未改装,,文京区,2021,1,2000.0,21.0,1.0,1150000.0,240069,353648,147.31098
中古マンション等,不動産取引価格情報,13105,東京都,文京区,本駒込,本駒込,3,65000000,２ＬＤＫ,55,2013年,ＲＣ,住宅,住宅,商業,80.0,600.0,2021年第1四半期,未改装,,文京区,2021,1,2013.0,8.0,3.0,1181818.1818181819,240069,353648,147.31098
中古マンション等,不動産取引価格情報,13105,東京都,文京区,向丘,東大前,1,90000000,１ＬＤＫ,55,2003年,ＳＲＣ,住宅,住宅,商業,80.0,600.0,2025年第4四半期,改装済み,,文京区,2025,4,2003.0,22.0,1.0,1636363.6363636365,240069,353648,147.31098
中古マンション等,不動産取引価格情報,13105,東京都,文京区,向丘,東大前,2,140000000,３ＬＤＫ,60,2017年,ＲＣ,住宅,住宅,商業,80.0,600.0,2025年第4四半期,改装済み,,文京区,2025,4,2017.0,8.0,2.0,2333333.3333333335,240069,353648,147.31098
中古マンション等,不動産取引価格情報,13105,東京都,文京区,向丘,東大前,3,110000000,３ＬＤＫ,70,1994年,ＳＲＣ,住宅,住宅,商業,80.0,600.0,2025年第4四半期,未改装,,文京区,2025,4,1994.0,31.0,3.0,1571428.5714285714,240069,353648,147.31098
中古マンション等,不動産取引価格情報,13105,東京都,文京区,向丘,東大前,4,110000000,１ＬＤＫ,50,2012年,ＲＣ,住宅,住宅,近隣商業,80.0,400.0,2025年第3四半期,改装済み,,文京区,2025,3,2012.0,13.0,4.0,2200000.0,240069,353648,147.31098
中古マンション等,不動産取引価格情報,13105,東京都,文京区,向丘,東大前,5,38000000,１Ｋ,25,2018年,ＲＣ,,,近隣商業,80.0,400.0,2025年第2四半期,,,文京区,2025,2,2018.0,7.0,5.0,1520000.0,240069,353648,147.31098
中古マンション等,不動産取引価格情報,13105,東京都,文京区,向丘,東大前,4,100000000,３ＬＤＫ,60,2000年,ＳＲＣ,住宅,住宅,商業,80.0,600.0,2025年第1四半期,,,文京区,2025,1,2000.0,25.0,4.0,1666666.6666666667,240069,353648,147.31098
中古マンション等,不動産取引価格情報,13105,東京都,文京区,向丘,東大前,4,13000000,１Ｋ,15,1992年,ＳＲＣ,住宅,住宅,商業,80.0,600.0,2025年第1四半期,未改装,,文京区,2025,1,1992.0,33.0,4.0,866666.6666666666,240069,353648,147.31098
中古マンション等,不動産取引価格情報,13105,東京都,文京区,向丘,東大前,2,19000000,１Ｒ,15,1997年,ＲＣ,住宅,住宅,１中住専,60.0,200.0,2025年第1四半期,未改装,,文京区,2025,1,1997.0,28.0,2.0,1266666.6666666667,240069,353648,147.31098
中古マンション等,不動産取引価格情報,13105,東京都,文京区,向丘,東大前,5,36000000,１Ｋ,25,2018年,ＲＣ,住宅,住宅,近隣商業,80.0,400.0,2025年第1四半期,未改装,,文京区,2025,1,2018.0,7.0,5.0,1440000.0,240069,353648,147.31098
中古マンション等,不動産取引価格情報,13105,東京都,文京区,向丘,東大前,2,110000000,３ＬＤＫ,60,2017年,ＲＣ,住宅,住宅,商業,80.0,600.0,2025年第1四半期,未改装,,文京区,2025,1,2017.0,8.0,2.0,1833333.3333333333,240069,353648,147.31098
中古マンション等,不動産取引価格情報,13105,東京都,文京区,向丘,東大前,5,38000000,,40,2018年,ＲＣ,住宅,住宅,近隣商業,80.0,400.0,2024年第4四半期,未改装,,文京区,2024,4,2018.0,6.0,5.0,950000.0,240069,353648,147.31098
中古マンション等,不動産取引価格情報,13105,東京都,文京区,向丘,東大前,2,59000000,２ＬＤＫ,65,1978年,ＳＲＣ,住宅,住宅,商業,80.0,600.0,2024年第2四半期,未改装,,文京区,2024,2,1978.0,46.0,2.0,907692.3076923077,240069,353648,147.31098
中古マンション等,不動産取引価格情報,13105,東京都,文京区,向丘,東大前,4,94000000,２ＬＤＫ,50,2012年,ＲＣ,,住宅,近隣商業,80.0,400.0,2024年第2四半期,,,文京区,2024,2,2012.0,12.0,4.0,1880000.0,240069,353648,147.31098
中古マンション等,不動産取引価格情報,13105,東京都,文京区,向丘,東大前,4,65000000,２ＬＤＫ,50,2000年,ＳＲＣ,住宅,住宅,商業,80.0,600.0,2024年第2四半期,改装済み,,文京区,2024,2,2000.0,24.0,4.0,1300000.0,240069,353648,147.31098
中古マンション等,不動産取引価格情報,13105,東京都,文京区,向丘,東大前,5,37000000,,25,2018年,ＲＣ,住宅,住宅,近隣商業,80.0,400.0,2024年第1四半期,未改装,,文京区,2024,1,2018.0,6.0,5.0,1480000.0,240069,353648,147.31098
中古マンション等,不動産取引価格情報,13105,東京都,文京区,向丘,東大前,1,94000000,３ＬＤＫ,85,1975年,ＳＲＣ,住宅,住宅,商業,80.0,600.0,2024年第1四半期,未改装,,文京区,2024,1,1975.0,49.0,1.0,1105882.3529411764,240069,353648,147.31098
中古マンション等,不動産取引価格情報,13105,東京都,文京区,向丘,東大前,4,130000000,３ＬＤＫ,70,2012年,ＲＣ,住宅,住宅,近隣商業,80.0,400.0,2023年第4四半期,未改装,,文京区,2023,4,2012.0,11.0,4.0,1857142.857142857,240069,353648,147.31098
中古マンション等,不動産取引価格情報,13105,東京都,文京区,向丘,東大前,1,120000000,４ＬＤＫ,130,1975年,ＳＲＣ,住宅,住宅,商業,80.0,600.0,2023年第4四半期,,,文京区,2023,4,1975.0,48.0,1.0,923076.9230769231,240069,353648,147.31098
中古マンション等,不動産取引価格情報,13105,東京都,文京区,向丘,東大前,5,38000000,１ＬＤＫ,25,2018年,ＲＣ,住宅,住宅,近隣商業,80.0,400.0,2023年第4四半期,未改装,,文京区,2023,4,2018.0,5.0,5.0,1520000.0,240069,353648,147.31098
中古マンション等,不動産取引価格情報,13105,東京都,文京区,向丘,東大前,4,24000000,１Ｋ,25,2012年,ＲＣ,住宅,住宅,商業,80.0,600.0,2023年第3四半期,未改装,,文京区,2023,3,2012.0,11.0,4.0,960000.0,240069,353648,147.31098
中古マンション等,不動産取引価格情報,13105,東京都,文京区,向丘,東大前,4,50000000,,50,2000年,ＳＲＣ,住宅,住宅,商業,80.0,600.0,2023年第3四半期,,,文京区,2023,3,2000.0,23.0,4.0,1000000.0,240069,353648,147.31098
中古マンション等,不動産取引価格情報,13105,東京都,文京区,向丘,東大前,5,30000000,１Ｋ,25,2018年,ＲＣ,住宅,住宅,近隣商業,80.0,400.0,2023年第3四半期,,,文京区,2023,3,2018.0,5.0,5.0,1200000.0,240069,353648,147.31098
中古マンション等,不動産取引価格情報,13105,東京都,文京区,向丘,東大前,2,19000000,１Ｋ,15,1997年,ＲＣ,住宅,住宅,１中住専,60.0,200.0,2023年第2四半期,未改装,,文京区,2023,2,1997.0,26.0,2.0,1266666.6666666667,240069,353648,147.31098
中古マンション等,不動産取引価格情報,13105,東京都,文京区,向丘,東大前,1,87000000,３ＬＤＫ,85,1975年,ＳＲＣ,住宅,住宅,商業,80.0,600.0,2022年第4四半期,未改装,,文京区,2022,4,1975.0,47.0,1.0,1023529.4117647059,240069,353648,147.31098
中古マンション等,不動産取引価格情報,13105,東京都,文京区,向丘,東大前,1,67000000,３ＬＤＫ,60,1975年,ＳＲＣ,住宅,住宅,商業,80.0,600.0,2022年第4四半期,未改装,,文京区,2022,4,1975.0,47.0,1.0,1116666.6666666667,240069,353648,147.31098
中古マンション等,不動産取引価格情報,13105,東京都,文京区,向丘,東大前,2,95000000,３ＬＤＫ,65,2017年,ＲＣ,住宅,住宅,商業,80.0,600.0,2022年第3四半期,未改装,,文京区,2022,3,2017.0,5.0,2.0,1461538.4615384615,240069,353648,147.31098
中古マンション等,不動産取引価格情報,13105,東京都,文京区,向丘,東大前,4,12000000,１ＤＫ,15,1992年,ＳＲＣ,住宅,住宅,商業,80.0,600.0,2022年第2四半期,,,文京区,2022,2,1992.0,30.0,4.0,800000.0,240069,353648,147.31098
中古マンション等,不動産取引価格情報,13105,東京都,文京区,向丘,東大前,2,26000000,１Ｋ,20,1997年,ＲＣ,住宅,住宅,１中住専,60.0,200.0,2022年第1四半期,未改装,,文京区,2022,1,1997.0,25.0,2.0,1300000.0,240069,353648,147.31098
中古マンション等,不動産取引価格情報,13105,東京都,文京区,向丘,東大前,2,70000000,２ＤＫ,50,1998年,ＳＲＣ,住宅,住宅,商業,80.0,600.0,2022年第1四半期,未改装,,文京区,2022,1,1998.0,24.0,2.0,1400000.0,240069,353648,147.31098
中古マンション等,不動産取引価格情報,13105,東京都,文京区,向丘,東大前,5,35000000,１Ｋ,25,2018年,ＲＣ,住宅,住宅,近隣商業,80.0,400.0,2022年第1四半期,未改装,,文京区,2022,1,2018.0,4.0,5.0,1400000.0,240069,353648,147.31098
中古マンション等,不動産取引価格情報,13105,東京都,文京区,向丘,東大前,4,33000000,１Ｋ,25,2018年,ＲＣ,住宅,住宅,近隣商業,80.0,400.0,2021年第4四半期,,,文京区,2021,4,2018.0,3.0,4.0,1320000.0,240069,353648,147.31098
中古マンション等,不動産取引価格情報,13105,東京都,文京区,向丘,東大前,4,70000000,３ＬＤＫ,60,2000年,ＳＲＣ,住宅,住宅,商業,80.0,600.0,2021年第4四半期,改装済み,,文京区,2021,4,2000.0,21.0,4.0,1166666.6666666667,240069,353648,147.31098
中古マンション等,不動産取引価格情報,13105,東京都,文京区,向丘,東大前,4,93000000,３ＬＤＫ,65,2010年,ＲＣ,住宅,住宅,近隣商業,80.0,400.0,2021年第3四半期,未改装,,文京区,2021,3,2010.0,11.0,4.0,1430769.2307692308,240069,353648,147.31098
中古マンション等,不動産取引価格情報,13105,東京都,文京区,向丘,東大前,1,80000000,３ＬＤＫ,65,1975年,ＳＲＣ,住宅,住宅,商業,80.0,600.0,2021年第1四半期,改装済み,,文京区,2021,1,1975.0,46.0,1.0,1230769.2307692308,240069,353648,147.31098
中古マンション等,不動産取引価格情報,13105,東京都,文京区,向丘,白山(東京),5,20000000,１Ｋ,15,2004年,ＲＣ,住宅,住宅,近隣商業,80.0,400.0,2024年第3四半期,未改装,,文京区,2024,3,2004.0,20.0,5.0,1333333.3333333333,240069,353648,147.31098
中古マンション等,不動産取引価格情報,13105,東京都,文京区,向丘,白山(東京),6,80000000,２ＬＤＫ,60,2003年,ＲＣ,住宅,住宅,商業,80.0,600.0,2023年第1四半期,,,文京区,2023,1,2003.0,20.0,6.0,1333333.3333333333,240069,353648,147.31098
中古マンション等,不動産取引価格情報,13105,東京都,文京区,向丘,白山(東京),2,66000000,２ＬＤＫ,50,1995年,ＳＲＣ,住宅,住宅,商業,80.0,600.0,2022年第4四半期,改装済み,,文京区,2022,4,1995.0,27.0,2.0,1320000.0,240069,353648,147.31098
中古マンション等,不動産取引価格情報,13105,東京都,文京区,向丘,白山(東京),6,74000000,２ＬＤＫ,60,2003年,ＲＣ,住宅,住宅,商業,80.0,600.0,2022年第4四半期,未改装,,文京区,2022,4,2003.0,19.0,6.0,1233333.3333333333,240069,353648,147.31098
中古マンション等,不動産取引価格情報,13105,東京都,文京区,向丘,白山(東京),2,65000000,３ＬＤＫ,60,1995年,ＳＲＣ,住宅,住宅,商業,80.0,600.0,2022年第4四半期,改装済み,,文京区,2022,4,1995.0,27.0,2.0,1083333.3333333333,240069,353648,147.31098
中古マンション等,不動産取引価格情報,13105,東京都,文京区,向丘,白山(東京),2,52000000,２ＬＤＫ,50,1995年,ＳＲＣ,住宅,住宅,商業,80.0,600.0,2022年第2四半期,未改装,,文京区,2022,2,1995.0,27.0,2.0,1040000.0,240069,353648,147.31098
中古マンション等,不動産取引価格情報,13105,東京都,文京区,向丘,白山(東京),5,17000000,１Ｋ,20,2004年,ＲＣ,住宅,,近隣商業,80.0,400.0,2021年第2四半期,未改装,,文京区,2021,2,2004.0,17.0,5.0,850000.0,240069,353648,147.31098
中古マンション等,不動産取引価格情報,13105,東京都,文京区,向丘,本駒込,1,26000000,１Ｋ,20,2004年,ＳＲＣ,住宅,,商業,80.0,600.0,2025年第4四半期,,,文京区,2025,4,2004.0,21.0,1.0,1300000.0,240069,353648,147.31098
中古マンション等,不動産取引価格情報,13105,東京都,文京区,向丘,本駒込,1,25000000,１Ｋ,20,2004年,ＳＲＣ,住宅,住宅,商業,80.0,600.0,2025年第3四半期,未改装,,文京区,2025,3,2004.0,21.0,1.0,1250000.0,240069,353648,147.31098
中古マンション等,不動産取引価格情報,13105,東京都,文京区,向丘,本駒込,2,18000000,１Ｋ,20,1995年,ＳＲＣ,住宅,住宅,商業,80.0,600.0,2025年第1四半期,未改装,,文京区,2025,1,1995.0,30.0,2.0,900000.0,240069,353648,147.31098
中古マンション等,不動産取引価格情報,13105,東京都,文京区,向丘,本駒込,3,49000000,１ＬＤＫ,40,1999年,ＳＲＣ,住宅,住宅,商業,80.0,600.0,2025年第1四半期,未改装,,文京区,2025,1,1999.0,26.0,3.0,1225000.0,240069,353648,147.31098
中古マンション等,不動産取引価格情報,13105,東京都,文京区,向丘,本駒込,1,25000000,１Ｋ,20,2004年,ＳＲＣ,住宅,住宅,商業,80.0,600.0,2025年第1四半期,改装済み,,文京区,2025,1,2004.0,21.0,1.0,1250000.0,240069,353648,147.31098
中古マンション等,不動産取引価格情報,13105,東京都,文京区,向丘,本駒込,2,88000000,３ＬＤＫ,70,2005年,ＳＲＣ,,住宅,商業,80.0,600.0,2024年第3四半期,未改装,,文京区,2024,3,2005.0,19.0,2.0,1257142.857142857,240069,353648,147.31098
中古マンション等,不動産取引価格情報,13105,東京都,文京区,向丘,本駒込,3,78000000,２ＬＤＫ,50,1999年,ＳＲＣ,住宅,住宅,商業,80.0,600.0,2024年第3四半期,改装済み,,文京区,2024,3,1999.0,25.0,3.0,1560000.0,240069,353648,147.31098
中古マンション等,不動産取引価格情報,13105,東京都,文京区,向丘,本駒込,1,69000000,２ＬＤＫ,55,1999年,ＳＲＣ,住宅,住宅,商業,80.0,600.0,2024年第3四半期,未改装,,文京区,2024,3,1999.0,25.0,1.0,1254545.4545454546,240069,353648,147.31098
中古マンション等,不動産取引価格情報,13105,東京都,文京区,向丘,本駒込,3,21000000,１Ｋ,15,2000年,ＳＲＣ,住宅,住宅,商業,80.0,600.0,2024年第3四半期,,,文京区,2024,3,2000.0,24.0,3.0,1400000.0,240069,353648,147.31098
中古マンション等,不動産取引価格情報,13105,東京都,文京区,向丘,本駒込,4,25000000,１Ｋ,20,2004年,ＲＣ,住宅,住宅,近隣商業,80.0,400.0,2024年第2四半期,未改装,,文京区,2024,2,2004.0,20.0,4.0,1250000.0,240069,353648,147.31098
中古マンション等,不動産取引価格情報,13105,東京都,文京区,向丘,本駒込,4,32000000,１Ｋ,25,2004年,ＲＣ,住宅,住宅,近隣商業,80.0,400.0,2024年第2四半期,,,文京区,2024,2,2004.0,20.0,4.0,1280000.0,240069,353648,147.31098
中古マンション等,不動産取引価格情報,13105,東京都,文京区,向丘,本駒込,2,35000000,１ＤＫ,30,1995年,ＳＲＣ,住宅,住宅,商業,80.0,600.0,2024年第1四半期,改装済み,,文京区,2024,1,1995.0,29.0,2.0,1166666.6666666667,240069,353648,147.31098
中古マンション等,不動産取引価格情報,13105,東京都,文京区,向丘,本駒込,4,96000000,３ＬＤＫ,65,1996年,ＳＲＣ,住宅,住宅,商業,80.0,600.0,2024年第1四半期,改装済み,,文京区,2024,1,1996.0,28.0,4.0,1476923.076923077,240069,353648,147.31098
中古マンション等,不動産取引価格情報,13105,東京都,文京区,向丘,本駒込,2,17000000,１Ｋ,15,1992年,ＳＲＣ,住宅,住宅,商業,80.0,600.0,2024年第1四半期,未改装,,文京区,2024,1,1992.0,32.0,2.0,1133333.3333333333,240069,353648,147.31098
中古マンション等,不動産取引価格情報,13105,東京都,文京区,向丘,本駒込,2,77000000,２ＬＤＫ,50,2005年,ＳＲＣ,住宅,住宅,商業,80.0,600.0,2024年第1四半期,未改装,,文京区,2024,1,2005.0,19.0,2.0,1540000.0,240069,353648,147.31098
中古マンション等,不動産取引価格情報,13105,東京都,文京区,向丘,本駒込,0,27000000,１Ｋ,25,2003年,ＳＲＣ,住宅,住宅,商業,80.0,600.0,2024年第1四半期,未改装,,文京区,2024,1,2003.0,21.0,0.0,1080000.0,240069,353648,147.31098
中古マンション等,不動産取引価格情報,13105,東京都,文京区,向丘,本駒込,4,24000000,１ＤＫ,20,2004年,ＲＣ,住宅,その他,近隣商業,80.0,400.0,2023年第4四半期,未改装,,文京区,2023,4,2004.0,19.0,4.0,1200000.0,240069,353648,147.31098
中古マンション等,不動産取引価格情報,13105,東京都,文京区,向丘,本駒込,2,16000000,１Ｋ,15,1992年,ＳＲＣ,住宅,住宅,商業,80.0,600.0,2023年第4四半期,未改装,,文京区,2023,4,1992.0,31.0,2.0,1066666.6666666667,240069,353648,147.31098
中古マンション等,不動産取引価格情報,13105,東京都,文京区,向丘,本駒込,4,55000000,,65,1996年,ＳＲＣ,,,商業,80.0,600.0,2023年第3四半期,,,文京区,2023,3,1996.0,27.0,4.0,846153.8461538461,240069,353648,147.31098
中古マンション等,不動産取引価格情報,13105,東京都,文京区,向丘,本駒込,4,37000000,１ＬＤＫ,35,2004年,ＲＣ,,住宅,近隣商業,80.0,400.0,2023年第2四半期,未改装,,文京区,2023,2,2004.0,19.0,4.0,1057142.857142857,240069,353648,147.31098
中古マンション等,不動産取引価格情報,13105,東京都,文京区,向丘,本駒込,4,26000000,１Ｋ,20,2004年,ＲＣ,住宅,住宅,近隣商業,80.0,400.0,2023年第2四半期,改装済み,,文京区,2023,2,2004.0,19.0,4.0,1300000.0,240069,353648,147.31098
中古マンション等,不動産取引価格情報,13105,東京都,文京区,向丘,本駒込,2,19000000,１Ｋ,15,1992年,ＳＲＣ,住宅,その他,商業,80.0,600.0,2023年第2四半期,改装済み,,文京区,2023,2,1992.0,31.0,2.0,1266666.6666666667,240069,353648,147.31098
中古マンション等,不動産取引価格情報,13105,東京都,文京区,向丘,本駒込,4,24000000,１Ｋ,20,2004年,ＲＣ,住宅,住宅,近隣商業,80.0,400.0,2022年第4四半期,,,文京区,2022,4,2004.0,18.0,4.0,1200000.0,240069,353648,147.31098
中古マンション等,不動産取引価格情報,13105,東京都,文京区,向丘,本駒込,0,26000000,１Ｋ,20,2003年,ＳＲＣ,住宅,住宅,商業,80.0,600.0,2022年第3四半期,,,文京区,2022,3,2003.0,19.0,0.0,1300000.0,240069,353648,147.31098
中古マンション等,不動産取引価格情報,13105,東京都,文京区,向丘,本駒込,2,18000000,１ＤＫ,25,1995年,ＳＲＣ,,,商業,80.0,600.0,2022年第2四半期,,,文京区,2022,2,1995.0,27.0,2.0,720000.0,240069,353648,147.31098
中古マンション等,不動産取引価格情報,13105,東京都,文京区,向丘,本駒込,2,16000000,１Ｋ,15,1992年,ＳＲＣ,住宅,住宅,商業,80.0,600.0,2022年第2四半期,,,文京区,2022,2,1992.0,30.0,2.0,1066666.6666666667,240069,353648,147.31098
中古マンション等,不動産取引価格情報,13105,東京都,文京区,向丘,本駒込,2,20000000,１Ｋ,20,1995年,ＳＲＣ,,住宅,商業,80.0,600.0,2022年第2四半期,未改装,,文京区,2022,2,1995.0,27.0,2.0,1000000.0,240069,353648,147.31098
中古マンション等,不動産取引価格情報,13105,東京都,文京区,向丘,本駒込,0,25000000,１Ｋ,20,2003年,ＳＲＣ,,住宅,商業,80.0,600.0,2022年第2四半期,,,文京区,2022,2,2003.0,19.0,0.0,1250000.0,240069,353648,147.31098
中古マンション等,不動産取引価格情報,13105,東京都,文京区,向丘,本駒込,3,62000000,２ＬＤＫ,50,1999年,ＳＲＣ,住宅,住宅,商業,80.0,600.0,2022年第2四半期,改装済み,,文京区,2022,2,1999.0,23.0,3.0,1240000.0,240069,353648,147.31098
中古マンション等,不動産取引価格情報,13105,東京都,文京区,向丘,本駒込,2,17000000,１Ｋ,20,1995年,ＳＲＣ,,その他,商業,80.0,600.0,2022年第1四半期,改装済み,,文京区,2022,1,1995.0,27.0,2.0,850000.0,240069,353648,147.31098
中古マンション等,不動産取引価格情報,13105,東京都,文京区,向丘,本駒込,3,21000000,１Ｋ,20,2000年,ＳＲＣ,,住宅,商業,80.0,600.0,2022年第1四半期,未改装,,文京区,2022,1,2000.0,22.0,3.0,1050000.0,240069,353648,147.31098
中古マンション等,不動産取引価格情報,13105,東京都,文京区,向丘,本駒込,2,23000000,１Ｋ,20,2000年,ＳＲＣ,住宅,住宅,商業,80.0,600.0,2021年第4四半期,改装済み,,文京区,2021,4,2000.0,21.0,2.0,1150000.0,240069,353648,147.31098
中古マンション等,不動産取引価格情報,13105,東京都,文京区,向丘,本駒込,2,25000000,１Ｋ,20,2000年,ＳＲＣ,住宅,その他,商業,80.0,600.0,2021年第3四半期,未改装,,文京区,2021,3,2000.0,21.0,2.0,1250000.0,240069,353648,147.31098
中古マンション等,不動産取引価格情報,13105,東京都,文京区,向丘,本駒込,3,21000000,１Ｋ,20,1995年,ＳＲＣ,住宅,住宅,商業,80.0,600.0,2021年第3四半期,未改装,,文京区,2021,3,1995.0,26.0,3.0,1050000.0,240069,353648,147.31098
中古マンション等,不動産取引価格情報,13105,東京都,文京区,向丘,本駒込,2,14000000,１Ｒ,15,1992年,ＳＲＣ,住宅,その他,商業,80.0,600.0,2021年第3四半期,未改装,,文京区,2021,3,1992.0,29.0,2.0,933333.3333333334,240069,353648,147.31098
中古マンション等,不動産取引価格情報,13105,東京都,文京区,向丘,本駒込,0,30000000,１Ｋ,25,2003年,ＳＲＣ,住宅,住宅,商業,80.0,600.0,2021年第2四半期,未改装,,文京区,2021,2,2003.0,18.0,0.0,1200000.0,240069,353648,147.31098
中古マンション等,不動産取引価格情報,13105,東京都,文京区,向丘,本駒込,4,23000000,１Ｋ,20,2004年,ＲＣ,住宅,住宅,近隣商業,80.0,400.0,2021年第2四半期,,,文京区,2021,2,2004.0,17.0,4.0,1150000.0,240069,353648,147.31098
中古マンション等,不動産取引価格情報,13105,東京都,文京区,向丘,本駒込,4,22000000,１Ｋ,20,2004年,ＲＣ,住宅,住宅,近隣商業,80.0,400.0,2021年第1四半期,,,文京区,2021,1,2004.0,17.0,4.0,1100000.0,240069,353648,147.31098
中古マンション等,不動産取引価格情報,13105,東京都,文京区,向丘,本駒込,1,69000000,３ＬＤＫ,70,1999年,ＳＲＣ,住宅,住宅,商業,80.0,600.0,2021年第1四半期,未改装,,文京区,2021,1,1999.0,22.0,1.0,985714.2857142857,240069,353648,147.31098
中古マンション等,不動産取引価格情報,13105,東京都,文京区,目白台,護国寺,6,73000000,２ＬＤＫ,45,1999年,ＳＲＣ,住宅,住宅,商業,80.0,400.0,2025年第3四半期,改装済み,,文京区,2025,3,1999.0,26.0,6.0,1622222.2222222222,240069,353648,147.31098
中古マンション等,不動産取引価格情報,13105,東京都,文京区,目白台,護国寺,3,100000000,３ＬＤＫ,70,1997年,ＲＣ,住宅,住宅,商業,,,2025年第3四半期,改装済み,,文京区,2025,3,1997.0,28.0,3.0,1428571.4285714286,240069,353648,147.31098
中古マンション等,不動産取引価格情報,13105,東京都,文京区,目白台,護国寺,5,67000000,２ＬＤＫ,55,1999年,ＳＲＣ,住宅,住宅,商業,80.0,400.0,2025年第3四半期,未改装,,文京区,2025,3,1999.0,26.0,5.0,1218181.8181818181,240069,353648,147.31098
中古マンション等,不動産取引価格情報,13105,東京都,文京区,目白台,護国寺,14,95000000,,70,1999年,ＲＣ,住宅,住宅,１中住専,60.0,300.0,2025年第1四半期,改装済み,,文京区,2025,1,1999.0,26.0,14.0,1357142.857142857,240069,353648,147.31098
中古マンション等,不動産取引価格情報,13105,東京都,文京区,目白台,護国寺,6,110000000,３ＬＤＫ,65,1999年,ＲＣ,住宅,住宅,１中住専,60.0,300.0,2024年第1四半期,,,文京区,2024,1,1999.0,25.0,6.0,1692307.6923076923,240069,353648,147.31098
中古マンション等,不動産取引価格情報,13105,東京都,文京区,目白台,護国寺,10,60000000,２ＬＤＫ,65,1971年,ＳＲＣ,住宅,住宅,近隣商業,80.0,400.0,2024年第1四半期,改装済み,,文京区,2024,1,1971.0,53.0,10.0,923076.9230769231,240069,353648,147.31098
中古マンション等,不動産取引価格情報,13105,東京都,文京区,目白台,護国寺,6,56000000,２ＬＤＫ,60,1999年,ＲＣ,住宅,住宅,１中住専,60.0,300.0,2023年第3四半期,未改装,,文京区,2023,3,1999.0,24.0,6.0,933333.3333333334,240069,353648,147.31098
中古マンション等,不動産取引価格情報,13105,東京都,文京区,目白台,護国寺,7,62000000,２ＬＤＫ,50,2008年,ＲＣ,住宅,住宅,１中住専,60.0,200.0,2023年第2四半期,未改装,,文京区,2023,2,2008.0,15.0,7.0,1240000.0,240069,353648,147.31098
中古マンション等,不動産取引価格情報,13105,東京都,文京区,目白台,護国寺,8,50000000,２ＤＫ,60,1989年,ＲＣ,,住宅,近隣商業,80.0,400.0,2022年第3四半期,未改装,,文京区,2022,3,1989.0,33.0,8.0,833333.3333333334,240069,353648,147.31098
中古マンション等,不動産取引価格情報,13105,東京都,文京区,目白台,護国寺,7,86000000,２ＬＤＫ,115,1988年,ＳＲＣ,住宅,住宅,商業,80.0,400.0,2022年第1四半期,未改装,,文京区,2022,1,1988.0,34.0,7.0,747826.0869565217,240069,353648,147.31098
中古マンション等,不動産取引価格情報,13105,東京都,文京区,目白台,護国寺,10,54000000,１ＤＫ,70,1971年,ＳＲＣ,住宅,住宅,近隣商業,80.0,400.0,2022年第1四半期,未改装,,文京区,2022,1,1971.0,51.0,10.0,771428.5714285715,240069,353648,147.31098
中古マンション等,不動産取引価格情報,13105,東京都,文京区,目白台,護国寺,6,60000000,２ＬＤＫ,50,1999年,ＳＲＣ,住宅,住宅,商業,80.0,400.0,2021年第4四半期,改装済み,,文京区,2021,4,1999.0,22.0,6.0,1200000.0,240069,353648,147.31098
中古マンション等,不動産取引価格情報,13105,東京都,文京区,目白台,護国寺,9,25000000,１ＬＤＫ,40,1996年,ＲＣ,住宅,住宅,１中住専,60.0,200.0,2021年第4四半期,未改装,,文京区,2021,4,1996.0,25.0,9.0,625000.0,240069,353648,147.31098
中古マンション等,不動産取引価格情報,13105,東京都,文京区,目白台,護国寺,7,72000000,３ＬＤＫ,115,1988年,ＳＲＣ,住宅,その他,商業,80.0,400.0,2021年第2四半期,未改装,,文京区,2021,2,1988.0,33.0,7.0,626086.9565217391,240069,353648,147.31098
中古マンション等,不動産取引価格情報,13105,東京都,文京区,目白台,護国寺,9,33000000,１ＬＤＫ,35,1996年,ＲＣ,住宅,住宅,１中住専,60.0,200.0,2021年第1四半期,改装済み,,文京区,2021,1,1996.0,25.0,9.0,942857.1428571428,240069,353648,147.31098
中古マンション等,不動産取引価格情報,13105,東京都,文京区,目白台,雑司が谷(東京メトロ),10,38000000,２ＬＤＫ,50,1970年,ＳＲＣ,住宅,住宅,１中住専,60.0,300.0,2025年第1四半期,改装済み,,文京区,2025,1,1970.0,55.0,10.0,760000.0,240069,353648,147.31098
中古マンション等,不動産取引価格情報,13105,東京都,文京区,目白台,雑司が谷(東京メトロ),9,22000000,１Ｋ,20,2002年,ＲＣ,住宅,その他,近隣商業,80.0,400.0,2024年第3四半期,未改装,,文京区,2024,3,2002.0,22.0,9.0,1100000.0,240069,353648,147.31098
中古マンション等,不動産取引価格情報,13105,東京都,文京区,目白台,雑司が谷(東京メトロ),5,86000000,２ＬＤＫ,75,2004年,ＲＣ,住宅,住宅,商業,80.0,400.0,2024年第1四半期,未改装,,文京区,2024,1,2004.0,20.0,5.0,1146666.6666666667,240069,353648,147.31098
中古マンション等,不動産取引価格情報,13105,東京都,文京区,目白台,雑司が谷(東京メトロ),10,14000000,１Ｋ,25,1970年,ＳＲＣ,,住宅,１中住専,60.0,300.0,2023年第1四半期,未改装,,文京区,2023,1,1970.0,53.0,10.0,560000.0,240069,353648,147.31098
中古マンション等,不動産取引価格情報,13105,東京都,文京区,目白台,雑司が谷(東京メトロ),9,25000000,１Ｋ,20,2002年,ＲＣ,,,近隣商業,80.0,400.0,2022年第4四半期,未改装,,文京区,2022,4,2002.0,20.0,9.0,1250000.0,240069,353648,147.31098
中古マンション等,不動産取引価格情報,13105,東京都,文京区,目白台,雑司が谷(東京メトロ),9,19000000,,20,2002年,ＲＣ,,住宅,近隣商業,80.0,400.0,2022年第1四半期,,,文京区,2022,1,2002.0,20.0,9.0,950000.0,240069,353648,147.31098
中古マンション等,不動産取引価格情報,13105,東京都,文京区,目白台,雑司が谷(東京メトロ),6,16000000,１Ｒ,25,1984年,ＲＣ,,その他,近隣商業,80.0,400.0,2022年第1四半期,改装済み,,文京区,2022,1,1984.0,38.0,6.0,640000.0,240069,353648,147.31098
中古マンション等,不動産取引価格情報,13105,東京都,文京区,目白台,雑司が谷(東京メトロ),6,80000000,３ＬＤＫ,70,2014年,ＲＣ,住宅,住宅,近隣商業,80.0,400.0,2022年第1四半期,未改装,,文京区,2022,1,2014.0,8.0,6.0,1142857.142857143,240069,353648,147.31098
中古マンション等,不動産取引価格情報,13105,東京都,文京区,目白台,雑司が谷(東京メトロ),10,16000000,１ＤＫ,25,1970年,ＳＲＣ,住宅,住宅,１中住専,60.0,300.0,2021年第4四半期,改装済み,,文京区,2021,4,1970.0,51.0,10.0,640000.0,240069,353648,147.31098
中古マンション等,不動産取引価格情報,13105,東京都,文京区,目白台,雑司が谷(東京メトロ),7,28000000,１ＬＤＫ,40,1978年,ＳＲＣ,住宅,その他,商業,80.0,400.0,2021年第3四半期,未改装,調停・競売等,文京区,2021,3,1978.0,43.0,7.0,700000.0,240069,353648,147.31098
中古マンション等,不動産取引価格情報,13105,東京都,文京区,目白台,雑司が谷(東京メトロ),7,35000000,２ＤＫ,40,1978年,ＳＲＣ,住宅,住宅,商業,80.0,400.0,2021年第3四半期,改装済み,,文京区,2021,3,1978.0,43.0,7.0,875000.0,240069,353648,147.31098
中古マンション等,不動産取引価格情報,13105,東京都,文京区,目白台,雑司が谷(東京メトロ),9,20000000,,20,2002年,ＲＣ,住宅,住宅,近隣商業,80.0,400.0,2021年第1四半期,未改装,,文京区,2021,1,2002.0,19.0,9.0,1000000.0,240069,353648,147.31098
中古マンション等,不動産取引価格情報,13105,東京都,文京区,目白台,目白,15,55000000,２ＤＫ,45,2004年,ＲＣ,住宅,住宅,商業,80.0,400.0,2024年第3四半期,未改装,,文京区,2024,3,2004.0,20.0,15.0,1222222.2222222222,240069,353648,147.31098
中古マンション等,不動産取引価格情報,13105,東京都,文京区,目白台,目白,15,72000000,１ＬＤＫ,70,2004年,ＲＣ,住宅,住宅,商業,80.0,400.0,2023年第1四半期,未改装,,文京区,2023,1,2004.0,19.0,15.0,1028571.4285714285,240069,353648,147.31098
中古マンション等,不動産取引価格情報,13105,東京都,文京区,弥生,東大前,6,17000000,１Ｋ,15,1996年,ＲＣ,住宅,その他,２種住居,60.0,300.0,2023年第4四半期,未改装,,文京区,2023,4,1996.0,27.0,6.0,1133333.3333333333,240069,353648,147.31098
中古マンション等,不動産取引価格情報,13105,東京都,文京区,弥生,東大前,6,60000000,３ＬＤＫ,50,1984年,ＲＣ,住宅,住宅,近隣商業,80.0,400.0,2023年第3四半期,改装済み,,文京区,2023,3,1984.0,39.0,6.0,1200000.0,240069,353648,147.31098
中古マンション等,不動産取引価格情報,13105,東京都,文京区,弥生,東大前,6,56000000,２ＬＤＫ,50,1990年,ＳＲＣ,住宅,住宅,近隣商業,80.0,400.0,2023年第1四半期,改装済み,,文京区,2023,1,1990.0,33.0,6.0,1120000.0,240069,353648,147.31098
中古マンション等,不動産取引価格情報,13105,東京都,文京区,弥生,根津,3,48000000,１ＬＤＫ,50,1995年,ＲＣ,住宅,住宅,１種住居,60.0,300.0,2024年第4四半期,未改装,,文京区,2024,4,1995.0,29.0,3.0,960000.0,240069,353648,147.31098
中古マンション等,不動産取引価格情報,13105,東京都,文京区,弥生,根津,3,140000000,３ＬＤＫ,80,2001年,ＲＣ,住宅,住宅,２種住居,60.0,300.0,2024年第4四半期,改装済み,,文京区,2024,4,2001.0,23.0,3.0,1750000.0,240069,353648,147.31098
中古マンション等,不動産取引価格情報,13105,東京都,文京区,弥生,根津,6,150000000,２ＬＤＫ,70,2023年,ＲＣ,住宅,住宅,２中住専,60.0,300.0,2024年第3四半期,未改装,,文京区,2024,3,2023.0,1.0,6.0,2142857.1428571427,240069,353648,147.31098
中古マンション等,不動産取引価格情報,13105,東京都,文京区,弥生,根津,3,95000000,２ＬＤＫ,80,2020年,鉄骨造,住宅,住宅,１種住居,60.0,300.0,2024年第2四半期,未改装,,文京区,2024,2,2020.0,4.0,3.0,1187500.0,240069,353648,147.31098
中古マンション等,不動産取引価格情報,13105,東京都,文京区,弥生,根津,5,74000000,２ＬＤＫ,60,1997年,ＲＣ,住宅,住宅,２中住専,60.0,300.0,2024年第2四半期,,,文京区,2024,2,1997.0,27.0,5.0,1233333.3333333333,240069,353648,147.31098
中古マンション等,不動産取引価格情報,13105,東京都,文京区,弥生,根津,7,40000000,２ＬＤＫ,65,1969年,ＲＣ,住宅,住宅,２中住専,60.0,300.0,2023年第3四半期,未改装,,文京区,2023,3,1969.0,54.0,7.0,615384.6153846154,240069,353648,147.31098
中古マンション等,不動産取引価格情報,13105,東京都,文京区,弥生,根津,7,16000000,１ＬＤＫ,30,1969年,ＲＣ,住宅,住宅,２中住専,60.0,300.0,2023年第1四半期,未改装,,文京区,2023,1,1969.0,54.0,7.0,533333.3333333334,240069,353648,147.31098
中古マンション等,不動産取引価格情報,13105,東京都,文京区,弥生,根津,3,80000000,２ＤＫ,60,2001年,ＲＣ,住宅,住宅,２種住居,60.0,300.0,2022年第4四半期,改装済み,,文京区,2022,4,2001.0,21.0,3.0,1333333.3333333333,240069,353648,147.31098
中古マンション等,不動産取引価格情報,13105,東京都,文京区,弥生,根津,2,76000000,,55,2001年,ＲＣ,住宅,住宅,１種住居,60.0,300.0,2022年第4四半期,,,文京区,2022,4,2001.0,21.0,2.0,1381818.1818181819,240069,353648,147.31098
中古マンション等,不動産取引価格情報,13105,東京都,文京区,弥生,根津,2,21000000,１Ｋ,20,2007年,ＲＣ,住宅,住宅,２種住居,60.0,300.0,2022年第3四半期,未改装,,文京区,2022,3,2007.0,15.0,2.0,1050000.0,240069,353648,147.31098
中古マンション等,不動産取引価格情報,13105,東京都,文京区,弥生,根津,7,31000000,１ＬＤＫ,40,1969年,ＲＣ,住宅,住宅,２中住専,60.0,300.0,2022年第2四半期,未改装,,文京区,2022,2,1969.0,53.0,7.0,775000.0,240069,353648,147.31098
中古マンション等,不動産取引価格情報,13105,東京都,文京区,弥生,根津,7,33000000,１ＬＤＫ,40,1969年,ＲＣ,,住宅,２中住専,60.0,300.0,2022年第1四半期,改装済み,,文京区,2022,1,1969.0,53.0,7.0,825000.0,240069,353648,147.31098
中古マンション等,不動産取引価格情報,13105,東京都,文京区,弥生,根津,3,92000000,２ＬＤＫ,80,2020年,鉄骨造,住宅,住宅,１種住居,60.0,300.0,2021年第4四半期,未改装,,文京区,2021,4,2020.0,1.0,3.0,1150000.0,240069,353648,147.31098
中古マンション等,不動産取引価格情報,13105,東京都,文京区,弥生,根津,3,62000000,２ＬＤＫ,60,2001年,ＲＣ,住宅,その他,２種住居,60.0,300.0,2021年第4四半期,未改装,,文京区,2021,4,2001.0,20.0,3.0,1033333.3333333334,240069,353648,147.31098
中古マンション等,不動産取引価格情報,13105,東京都,文京区,弥生,根津,4,85000000,３ＬＤＫ,80,2019年,軽量鉄骨造,住宅,住宅,１種住居,60.0,300.0,2021年第3四半期,未改装,,文京区,2021,3,2019.0,2.0,4.0,1062500.0,240069,353648,147.31098
中古マンション等,不動産取引価格情報,13105,東京都,文京区,弥生,根津,7,21000000,１ＬＤＫ,40,1969年,ＲＣ,住宅,住宅,２中住専,60.0,300.0,2021年第3四半期,未改装,,文京区,2021,3,1969.0,52.0,7.0,525000.0,240069,353648,147.31098
中古マンション等,不動産取引価格情報,13105,東京都,文京区,湯島,御茶ノ水,7,25000000,１Ｋ,15,2001年,ＲＣ,住宅,住宅,近隣商業,80.0,400.0,2025年第4四半期,改装済み,,文京区,2025,4,2001.0,24.0,7.0,1666666.6666666667,240069,353648,147.31098
中古マンション等,不動産取引価格情報,13105,東京都,文京区,湯島,御茶ノ水,6,150000000,２ＬＤＫ,50,2018年,ＲＣ,住宅,住宅,近隣商業,80.0,400.0,2025年第4四半期,未改装,,文京区,2025,4,2018.0,7.0,6.0,3000000.0,240069,353648,147.31098
中古マンション等,不動産取引価格情報,13105,東京都,文京区,湯島,御茶ノ水,5,26000000,１Ｋ,20,2004年,ＳＲＣ,住宅,その他,商業,80.0,600.0,2025年第4四半期,未改装,,文京区,2025,4,2004.0,21.0,5.0,1300000.0,240069,353648,147.31098
中古マンション等,不動産取引価格情報,13105,東京都,文京区,湯島,御茶ノ水,7,91000000,１ＬＤＫ,40,2017年,ＲＣ,住宅,住宅,商業,80.0,600.0,2025年第3四半期,未改装,,文京区,2025,3,2017.0,8.0,7.0,2275000.0,240069,353648,147.31098
中古マンション等,不動産取引価格情報,13105,東京都,文京区,湯島,御茶ノ水,11,55000000,１ＬＤＫ,35,1983年,ＳＲＣ,住宅,住宅,商業,80.0,600.0,2025年第3四半期,改装済み,,文京区,2025,3,1983.0,42.0,11.0,1571428.5714285714,240069,353648,147.31098
中古マンション等,不動産取引価格情報,13105,東京都,文京区,湯島,御茶ノ水,6,23000000,１Ｋ,20,2000年,ＳＲＣ,住宅,住宅,商業,80.0,600.0,2025年第3四半期,,,文京区,2025,3,2000.0,25.0,6.0,1150000.0,240069,353648,147.31098
中古マンション等,不動産取引価格情報,13105,東京都,文京区,湯島,御茶ノ水,7,71000000,１ＬＤＫ,30,2019年,ＲＣ,住宅,住宅,近隣商業,80.0,400.0,2025年第3四半期,未改装,,文京区,2025,3,2019.0,6.0,7.0,2366666.6666666665,240069,353648,147.31098
中古マンション等,不動産取引価格情報,13105,東京都,文京区,湯島,御茶ノ水,6,26000000,１Ｋ,20,2000年,ＳＲＣ,住宅,住宅,商業,80.0,600.0,2025年第3四半期,未改装,,文京区,2025,3,2000.0,25.0,6.0,1300000.0,240069,353648,147.31098
中古マンション等,不動産取引価格情報,13105,東京都,文京区,湯島,御茶ノ水,5,26000000,１Ｋ,20,2004年,ＳＲＣ,住宅,住宅,商業,80.0,600.0,2025年第2四半期,,,文京区,2025,2,2004.0,21.0,5.0,1300000.0,240069,353648,147.31098
中古マンション等,不動産取引価格情報,13105,東京都,文京区,湯島,御茶ノ水,7,60000000,１ＬＤＫ,30,2019年,ＲＣ,住宅,住宅,近隣商業,80.0,400.0,2025年第2四半期,改装済み,,文京区,2025,2,2019.0,6.0,7.0,2000000.0,240069,353648,147.31098
中古マンション等,不動産取引価格情報,13105,東京都,文京区,湯島,御茶ノ水,11,16000000,１Ｋ,15,1983年,ＳＲＣ,住宅,住宅,商業,80.0,600.0,2025年第2四半期,未改装,,文京区,2025,2,1983.0,42.0,11.0,1066666.6666666667,240069,353648,147.31098
中古マンション等,不動産取引価格情報,13105,東京都,文京区,湯島,御茶ノ水,5,26000000,１Ｋ,20,2004年,ＳＲＣ,住宅,,商業,80.0,600.0,2025年第1四半期,未改装,,文京区,2025,1,2004.0,21.0,5.0,1300000.0,240069,353648,147.31098
中古マンション等,不動産取引価格情報,13105,東京都,文京区,湯島,御茶ノ水,6,24000000,１Ｋ,20,2000年,ＳＲＣ,住宅,住宅,商業,80.0,600.0,2024年第4四半期,,,文京区,2024,4,2000.0,24.0,6.0,1200000.0,240069,353648,147.31098
中古マンション等,不動産取引価格情報,13105,東京都,文京区,湯島,御茶ノ水,7,24000000,１Ｋ,15,2001年,ＲＣ,住宅,住宅,近隣商業,80.0,400.0,2024年第3四半期,未改装,,文京区,2024,3,2001.0,23.0,7.0,1600000.0,240069,353648,147.31098
中古マンション等,不動産取引価格情報,13105,東京都,文京区,湯島,御茶ノ水,6,160000000,２ＬＤＫ,65,2024年,ＲＣ,住宅,住宅,近隣商業,80.0,400.0,2024年第3四半期,未改装,,文京区,2024,3,2024.0,0.0,6.0,2461538.4615384615,240069,353648,147.31098
中古マンション等,不動産取引価格情報,13105,東京都,文京区,湯島,御茶ノ水,6,71000000,,55,1983年,ＳＲＣ,住宅,住宅,商業,80.0,600.0,2024年第3四半期,,,文京区,2024,3,1983.0,41.0,6.0,1290909.0909090908,240069,353648,147.31098
中古マンション等,不動産取引価格情報,13105,東京都,文京区,湯島,御茶ノ水,6,71000000,２ＬＤＫ,55,2003年,ＳＲＣ,住宅,住宅,商業,80.0,600.0,2024年第3四半期,未改装,,文京区,2024,3,2003.0,21.0,6.0,1290909.0909090908,240069,353648,147.31098
中古マンション等,不動産取引価格情報,13105,東京都,文京区,湯島,御茶ノ水,11,15000000,１Ｋ,15,1983年,ＳＲＣ,住宅,住宅,商業,80.0,600.0,2024年第2四半期,改装済み,,文京区,2024,2,1983.0,41.0,11.0,1000000.0,240069,353648,147.31098
中古マンション等,不動産取引価格情報,13105,東京都,文京区,湯島,御茶ノ水,7,50000000,１ＬＤＫ,30,2019年,ＲＣ,住宅,住宅,近隣商業,80.0,400.0,2024年第2四半期,未改装,,文京区,2024,2,2019.0,5.0,7.0,1666666.6666666667,240069,353648,147.31098
中古マンション等,不動産取引価格情報,13105,東京都,文京区,湯島,御茶ノ水,5,24000000,１Ｋ,20,2004年,ＳＲＣ,住宅,住宅,商業,80.0,600.0,2024年第2四半期,未改装,,文京区,2024,2,2004.0,20.0,5.0,1200000.0,240069,353648,147.31098
中古マンション等,不動産取引価格情報,13105,東京都,文京区,湯島,御茶ノ水,6,120000000,３ＬＤＫ,70,2018年,ＲＣ,住宅,住宅,近隣商業,80.0,400.0,2024年第1四半期,未改装,,文京区,2024,1,2018.0,6.0,6.0,1714285.7142857143,240069,353648,147.31098
中古マンション等,不動産取引価格情報,13105,東京都,文京区,湯島,御茶ノ水,7,72000000,１ＬＤＫ,40,2017年,ＲＣ,住宅,住宅,商業,80.0,600.0,2023年第4四半期,改装済み,,文京区,2023,4,2017.0,6.0,7.0,1800000.0,240069,353648,147.31098
中古マンション等,不動産取引価格情報,13105,東京都,文京区,湯島,御茶ノ水,6,54000000,１ＤＫ,35,2018年,ＲＣ,住宅,住宅,近隣商業,80.0,400.0,2023年第3四半期,未改装,,文京区,2023,3,2018.0,5.0,6.0,1542857.142857143,240069,353648,147.31098
中古マンション等,不動産取引価格情報,13105,東京都,文京区,湯島,御茶ノ水,6,92000000,２ＬＤＫ,50,2018年,ＲＣ,住宅,住宅,近隣商業,80.0,400.0,2023年第3四半期,未改装,,文京区,2023,3,2018.0,5.0,6.0,1840000.0,240069,353648,147.31098
中古マンション等,不動産取引価格情報,13105,東京都,文京区,湯島,御茶ノ水,6,23000000,１Ｋ,20,2003年,ＳＲＣ,住宅,住宅,商業,80.0,600.0,2023年第2四半期,未改装,,文京区,2023,2,2003.0,20.0,6.0,1150000.0,240069,353648,147.31098
中古マンション等,不動産取引価格情報,13105,東京都,文京区,湯島,御茶ノ水,7,95000000,２ＬＤＫ,55,2018年,ＲＣ,住宅,住宅,商業,80.0,600.0,2023年第2四半期,未改装,,文京区,2023,2,2018.0,5.0,7.0,1727272.7272727273,240069,353648,147.31098
中古マンション等,不動産取引価格情報,13105,東京都,文京区,湯島,御茶ノ水,6,22000000,１Ｋ,20,2000年,ＳＲＣ,住宅,住宅,商業,80.0,600.0,2023年第2四半期,未改装,,文京区,2023,2,2000.0,23.0,6.0,1100000.0,240069,353648,147.31098
中古マンション等,不動産取引価格情報,13105,東京都,文京区,湯島,御茶ノ水,6,77000000,２ＬＤＫ,50,2018年,ＲＣ,住宅,住宅,商業,80.0,600.0,2023年第2四半期,未改装,,文京区,2023,2,2018.0,5.0,6.0,1540000.0,240069,353648,147.31098
中古マンション等,不動産取引価格情報,13105,東京都,文京区,湯島,御茶ノ水,6,49000000,１ＬＤＫ,40,2005年,ＲＣ,住宅,,商業,80.0,600.0,2023年第2四半期,未改装,,文京区,2023,2,2005.0,18.0,6.0,1225000.0,240069,353648,147.31098
中古マンション等,不動産取引価格情報,13105,東京都,文京区,湯島,御茶ノ水,7,50000000,１ＬＤＫ,30,2019年,ＲＣ,住宅,住宅,近隣商業,80.0,400.0,2023年第2四半期,未改装,,文京区,2023,2,2019.0,4.0,7.0,1666666.6666666667,240069,353648,147.31098
中古マンション等,不動産取引価格情報,13105,東京都,文京区,湯島,御茶ノ水,6,78000000,１ＬＤＫ,45,2003年,ＳＲＣ,住宅,住宅,商業,80.0,600.0,2023年第1四半期,改装済み,,文京区,2023,1,2003.0,20.0,6.0,1733333.3333333333,240069,353648,147.31098
中古マンション等,不動産取引価格情報,13105,東京都,文京区,湯島,御茶ノ水,7,52000000,１ＬＤＫ,35,2019年,ＲＣ,住宅,住宅,近隣商業,80.0,400.0,2023年第1四半期,未改装,,文京区,2023,1,2019.0,4.0,7.0,1485714.2857142857,240069,353648,147.31098
中古マンション等,不動産取引価格情報,13105,東京都,文京区,湯島,御茶ノ水,11,37000000,１ＬＤＫ,35,1983年,ＳＲＣ,住宅,住宅,商業,80.0,600.0,2022年第4四半期,未改装,,文京区,2022,4,1983.0,39.0,11.0,1057142.857142857,240069,353648,147.31098
中古マンション等,不動産取引価格情報,13105,東京都,文京区,湯島,御茶ノ水,6,90000000,２ＤＫ,50,2018年,ＲＣ,住宅,住宅,近隣商業,80.0,400.0,2022年第4四半期,未改装,,文京区,2022,4,2018.0,4.0,6.0,1800000.0,240069,353648,147.31098
中古マンション等,不動産取引価格情報,13105,東京都,文京区,湯島,御茶ノ水,7,25000000,１Ｋ,20,2001年,ＲＣ,,住宅,近隣商業,80.0,400.0,2022年第3四半期,改装済み,,文京区,2022,3,2001.0,21.0,7.0,1250000.0,240069,353648,147.31098
中古マンション等,不動産取引価格情報,13105,東京都,文京区,湯島,御茶ノ水,6,31000000,１Ｋ,25,2003年,ＳＲＣ,,住宅,商業,80.0,600.0,2022年第3四半期,未改装,,文京区,2022,3,2003.0,19.0,6.0,1240000.0,240069,353648,147.31098
中古マンション等,不動産取引価格情報,13105,東京都,文京区,湯島,御茶ノ水,7,81000000,２ＬＤＫ,50,2017年,ＲＣ,住宅,住宅,商業,80.0,600.0,2022年第3四半期,未改装,,文京区,2022,3,2017.0,5.0,7.0,1620000.0,240069,353648,147.31098
中古マンション等,不動産取引価格情報,13105,東京都,文京区,湯島,御茶ノ水,6,51000000,１ＬＤＫ,35,2018年,ＲＣ,住宅,住宅,商業,80.0,600.0,2022年第3四半期,未改装,,文京区,2022,3,2018.0,4.0,6.0,1457142.857142857,240069,353648,147.31098
中古マンション等,不動産取引価格情報,13105,東京都,文京区,湯島,御茶ノ水,6,55000000,１ＬＤＫ,40,1983年,ＳＲＣ,住宅,住宅,商業,80.0,600.0,2022年第3四半期,改装済み,,文京区,2022,3,1983.0,39.0,6.0,1375000.0,240069,353648,147.31098
中古マンション等,不動産取引価格情報,13105,東京都,文京区,湯島,御茶ノ水,6,110000000,３ＬＤＫ,70,2018年,ＲＣ,住宅,住宅,近隣商業,80.0,400.0,2022年第2四半期,未改装,,文京区,2022,2,2018.0,4.0,6.0,1571428.5714285714,240069,353648,147.31098
中古マンション等,不動産取引価格情報,13105,東京都,文京区,湯島,御茶ノ水,7,69000000,,55,2002年,ＲＣ,住宅,住宅,近隣商業,80.0,400.0,2022年第2四半期,未改装,,文京区,2022,2,2002.0,20.0,7.0,1254545.4545454546,240069,353648,147.31098
中古マンション等,不動産取引価格情報,13105,東京都,文京区,湯島,御茶ノ水,6,55000000,１ＬＤＫ,35,2018年,ＲＣ,住宅,住宅,商業,80.0,600.0,2022年第2四半期,,,文京区,2022,2,2018.0,4.0,6.0,1571428.5714285714,240069,353648,147.31098
中古マンション等,不動産取引価格情報,13105,東京都,文京区,湯島,御茶ノ水,11,38000000,１ＤＫ,35,1983年,ＳＲＣ,住宅,住宅,商業,80.0,600.0,2022年第2四半期,改装済み,,文京区,2022,2,1983.0,39.0,11.0,1085714.2857142857,240069,353648,147.31098
中古マンション等,不動産取引価格情報,13105,東京都,文京区,湯島,御茶ノ水,6,77000000,３ＬＤＫ,55,1983年,ＳＲＣ,住宅,住宅,商業,80.0,600.0,2022年第2四半期,改装済み,,文京区,2022,2,1983.0,39.0,6.0,1400000.0,240069,353648,147.31098
中古マンション等,不動産取引価格情報,13105,東京都,文京区,湯島,御茶ノ水,6,60000000,１ＬＤＫ,45,2003年,ＳＲＣ,住宅,住宅,商業,80.0,600.0,2022年第2四半期,未改装,,文京区,2022,2,2003.0,19.0,6.0,1333333.3333333333,240069,353648,147.31098
中古マンション等,不動産取引価格情報,13105,東京都,文京区,湯島,御茶ノ水,8,35000000,１ＬＤＫ,30,2004年,ＲＣ,住宅,住宅,近隣商業,80.0,400.0,2022年第1四半期,改装済み,,文京区,2022,1,2004.0,18.0,8.0,1166666.6666666667,240069,353648,147.31098
中古マンション等,不動産取引価格情報,13105,東京都,文京区,湯島,御茶ノ水,7,53000000,１ＤＫ,30,2019年,ＲＣ,住宅,住宅,近隣商業,80.0,400.0,2022年第1四半期,改装済み,,文京区,2022,1,2019.0,3.0,7.0,1766666.6666666667,240069,353648,147.31098
中古マンション等,不動産取引価格情報,13105,東京都,文京区,湯島,御茶ノ水,6,39000000,１ＤＫ＋Ｓ,40,1983年,ＳＲＣ,住宅,住宅,商業,80.0,600.0,2022年第1四半期,未改装,,文京区,2022,1,1983.0,39.0,6.0,975000.0,240069,353648,147.31098
中古マンション等,不動産取引価格情報,13105,東京都,文京区,湯島,御茶ノ水,6,48000000,３ＤＫ,50,1983年,ＳＲＣ,住宅,住宅,商業,80.0,600.0,2022年第1四半期,未改装,,文京区,2022,1,1983.0,39.0,6.0,960000.0,240069,353648,147.31098
中古マンション等,不動産取引価格情報,13105,東京都,文京区,湯島,御茶ノ水,7,23000000,１Ｋ,20,2001年,ＲＣ,住宅,住宅,近隣商業,80.0,400.0,2021年第4四半期,未改装,,文京区,2021,4,2001.0,20.0,7.0,1150000.0,240069,353648,147.31098
中古マンション等,不動産取引価格情報,13105,東京都,文京区,湯島,御茶ノ水,8,72000000,２ＬＤＫ,50,2019年,ＲＣ,住宅,住宅,近隣商業,80.0,400.0,2021年第4四半期,未改装,,文京区,2021,4,2019.0,2.0,8.0,1440000.0,240069,353648,147.31098
中古マンション等,不動産取引価格情報,13105,東京都,文京区,湯島,御茶ノ水,8,37000000,１ＬＤＫ,35,2004年,ＲＣ,住宅,住宅,近隣商業,80.0,400.0,2021年第3四半期,未改装,,文京区,2021,3,2004.0,17.0,8.0,1057142.857142857,240069,353648,147.31098
中古マンション等,不動産取引価格情報,13105,東京都,文京区,湯島,御茶ノ水,6,30000000,,20,2005年,ＲＣ,住宅,住宅,商業,80.0,600.0,2021年第3四半期,未改装,,文京区,2021,3,2005.0,16.0,6.0,1500000.0,240069,353648,147.31098
中古マンション等,不動産取引価格情報,13105,東京都,文京区,湯島,御茶ノ水,7,22000000,１Ｋ,20,2001年,ＲＣ,住宅,住宅,近隣商業,80.0,400.0,2021年第2四半期,未改装,,文京区,2021,2,2001.0,20.0,7.0,1100000.0,240069,353648,147.31098
中古マンション等,不動産取引価格情報,13105,東京都,文京区,湯島,御茶ノ水,6,46000000,１ＬＤＫ,40,2003年,ＳＲＣ,,住宅,商業,80.0,600.0,2021年第2四半期,,,文京区,2021,2,2003.0,18.0,6.0,1150000.0,240069,353648,147.31098
中古マンション等,不動産取引価格情報,13105,東京都,文京区,湯島,御茶ノ水,6,64000000,２ＬＤＫ,60,1983年,ＳＲＣ,住宅,住宅,商業,80.0,600.0,2021年第2四半期,改装済み,,文京区,2021,2,1983.0,38.0,6.0,1066666.6666666667,240069,353648,147.31098
中古マンション等,不動産取引価格情報,13105,東京都,文京区,湯島,御茶ノ水,6,33000000,,25,2005年,ＲＣ,住宅,住宅,商業,80.0,600.0,2021年第2四半期,未改装,,文京区,2021,2,2005.0,16.0,6.0,1320000.0,240069,353648,147.31098
中古マンション等,不動産取引価格情報,13105,東京都,文京区,湯島,御茶ノ水,6,33000000,１ＤＫ,30,1983年,ＳＲＣ,住宅,住宅,商業,80.0,600.0,2021年第2四半期,未改装,,文京区,2021,2,1983.0,38.0,6.0,1100000.0,240069,353648,147.31098
中古マンション等,不動産取引価格情報,13105,東京都,文京区,湯島,御茶ノ水,7,74000000,４ＬＤＫ,95,2002年,ＲＣ,住宅,その他,近隣商業,80.0,400.0,2021年第1四半期,未改装,,文京区,2021,1,2002.0,19.0,7.0,778947.3684210526,240069,353648,147.31098
中古マンション等,不動産取引価格情報,13105,東京都,文京区,湯島,御茶ノ水,6,35000000,１ＬＤＫ,30,1983年,ＳＲＣ,,その他,商業,80.0,600.0,2021年第1四半期,改装済み,,文京区,2021,1,1983.0,38.0,6.0,1166666.6666666667,240069,353648,147.31098
中古マンション等,不動産取引価格情報,13105,東京都,文京区,湯島,御茶ノ水,11,9500000,１Ｒ,15,1983年,ＳＲＣ,住宅,,商業,80.0,600.0,2021年第1四半期,改装済み,,文京区,2021,1,1983.0,38.0,11.0,633333.3333333334,240069,353648,147.31098
中古マンション等,不動産取引価格情報,13105,東京都,文京区,湯島,末広町(東京),5,30000000,１Ｋ,20,2008年,ＲＣ,住宅,住宅,商業,80.0,600.0,2025年第4四半期,,,文京区,2025,4,2008.0,17.0,5.0,1500000.0,240069,353648,147.31098
中古マンション等,不動産取引価格情報,13105,東京都,文京区,湯島,末広町(東京),5,29000000,１Ｋ,20,2008年,ＲＣ,住宅,住宅,商業,80.0,600.0,2025年第3四半期,未改装,,文京区,2025,3,2008.0,17.0,5.0,1450000.0,240069,353648,147.31098
中古マンション等,不動産取引価格情報,13105,東京都,文京区,湯島,末広町(東京),6,23000000,１Ｋ,20,2000年,ＲＣ,住宅,住宅,近隣商業,80.0,400.0,2024年第4四半期,,,文京区,2024,4,2000.0,24.0,6.0,1150000.0,240069,353648,147.31098
中古マンション等,不動産取引価格情報,13105,東京都,文京区,湯島,末広町(東京),5,30000000,１Ｋ,20,2008年,ＲＣ,住宅,住宅,商業,80.0,600.0,2024年第4四半期,未改装,,文京区,2024,4,2008.0,16.0,5.0,1500000.0,240069,353648,147.31098
中古マンション等,不動産取引価格情報,13105,東京都,文京区,湯島,末広町(東京),4,24000000,１Ｋ,20,2004年,ＲＣ,住宅,住宅,商業,80.0,600.0,2024年第2四半期,未改装,,文京区,2024,2,2004.0,20.0,4.0,1200000.0,240069,353648,147.31098
中古マンション等,不動産取引価格情報,13105,東京都,文京区,湯島,末広町(東京),5,23000000,１Ｋ,20,2008年,ＲＣ,住宅,住宅,商業,80.0,600.0,2024年第2四半期,未改装,,文京区,2024,2,2008.0,16.0,5.0,1150000.0,240069,353648,147.31098
中古マンション等,不動産取引価格情報,13105,東京都,文京区,湯島,末広町(東京),4,42000000,,35,2009年,ＲＣ,住宅,,近隣商業,80.0,400.0,2023年第4四半期,,,文京区,2023,4,2009.0,14.0,4.0,1200000.0,240069,353648,147.31098
中古マンション等,不動産取引価格情報,13105,東京都,文京区,湯島,末広町(東京),4,23000000,１Ｋ,20,2004年,ＲＣ,住宅,住宅,商業,80.0,600.0,2023年第4四半期,,,文京区,2023,4,2004.0,19.0,4.0,1150000.0,240069,353648,147.31098
中古マンション等,不動産取引価格情報,13105,東京都,文京区,湯島,末広町(東京),6,22000000,,20,2000年,ＲＣ,住宅,住宅,近隣商業,80.0,400.0,2023年第1四半期,,,文京区,2023,1,2000.0,23.0,6.0,1100000.0,240069,353648,147.31098
中古マンション等,不動産取引価格情報,13105,東京都,文京区,湯島,末広町(東京),4,27000000,１Ｋ,20,2009年,ＲＣ,住宅,住宅,近隣商業,80.0,400.0,2021年第4四半期,改装済み,,文京区,2021,4,2009.0,12.0,4.0,1350000.0,240069,353648,147.31098
中古マンション等,不動産取引価格情報,13105,東京都,文京区,湯島,末広町(東京),5,28000000,１Ｋ,20,2008年,ＲＣ,住宅,住宅,商業,80.0,600.0,2021年第4四半期,未改装,,文京区,2021,4,2008.0,13.0,5.0,1400000.0,240069,353648,147.31098
中古マンション等,不動産取引価格情報,13105,東京都,文京区,湯島,末広町(東京),6,23000000,１Ｋ,20,2000年,ＲＣ,住宅,住宅,近隣商業,80.0,400.0,2021年第3四半期,未改装,,文京区,2021,3,2000.0,21.0,6.0,1150000.0,240069,353648,147.31098
中古マンション等,不動産取引価格情報,13105,東京都,文京区,湯島,末広町(東京),2,25000000,１Ｋ,20,2004年,ＲＣ,,住宅,商業,80.0,600.0,2021年第1四半期,未改装,,文京区,2021,1,2004.0,17.0,2.0,1250000.0,240069,353648,147.31098
中古マンション等,不動産取引価格情報,13105,東京都,文京区,湯島,末広町(東京),4,22000000,１Ｋ,20,2004年,ＲＣ,住宅,住宅,商業,80.0,600.0,2021年第1四半期,未改装,,文京区,2021,1,2004.0,17.0,4.0,1100000.0,240069,353648,147.31098
中古マンション等,不動産取引価格情報,13105,東京都,文京区,湯島,根津,6,45000000,２ＬＤＫ,50,1969年,ＲＣ,住宅,住宅,１中住専,60.0,300.0,2021年第4四半期,改装済み,,文京区,2021,4,1969.0,52.0,6.0,900000.0,240069,353648,147.31098
中古マンション等,不動産取引価格情報,13105,東京都,文京区,湯島,本郷三丁目,7,110000000,,55,2018年,ＲＣ,,,近隣商業,80.0,400.0,2025年第2四半期,,,文京区,2025,2,2018.0,7.0,7.0,2000000.0,240069,353648,147.31098
中古マンション等,不動産取引価格情報,13105,東京都,文京区,湯島,本郷三丁目,10,96000000,３ＬＤＫ,75,2004年,ＲＣ,住宅,住宅,２種住居,60.0,300.0,2024年第3四半期,未改装,,文京区,2024,3,2004.0,20.0,10.0,1280000.0,240069,353648,147.31098
中古マンション等,不動産取引価格情報,13105,東京都,文京区,湯島,本郷三丁目,12,28000000,１ＤＫ,30,1969年,ＲＣ,住宅,住宅,１中住専,60.0,300.0,2024年第2四半期,改装済み,,文京区,2024,2,1969.0,55.0,12.0,933333.3333333334,240069,353648,147.31098
中古マンション等,不動産取引価格情報,13105,東京都,文京区,湯島,本郷三丁目,8,80000000,３ＬＤＫ,65,1976年,ＳＲＣ,住宅,住宅,２種住居,60.0,300.0,2024年第1四半期,改装済み,,文京区,2024,1,1976.0,48.0,8.0,1230769.2307692308,240069,353648,147.31098
中古マンション等,不動産取引価格情報,13105,東京都,文京区,湯島,本郷三丁目,7,94000000,２ＬＤＫ,55,2018年,ＲＣ,住宅,住宅,近隣商業,80.0,400.0,2023年第4四半期,未改装,,文京区,2023,4,2018.0,5.0,7.0,1709090.9090909092,240069,353648,147.31098
中古マンション等,不動産取引価格情報,13105,東京都,文京区,湯島,本郷三丁目,7,90000000,２ＬＤＫ,55,2018年,ＲＣ,住宅,住宅,近隣商業,80.0,400.0,2023年第3四半期,,,文京区,2023,3,2018.0,5.0,7.0,1636363.6363636365,240069,353648,147.31098
中古マンション等,不動産取引価格情報,13105,東京都,文京区,湯島,本郷三丁目,10,94000000,３ＬＤＫ,75,2004年,ＲＣ,,住宅,２種住居,60.0,300.0,2023年第3四半期,未改装,,文京区,2023,3,2004.0,19.0,10.0,1253333.3333333333,240069,353648,147.31098
中古マンション等,不動産取引価格情報,13105,東京都,文京区,湯島,本郷三丁目,7,89000000,２ＬＤＫ,55,2018年,ＲＣ,住宅,住宅,近隣商業,80.0,400.0,2023年第1四半期,,,文京区,2023,1,2018.0,5.0,7.0,1618181.8181818181,240069,353648,147.31098
中古マンション等,不動産取引価格情報,13105,東京都,文京区,湯島,本郷三丁目,8,68000000,３ＬＤＫ,60,1976年,ＳＲＣ,住宅,住宅,２種住居,60.0,300.0,2022年第4四半期,未改装,,文京区,2022,4,1976.0,46.0,8.0,1133333.3333333333,240069,353648,147.31098
中古マンション等,不動産取引価格情報,13105,東京都,文京区,湯島,本郷三丁目,12,18000000,１ＤＫ,30,1969年,ＲＣ,,,１中住専,60.0,300.0,2022年第3四半期,,,文京区,2022,3,1969.0,53.0,12.0,600000.0,240069,353648,147.31098
中古マンション等,不動産取引価格情報,13105,東京都,文京区,湯島,本郷三丁目,12,15000000,１ＤＫ,30,1969年,ＲＣ,,住宅,１中住専,60.0,300.0,2022年第1四半期,,,文京区,2022,1,1969.0,53.0,12.0,500000.0,240069,353648,147.31098
中古マンション等,不動産取引価格情報,13105,東京都,文京区,湯島,本郷三丁目,8,69000000,３ＬＤＫ,60,1976年,ＳＲＣ,住宅,,２種住居,60.0,300.0,2022年第1四半期,改装済み,,文京区,2022,1,1976.0,46.0,8.0,1150000.0,240069,353648,147.31098
中古マンション等,不動産取引価格情報,13105,東京都,文京区,湯島,湯島,6,22000000,,20,1995年,ＳＲＣ,住宅,,近隣商業,80.0,400.0,2025年第4四半期,,,文京区,2025,4,1995.0,30.0,6.0,1100000.0,240069,353648,147.31098
中古マンション等,不動産取引価格情報,13105,東京都,文京区,湯島,湯島,4,130000000,２ＬＤＫ,55,2018年,ＲＣ,住宅,住宅,商業,80.0,500.0,2025年第3四半期,未改装,,文京区,2025,3,2018.0,7.0,4.0,2363636.3636363638,240069,353648,147.31098
中古マンション等,不動産取引価格情報,13105,東京都,文京区,湯島,湯島,6,21000000,１Ｋ,20,1995年,ＳＲＣ,住宅,住宅,近隣商業,80.0,400.0,2025年第3四半期,改装済み,,文京区,2025,3,1995.0,30.0,6.0,1050000.0,240069,353648,147.31098
中古マンション等,不動産取引価格情報,13105,東京都,文京区,湯島,湯島,7,39000000,１ＤＫ,30,2001年,ＲＣ,住宅,住宅,商業,80.0,400.0,2025年第3四半期,,,文京区,2025,3,2001.0,24.0,7.0,1300000.0,240069,353648,147.31098
中古マンション等,不動産取引価格情報,13105,東京都,文京区,湯島,湯島,2,220000000,３ＬＤＫ,95,2017年,ＲＣ,住宅,住宅,商業,80.0,500.0,2025年第3四半期,未改装,,文京区,2025,3,2017.0,8.0,2.0,2315789.4736842103,240069,353648,147.31098
中古マンション等,不動産取引価格情報,13105,東京都,文京区,湯島,湯島,4,40000000,１Ｋ,25,1998年,ＳＲＣ,住宅,住宅,商業,80.0,600.0,2025年第3四半期,改装済み,,文京区,2025,3,1998.0,27.0,4.0,1600000.0,240069,353648,147.31098
中古マンション等,不動産取引価格情報,13105,東京都,文京区,湯島,湯島,5,280000000,,95,2021年,ＲＣ,住宅,住宅,商業,80.0,500.0,2025年第2四半期,未改装,,文京区,2025,2,2021.0,4.0,5.0,2947368.4210526315,240069,353648,147.31098
中古マンション等,不動産取引価格情報,13105,東京都,文京区,湯島,湯島,2,23000000,１Ｋ,20,1999年,ＲＣ,住宅,住宅,商業,80.0,600.0,2025年第2四半期,未改装,,文京区,2025,2,1999.0,26.0,2.0,1150000.0,240069,353648,147.31098
中古マンション等,不動産取引価格情報,13105,東京都,文京区,湯島,湯島,2,24000000,１Ｋ,20,1999年,ＲＣ,住宅,住宅,商業,80.0,600.0,2025年第2四半期,未改装,,文京区,2025,2,1999.0,26.0,2.0,1200000.0,240069,353648,147.31098
中古マンション等,不動産取引価格情報,13105,東京都,文京区,湯島,湯島,2,26000000,１Ｋ,20,2004年,ＲＣ,住宅,住宅,商業,80.0,600.0,2025年第2四半期,未改装,,文京区,2025,2,2004.0,21.0,2.0,1300000.0,240069,353648,147.31098
中古マンション等,不動産取引価格情報,13105,東京都,文京区,湯島,湯島,3,120000000,,70,2000年,ＳＲＣ,住宅,,商業,80.0,500.0,2025年第2四半期,,,文京区,2025,2,2000.0,25.0,3.0,1714285.7142857143,240069,353648,147.31098
中古マンション等,不動産取引価格情報,13105,東京都,文京区,湯島,湯島,5,21000000,１Ｋ,15,2001年,ＲＣ,住宅,住宅,商業,80.0,500.0,2025年第2四半期,未改装,,文京区,2025,2,2001.0,24.0,5.0,1400000.0,240069,353648,147.31098
中古マンション等,不動産取引価格情報,13105,東京都,文京区,湯島,湯島,0,140000000,２ＬＤＫ,50,2025年,ＲＣ,,住宅,商業,80.0,600.0,2025年第2四半期,未改装,,文京区,2025,2,2025.0,0.0,0.0,2800000.0,240069,353648,147.31098
中古マンション等,不動産取引価格情報,13105,東京都,文京区,湯島,湯島,5,23000000,,15,2001年,ＲＣ,住宅,住宅,商業,80.0,500.0,2025年第2四半期,未改装,,文京区,2025,2,2001.0,24.0,5.0,1533333.3333333333,240069,353648,147.31098
中古マンション等,不動産取引価格情報,13105,東京都,文京区,湯島,湯島,6,28000000,１Ｋ,20,2008年,ＲＣ,住宅,住宅,近隣商業,80.0,400.0,2025年第2四半期,未改装,,文京区,2025,2,2008.0,17.0,6.0,1400000.0,240069,353648,147.31098
中古マンション等,不動産取引価格情報,13105,東京都,文京区,湯島,湯島,5,31000000,１Ｋ,20,2010年,ＲＣ,住宅,住宅,商業,80.0,500.0,2025年第2四半期,未改装,,文京区,2025,2,2010.0,15.0,5.0,1550000.0,240069,353648,147.31098
中古マンション等,不動産取引価格情報,13105,東京都,文京区,湯島,湯島,1,130000000,オープンフロア,30,2019年,ＲＣ,店舗,店舗,商業,80.0,600.0,2025年第1四半期,改装済み,,文京区,2025,1,2019.0,6.0,1.0,4333333.333333333,240069,353648,147.31098
中古マンション等,不動産取引価格情報,13105,東京都,文京区,湯島,湯島,5,23000000,１Ｋ,15,2001年,ＲＣ,住宅,住宅,商業,80.0,500.0,2025年第1四半期,未改装,,文京区,2025,1,2001.0,24.0,5.0,1533333.3333333333,240069,353648,147.31098
中古マンション等,不動産取引価格情報,13105,東京都,文京区,湯島,湯島,5,27000000,１Ｋ,20,2010年,ＲＣ,住宅,住宅,商業,80.0,500.0,2025年第1四半期,未改装,,文京区,2025,1,2010.0,15.0,5.0,1350000.0,240069,353648,147.31098
中古マンション等,不動産取引価格情報,13105,東京都,文京区,湯島,湯島,2,27000000,１Ｋ,20,2004年,ＲＣ,住宅,住宅,商業,80.0,600.0,2024年第4四半期,,,文京区,2024,4,2004.0,20.0,2.0,1350000.0,240069,353648,147.31098
中古マンション等,不動産取引価格情報,13105,東京都,文京区,湯島,湯島,2,24000000,１Ｋ,20,2004年,ＲＣ,住宅,住宅,商業,80.0,600.0,2024年第4四半期,未改装,,文京区,2024,4,2004.0,20.0,2.0,1200000.0,240069,353648,147.31098
中古マンション等,不動産取引価格情報,13105,東京都,文京区,湯島,湯島,2,21000000,１Ｋ,25,1973年,ＳＲＣ,住宅,住宅,商業,80.0,500.0,2024年第4四半期,改装済み,,文京区,2024,4,1973.0,51.0,2.0,840000.0,240069,353648,147.31098
中古マンション等,不動産取引価格情報,13105,東京都,文京区,湯島,湯島,4,19000000,１ＤＫ,25,1998年,ＳＲＣ,住宅,住宅,商業,80.0,600.0,2024年第4四半期,未改装,,文京区,2024,4,1998.0,26.0,4.0,760000.0,240069,353648,147.31098
中古マンション等,不動産取引価格情報,13105,東京都,文京区,湯島,湯島,2,24000000,１Ｋ,20,2001年,ＳＲＣ,住宅,住宅,商業,80.0,600.0,2024年第4四半期,,,文京区,2024,4,2001.0,23.0,2.0,1200000.0,240069,353648,147.31098
中古マンション等,不動産取引価格情報,13105,東京都,文京区,湯島,湯島,2,24000000,１Ｋ,20,2001年,ＳＲＣ,住宅,その他,商業,80.0,600.0,2024年第4四半期,改装済み,,文京区,2024,4,2001.0,23.0,2.0,1200000.0,240069,353648,147.31098
中古マンション等,不動産取引価格情報,13105,東京都,文京区,湯島,湯島,5,23000000,１Ｋ,15,2001年,ＲＣ,住宅,住宅,商業,80.0,500.0,2024年第4四半期,改装済み,,文京区,2024,4,2001.0,23.0,5.0,1533333.3333333333,240069,353648,147.31098
中古マンション等,不動産取引価格情報,13105,東京都,文京区,湯島,湯島,2,34000000,２Ｋ,30,2004年,ＲＣ,住宅,その他,商業,80.0,600.0,2024年第4四半期,未改装,,文京区,2024,4,2004.0,20.0,2.0,1133333.3333333333,240069,353648,147.31098
中古マンション等,不動産取引価格情報,13105,東京都,文京区,湯島,湯島,2,26000000,１Ｋ,20,2004年,ＲＣ,住宅,住宅,商業,80.0,600.0,2024年第3四半期,未改装,,文京区,2024,3,2004.0,20.0,2.0,1300000.0,240069,353648,147.31098
中古マンション等,不動産取引価格情報,13105,東京都,文京区,湯島,湯島,3,55000000,１ＤＫ,40,2010年,ＲＣ,住宅,事務所,商業,80.0,500.0,2024年第3四半期,未改装,,文京区,2024,3,2010.0,14.0,3.0,1375000.0,240069,353648,147.31098
中古マンション等,不動産取引価格情報,13105,東京都,文京区,湯島,湯島,4,72000000,１ＤＫ,40,2018年,ＲＣ,住宅,住宅,商業,80.0,500.0,2024年第3四半期,未改装,,文京区,2024,3,2018.0,6.0,4.0,1800000.0,240069,353648,147.31098
中古マンション等,不動産取引価格情報,13105,東京都,文京区,湯島,湯島,4,85000000,２ＬＤＫ,45,2020年,ＲＣ,住宅,住宅,商業,80.0,600.0,2024年第3四半期,未改装,,文京区,2024,3,2020.0,4.0,4.0,1888888.888888889,240069,353648,147.31098
中古マンション等,不動産取引価格情報,13105,東京都,文京区,湯島,湯島,4,110000000,３ＬＤＫ,75,2001年,ＳＲＣ,住宅,住宅,商業,80.0,600.0,2024年第3四半期,未改装,,文京区,2024,3,2001.0,23.0,4.0,1466666.6666666667,240069,353648,147.31098
中古マンション等,不動産取引価格情報,13105,東京都,文京区,湯島,湯島,7,13000000,１ＬＤＫ,35,2001年,ＲＣ,住宅,住宅,商業,80.0,400.0,2024年第2四半期,未改装,,文京区,2024,2,2001.0,23.0,7.0,371428.5714285714,240069,353648,147.31098
中古マンション等,不動産取引価格情報,13105,東京都,文京区,湯島,湯島,4,55000000,２ＬＤＫ,45,1978年,ＲＣ,,その他,２種住居,60.0,300.0,2024年第2四半期,未改装,,文京区,2024,2,1978.0,46.0,4.0,1222222.2222222222,240069,353648,147.31098
中古マンション等,不動産取引価格情報,13105,東京都,文京区,湯島,湯島,2,67000000,１ＬＤＫ,40,2017年,ＲＣ,住宅,住宅,商業,80.0,500.0,2024年第1四半期,未改装,,文京区,2024,1,2017.0,7.0,2.0,1675000.0,240069,353648,147.31098
中古マンション等,不動産取引価格情報,13105,東京都,文京区,湯島,湯島,8,150000000,３ＬＤＫ,80,2014年,ＲＣ,住宅,住宅,１中住専,60.0,300.0,2024年第1四半期,未改装,,文京区,2024,1,2014.0,10.0,8.0,1875000.0,240069,353648,147.31098
中古マンション等,不動産取引価格情報,13105,東京都,文京区,湯島,湯島,1,94000000,２ＬＤＫ,55,2019年,ＲＣ,住宅,住宅,商業,80.0,600.0,2024年第1四半期,未改装,,文京区,2024,1,2019.0,5.0,1.0,1709090.9090909092,240069,353648,147.31098
中古マンション等,不動産取引価格情報,13105,東京都,文京区,湯島,湯島,5,53000000,１ＬＤＫ,45,2002年,ＳＲＣ,住宅,住宅,商業,80.0,500.0,2024年第1四半期,未改装,,文京区,2024,1,2002.0,22.0,5.0,1177777.7777777778,240069,353648,147.31098
中古マンション等,不動産取引価格情報,13105,東京都,文京区,湯島,湯島,5,88000000,２ＬＤＫ,50,2021年,ＲＣ,住宅,住宅,商業,80.0,500.0,2023年第4四半期,未改装,,文京区,2023,4,2021.0,2.0,5.0,1760000.0,240069,353648,147.31098
中古マンション等,不動産取引価格情報,13105,東京都,文京区,湯島,湯島,7,32000000,１Ｋ,30,2003年,ＳＲＣ,,住宅,近隣商業,80.0,400.0,2023年第4四半期,未改装,,文京区,2023,4,2003.0,20.0,7.0,1066666.6666666667,240069,353648,147.31098
中古マンション等,不動産取引価格情報,13105,東京都,文京区,湯島,湯島,2,24000000,１Ｋ,20,2004年,ＲＣ,住宅,その他,商業,80.0,600.0,2023年第4四半期,,,文京区,2023,4,2004.0,19.0,2.0,1200000.0,240069,353648,147.31098
中古マンション等,不動産取引価格情報,13105,東京都,文京区,湯島,湯島,6,26000000,１Ｋ,20,2008年,ＲＣ,住宅,住宅,近隣商業,80.0,400.0,2023年第4四半期,未改装,,文京区,2023,4,2008.0,15.0,6.0,1300000.0,240069,353648,147.31098
中古マンション等,不動産取引価格情報,13105,東京都,文京区,湯島,湯島,2,59000000,１ＬＤＫ,35,2017年,ＲＣ,住宅,住宅,商業,80.0,500.0,2023年第3四半期,未改装,,文京区,2023,3,2017.0,6.0,2.0,1685714.2857142857,240069,353648,147.31098
中古マンション等,不動産取引価格情報,13105,東京都,文京区,湯島,湯島,8,25000000,１Ｋ,20,2009年,ＳＲＣ,,その他,１中住専,60.0,300.0,2023年第3四半期,改装済み,,文京区,2023,3,2009.0,14.0,8.0,1250000.0,240069,353648,147.31098
中古マンション等,不動産取引価格情報,13105,東京都,文京区,湯島,湯島,7,28000000,,30,2003年,ＳＲＣ,,住宅,近隣商業,80.0,400.0,2023年第3四半期,,,文京区,2023,3,2003.0,20.0,7.0,933333.3333333334,240069,353648,147.31098
中古マンション等,不動産取引価格情報,13105,東京都,文京区,湯島,湯島,2,50000000,３ＬＤＫ,70,1980年,ＲＣ,住宅,,商業,80.0,600.0,2023年第3四半期,未改装,,文京区,2023,3,1980.0,43.0,2.0,714285.7142857143,240069,353648,147.31098
中古マンション等,不動産取引価格情報,13105,東京都,文京区,湯島,湯島,2,47000000,３ＬＤＫ,65,1980年,ＲＣ,住宅,住宅,商業,80.0,600.0,2023年第2四半期,未改装,,文京区,2023,2,1980.0,43.0,2.0,723076.9230769231,240069,353648,147.31098
中古マンション等,不動産取引価格情報,13105,東京都,文京区,湯島,湯島,4,62000000,１ＬＤＫ,40,2018年,ＲＣ,住宅,住宅,商業,80.0,500.0,2023年第2四半期,未改装,,文京区,2023,2,2018.0,5.0,4.0,1550000.0,240069,353648,147.31098
中古マンション等,不動産取引価格情報,13105,東京都,文京区,湯島,湯島,5,24000000,１Ｋ,20,2002年,ＳＲＣ,住宅,その他,商業,80.0,600.0,2023年第2四半期,未改装,,文京区,2023,2,2002.0,21.0,5.0,1200000.0,240069,353648,147.31098
中古マンション等,不動産取引価格情報,13105,東京都,文京区,湯島,湯島,4,91000000,２ＬＤＫ,55,2018年,ＲＣ,住宅,住宅,商業,80.0,500.0,2023年第2四半期,未改装,,文京区,2023,2,2018.0,5.0,4.0,1654545.4545454546,240069,353648,147.31098
中古マンション等,不動産取引価格情報,13105,東京都,文京区,湯島,湯島,4,85000000,２ＬＤＫ,50,2018年,ＲＣ,住宅,住宅,商業,80.0,500.0,2023年第2四半期,未改装,,文京区,2023,2,2018.0,5.0,4.0,1700000.0,240069,353648,147.31098
中古マンション等,不動産取引価格情報,13105,東京都,文京区,湯島,湯島,4,96000000,３ＬＤＫ,65,2020年,ＲＣ,住宅,住宅,商業,80.0,600.0,2023年第2四半期,未改装,,文京区,2023,2,2020.0,3.0,4.0,1476923.076923077,240069,353648,147.31098
中古マンション等,不動産取引価格情報,13105,東京都,文京区,湯島,湯島,2,26000000,１Ｋ,20,2004年,ＲＣ,住宅,住宅,商業,80.0,600.0,2023年第1四半期,改装済み,,文京区,2023,1,2004.0,19.0,2.0,1300000.0,240069,353648,147.31098
中古マンション等,不動産取引価格情報,13105,東京都,文京区,湯島,湯島,7,55000000,１ＬＤＫ,40,2001年,ＲＣ,住宅,住宅,近隣商業,80.0,400.0,2023年第1四半期,改装済み,,文京区,2023,1,2001.0,22.0,7.0,1375000.0,240069,353648,147.31098
中古マンション等,不動産取引価格情報,13105,東京都,文京区,湯島,湯島,2,25000000,１Ｋ,20,2004年,ＲＣ,住宅,住宅,商業,80.0,600.0,2023年第1四半期,未改装,,文京区,2023,1,2004.0,19.0,2.0,1250000.0,240069,353648,147.31098
中古マンション等,不動産取引価格情報,13105,東京都,文京区,湯島,湯島,2,24000000,１Ｋ,20,2004年,ＲＣ,住宅,住宅,商業,80.0,600.0,2023年第1四半期,未改装,,文京区,2023,1,2004.0,19.0,2.0,1200000.0,240069,353648,147.31098
中古マンション等,不動産取引価格情報,13105,東京都,文京区,湯島,湯島,2,18000000,１Ｋ,25,1973年,ＳＲＣ,住宅,住宅,商業,80.0,500.0,2023年第1四半期,未改装,,文京区,2023,1,1973.0,50.0,2.0,720000.0,240069,353648,147.31098
中古マンション等,不動産取引価格情報,13105,東京都,文京区,湯島,湯島,4,65000000,１ＬＤＫ,40,2018年,ＲＣ,住宅,住宅,商業,80.0,500.0,2023年第1四半期,未改装,,文京区,2023,1,2018.0,5.0,4.0,1625000.0,240069,353648,147.31098
中古マンション等,不動産取引価格情報,13105,東京都,文京区,湯島,湯島,5,50000000,,40,2011年,ＲＣ,住宅,住宅,商業,80.0,500.0,2022年第4四半期,,,文京区,2022,4,2011.0,11.0,5.0,1250000.0,240069,353648,147.31098
中古マンション等,不動産取引価格情報,13105,東京都,文京区,湯島,湯島,6,22000000,１Ｋ,20,1995年,ＳＲＣ,住宅,その他,近隣商業,80.0,400.0,2022年第4四半期,未改装,,文京区,2022,4,1995.0,27.0,6.0,1100000.0,240069,353648,147.31098
中古マンション等,不動産取引価格情報,13105,東京都,文京区,湯島,湯島,4,81000000,２ＤＫ,50,2018年,ＲＣ,住宅,住宅,商業,80.0,500.0,2022年第4四半期,改装済み,,文京区,2022,4,2018.0,4.0,4.0,1620000.0,240069,353648,147.31098
中古マンション等,不動産取引価格情報,13105,東京都,文京区,湯島,湯島,2,38000000,３ＤＫ,55,1980年,ＲＣ,住宅,住宅,商業,80.0,600.0,2022年第4四半期,未改装,,文京区,2022,4,1980.0,42.0,2.0,690909.0909090909,240069,353648,147.31098
中古マンション等,不動産取引価格情報,13105,東京都,文京区,湯島,湯島,1,100000000,２ＬＤＫ,65,,,住宅,住宅,商業,80.0,600.0,2022年第4四半期,未改装,,文京区,2022,4,,,1.0,1538461.5384615385,240069,353648,147.31098
中古マンション等,不動産取引価格情報,13105,東京都,文京区,湯島,湯島,7,24000000,１Ｋ,30,2003年,ＳＲＣ,住宅,住宅,近隣商業,80.0,400.0,2022年第3四半期,,,文京区,2022,3,2003.0,19.0,7.0,800000.0,240069,353648,147.31098
中古マンション等,不動産取引価格情報,13105,東京都,文京区,湯島,湯島,4,110000000,２ＬＤＫ,70,2018年,ＲＣ,住宅,住宅,商業,80.0,500.0,2022年第3四半期,未改装,,文京区,2022,3,2018.0,4.0,4.0,1571428.5714285714,240069,353648,147.31098
中古マンション等,不動産取引価格情報,13105,東京都,文京区,湯島,湯島,7,31000000,１ＤＫ,30,2003年,ＳＲＣ,住宅,住宅,近隣商業,80.0,400.0,2022年第3四半期,未改装,,文京区,2022,3,2003.0,19.0,7.0,1033333.3333333334,240069,353648,147.31098
中古マンション等,不動産取引価格情報,13105,東京都,文京区,湯島,湯島,2,31000000,オープンフロア,65,1985年,ＳＲＣ,事務所,事務所,商業,80.0,600.0,2022年第3四半期,未改装,,文京区,2022,3,1985.0,37.0,2.0,476923.07692307694,240069,353648,147.31098
中古マンション等,不動産取引価格情報,13105,東京都,文京区,湯島,湯島,5,92000000,２ＬＤＫ,55,2020年,ＲＣ,住宅,住宅,商業,80.0,600.0,2022年第3四半期,未改装,,文京区,2022,3,2020.0,2.0,5.0,1672727.2727272727,240069,353648,147.31098
中古マンション等,不動産取引価格情報,13105,東京都,文京区,湯島,湯島,2,27000000,１Ｋ,25,2004年,ＲＣ,,住宅,商業,80.0,600.0,2022年第3四半期,,,文京区,2022,3,2004.0,18.0,2.0,1080000.0,240069,353648,147.31098
中古マンション等,不動産取引価格情報,13105,東京都,文京区,湯島,湯島,5,20000000,１Ｋ,20,2002年,ＳＲＣ,住宅,その他,商業,80.0,600.0,2022年第3四半期,未改装,,文京区,2022,3,2002.0,20.0,5.0,1000000.0,240069,353648,147.31098
中古マンション等,不動産取引価格情報,13105,東京都,文京区,湯島,湯島,1,26000000,１Ｋ,20,2001年,ＳＲＣ,住宅,住宅,商業,80.0,600.0,2022年第3四半期,改装済み,,文京区,2022,3,2001.0,21.0,1.0,1300000.0,240069,353648,147.31098
中古マンション等,不動産取引価格情報,13105,東京都,文京区,湯島,湯島,5,15000000,１Ｋ,20,2001年,ＲＣ,住宅,住宅,商業,80.0,500.0,2022年第3四半期,未改装,,文京区,2022,3,2001.0,21.0,5.0,750000.0,240069,353648,147.31098
中古マンション等,不動産取引価格情報,13105,東京都,文京区,湯島,湯島,2,23000000,１Ｋ,15,1999年,ＲＣ,住宅,住宅,商業,80.0,600.0,2022年第2四半期,未改装,,文京区,2022,2,1999.0,23.0,2.0,1533333.3333333333,240069,353648,147.31098
中古マンション等,不動産取引価格情報,13105,東京都,文京区,湯島,湯島,8,26000000,１Ｋ,20,2009年,ＳＲＣ,,住宅,１中住専,60.0,300.0,2022年第2四半期,未改装,,文京区,2022,2,2009.0,13.0,8.0,1300000.0,240069,353648,147.31098
中古マンション等,不動産取引価格情報,13105,東京都,文京区,湯島,湯島,5,24000000,１Ｋ,20,2002年,ＳＲＣ,住宅,住宅,商業,80.0,600.0,2022年第2四半期,未改装,,文京区,2022,2,2002.0,20.0,5.0,1200000.0,240069,353648,147.31098
中古マンション等,不動産取引価格情報,13105,東京都,文京区,湯島,湯島,5,31000000,１Ｋ,25,2011年,ＲＣ,,住宅,商業,80.0,500.0,2022年第2四半期,未改装,,文京区,2022,2,2011.0,11.0,5.0,1240000.0,240069,353648,147.31098
中古マンション等,不動産取引価格情報,13105,東京都,文京区,湯島,湯島,4,59000000,１ＬＤＫ,35,2018年,ＲＣ,住宅,住宅,商業,80.0,500.0,2022年第2四半期,未改装,,文京区,2022,2,2018.0,4.0,4.0,1685714.2857142857,240069,353648,147.31098
中古マンション等,不動産取引価格情報,13105,東京都,文京区,湯島,湯島,2,23000000,,25,2004年,ＲＣ,住宅,住宅,商業,80.0,600.0,2022年第2四半期,未改装,,文京区,2022,2,2004.0,18.0,2.0,920000.0,240069,353648,147.31098
中古マンション等,不動産取引価格情報,13105,東京都,文京区,湯島,湯島,4,30000000,１ＤＫ,25,1998年,ＳＲＣ,住宅,住宅,商業,80.0,600.0,2022年第1四半期,改装済み,,文京区,2022,1,1998.0,24.0,4.0,1200000.0,240069,353648,147.31098
中古マンション等,不動産取引価格情報,13105,東京都,文京区,湯島,湯島,2,56000000,１ＬＤＫ,40,2017年,ＲＣ,住宅,住宅,商業,80.0,500.0,2022年第1四半期,未改装,,文京区,2022,1,2017.0,5.0,2.0,1400000.0,240069,353648,147.31098
中古マンション等,不動産取引価格情報,13105,東京都,文京区,湯島,湯島,5,26000000,１ＤＫ,25,2002年,ＳＲＣ,住宅,住宅,商業,80.0,600.0,2022年第1四半期,,,文京区,2022,1,2002.0,20.0,5.0,1040000.0,240069,353648,147.31098
中古マンション等,不動産取引価格情報,13105,東京都,文京区,湯島,湯島,6,76000000,２ＬＤＫ,50,2014年,ＲＣ,住宅,住宅,近隣商業,80.0,400.0,2022年第1四半期,未改装,,文京区,2022,1,2014.0,8.0,6.0,1520000.0,240069,353648,147.31098
中古マンション等,不動産取引価格情報,13105,東京都,文京区,湯島,湯島,2,13000000,１Ｋ,25,1973年,ＳＲＣ,住宅,住宅,商業,80.0,500.0,2022年第1四半期,未改装,,文京区,2022,1,1973.0,49.0,2.0,520000.0,240069,353648,147.31098
中古マンション等,不動産取引価格情報,13105,東京都,文京区,湯島,湯島,2,26000000,１Ｋ,20,2004年,ＲＣ,住宅,住宅,商業,80.0,600.0,2022年第1四半期,未改装,,文京区,2022,1,2004.0,18.0,2.0,1300000.0,240069,353648,147.31098
中古マンション等,不動産取引価格情報,13105,東京都,文京区,湯島,湯島,5,20000000,１Ｋ,15,2001年,ＲＣ,住宅,住宅,商業,80.0,500.0,2022年第1四半期,,,文京区,2022,1,2001.0,21.0,5.0,1333333.3333333333,240069,353648,147.31098
中古マンション等,不動産取引価格情報,13105,東京都,文京区,湯島,湯島,1,52000000,１ＬＤＫ,35,,,住宅,住宅,商業,80.0,600.0,2022年第1四半期,未改装,,文京区,2022,1,,,1.0,1485714.2857142857,240069,353648,147.31098
中古マンション等,不動産取引価格情報,13105,東京都,文京区,湯島,湯島,3,75000000,,50,2010年,ＲＣ,住宅,住宅,商業,80.0,500.0,2022年第1四半期,未改装,,文京区,2022,1,2010.0,12.0,3.0,1500000.0,240069,353648,147.31098
中古マンション等,不動産取引価格情報,13105,東京都,文京区,湯島,湯島,2,28000000,１Ｋ,25,2004年,ＲＣ,住宅,住宅,商業,80.0,600.0,2021年第4四半期,,,文京区,2021,4,2004.0,17.0,2.0,1120000.0,240069,353648,147.31098
中古マンション等,不動産取引価格情報,13105,東京都,文京区,湯島,湯島,8,91000000,２ＬＤＫ,65,2014年,ＲＣ,住宅,住宅,１中住専,60.0,300.0,2021年第4四半期,未改装,,文京区,2021,4,2014.0,7.0,8.0,1400000.0,240069,353648,147.31098
中古マンション等,不動産取引価格情報,13105,東京都,文京区,湯島,湯島,2,70000000,４ＬＤＫ,95,1980年,ＲＣ,住宅,住宅,商業,80.0,600.0,2021年第4四半期,未改装,,文京区,2021,4,1980.0,41.0,2.0,736842.1052631579,240069,353648,147.31098
中古マンション等,不動産取引価格情報,13105,東京都,文京区,湯島,湯島,4,33000000,１ＤＫ,25,1998年,ＳＲＣ,住宅,住宅,商業,80.0,600.0,2021年第4四半期,改装済み,,文京区,2021,4,1998.0,23.0,4.0,1320000.0,240069,353648,147.31098
中古マンション等,不動産取引価格情報,13105,東京都,文京区,湯島,湯島,7,29000000,１ＤＫ,30,2001年,ＲＣ,住宅,住宅,商業,80.0,400.0,2021年第4四半期,未改装,,文京区,2021,4,2001.0,20.0,7.0,966666.6666666666,240069,353648,147.31098
中古マンション等,不動産取引価格情報,13105,東京都,文京区,湯島,湯島,5,26000000,１Ｋ,20,2010年,ＲＣ,住宅,住宅,商業,80.0,500.0,2021年第4四半期,,,文京区,2021,4,2010.0,11.0,5.0,1300000.0,240069,353648,147.31098
中古マンション等,不動産取引価格情報,13105,東京都,文京区,湯島,湯島,2,22000000,１Ｋ,15,1999年,ＲＣ,住宅,住宅,商業,80.0,600.0,2021年第4四半期,未改装,,文京区,2021,4,1999.0,22.0,2.0,1466666.6666666667,240069,353648,147.31098
中古マンション等,不動産取引価格情報,13105,東京都,文京区,湯島,湯島,6,22000000,１Ｋ,20,2003年,ＳＲＣ,住宅,住宅,近隣商業,80.0,400.0,2021年第4四半期,未改装,,文京区,2021,4,2003.0,18.0,6.0,1100000.0,240069,353648,147.31098
中古マンション等,不動産取引価格情報,13105,東京都,文京区,湯島,湯島,2,34000000,２ＤＫ,45,1973年,ＳＲＣ,住宅,住宅,商業,80.0,500.0,2021年第3四半期,改装済み,,文京区,2021,3,1973.0,48.0,2.0,755555.5555555555,240069,353648,147.31098
中古マンション等,不動産取引価格情報,13105,東京都,文京区,湯島,湯島,2,23000000,１Ｋ,15,1999年,ＲＣ,住宅,住宅,商業,80.0,600.0,2021年第3四半期,未改装,,文京区,2021,3,1999.0,22.0,2.0,1533333.3333333333,240069,353648,147.31098
中古マンション等,不動産取引価格情報,13105,東京都,文京区,湯島,湯島,4,120000000,２ＬＤＫ,75,2018年,ＲＣ,住宅,住宅,商業,80.0,500.0,2021年第3四半期,未改装,,文京区,2021,3,2018.0,3.0,4.0,1600000.0,240069,353648,147.31098
中古マンション等,不動産取引価格情報,13105,東京都,文京区,湯島,湯島,2,61000000,オープンフロア,100,1985年,ＳＲＣ,事務所,事務所,商業,80.0,600.0,2021年第3四半期,未改装,,文京区,2021,3,1985.0,36.0,2.0,610000.0,240069,353648,147.31098
中古マンション等,不動産取引価格情報,13105,東京都,文京区,湯島,湯島,6,30000000,１Ｋ,20,2009年,ＲＣ,住宅,住宅,近隣商業,80.0,400.0,2021年第3四半期,未改装,,文京区,2021,3,2009.0,12.0,6.0,1500000.0,240069,353648,147.31098
中古マンション等,不動産取引価格情報,13105,東京都,文京区,湯島,湯島,5,31000000,１Ｋ,20,2011年,ＲＣ,住宅,住宅,商業,80.0,500.0,2021年第3四半期,未改装,,文京区,2021,3,2011.0,10.0,5.0,1550000.0,240069,353648,147.31098
中古マンション等,不動産取引価格情報,13105,東京都,文京区,湯島,湯島,2,130000000,３ＬＤＫ,75,2017年,ＲＣ,住宅,住宅,商業,80.0,500.0,2021年第3四半期,未改装,,文京区,2021,3,2017.0,4.0,2.0,1733333.3333333333,240069,353648,147.31098
中古マンション等,不動産取引価格情報,13105,東京都,文京区,湯島,湯島,5,100000000,３ＬＤＫ,95,1997年,ＲＣ,住宅,住宅,商業,80.0,500.0,2021年第2四半期,改装済み,,文京区,2021,2,1997.0,24.0,5.0,1052631.5789473683,240069,353648,147.31098
中古マンション等,不動産取引価格情報,13105,東京都,文京区,湯島,湯島,4,28000000,,25,1998年,ＳＲＣ,住宅,住宅,商業,80.0,600.0,2021年第2四半期,未改装,,文京区,2021,2,1998.0,23.0,4.0,1120000.0,240069,353648,147.31098
中古マンション等,不動産取引価格情報,13105,東京都,文京区,湯島,湯島,6,28000000,１Ｋ,30,2003年,ＳＲＣ,住宅,住宅,近隣商業,80.0,400.0,2021年第2四半期,未改装,,文京区,2021,2,2003.0,18.0,6.0,933333.3333333334,240069,353648,147.31098
中古マンション等,不動産取引価格情報,13105,東京都,文京区,湯島,湯島,2,14000000,１Ｋ,25,1973年,ＳＲＣ,住宅,住宅,商業,80.0,500.0,2021年第1四半期,未改装,,文京区,2021,1,1973.0,48.0,2.0,560000.0,240069,353648,147.31098
中古マンション等,不動産取引価格情報,13105,東京都,文京区,湯島,湯島,2,16000000,２ＤＫ,25,1973年,ＳＲＣ,住宅,住宅,商業,80.0,500.0,2021年第1四半期,未改装,,文京区,2021,1,1973.0,48.0,2.0,640000.0,240069,353648,147.31098
中古マンション等,不動産取引価格情報,13105,東京都,文京区,湯島,湯島,6,77000000,２ＤＫ,50,2014年,ＲＣ,住宅,住宅,近隣商業,80.0,400.0,2021年第1四半期,未改装,,文京区,2021,1,2014.0,7.0,6.0,1540000.0,240069,353648,147.31098
中古マンション等,不動産取引価格情報,13105,東京都,文京区,湯島,湯島,5,19000000,１Ｋ,20,2002年,ＳＲＣ,住宅,その他,商業,80.0,600.0,2021年第1四半期,未改装,,文京区,2021,1,2002.0,19.0,5.0,950000.0,240069,353648,147.31098
中古マンション等,不動産取引価格情報,13105,東京都,文京区,湯島,湯島,2,24000000,１Ｋ,20,2004年,ＲＣ,住宅,住宅,商業,80.0,600.0,2021年第1四半期,未改装,,文京区,2021,1,2004.0,17.0,2.0,1200000.0,240069,353648,147.31098
中古マンション等,不動産取引価格情報,13105,東京都,文京区,湯島,湯島,3,38000000,１Ｋ,30,2010年,ＲＣ,住宅,住宅,商業,80.0,500.0,2021年第1四半期,未改装,,文京区,2021,1,2010.0,11.0,3.0,1266666.6666666667,240069,353648,147.31098
中古マンション等,不動産取引価格情報,13105,東京都,文京区,湯島,湯島,4,83000000,２ＬＤＫ,70,2001年,ＳＲＣ,住宅,住宅,商業,80.0,600.0,2021年第1四半期,改装済み,,文京区,2021,1,2001.0,20.0,4.0,1185714.2857142857,240069,353648,147.31098
中古マンション等,不動産取引価格情報,13105,東京都,文京区,湯島,湯島,2,23000000,２ＤＫ,40,1973年,ＳＲＣ,住宅,住宅,商業,80.0,500.0,2021年第1四半期,未改装,,文京区,2021,1,1973.0,48.0,2.0,575000.0,240069,353648,147.31098
中古マンション等,不動産取引価格情報,13105,東京都,文京区,湯島,湯島,5,50000000,１ＬＤＫ,35,2018年,ＲＣ,住宅,住宅,商業,80.0,500.0,2021年第1四半期,未改装,,文京区,2021,1,2018.0,3.0,5.0,1428571.4285714286,240069,353648,147.31098
中古マンション等,不動産取引価格情報,13105,東京都,文京区,湯島,湯島,4,73000000,２ＬＤＫ,50,2018年,ＲＣ,住宅,住宅,商業,80.0,500.0,2021年第1四半期,未改装,,文京区,2021,1,2018.0,3.0,4.0,1460000.0,240069,353648,147.31098
中古マンション等,不動産取引価格情報,13105,東京都,文京区,湯島,湯島,6,28000000,１Ｋ,20,2009年,ＲＣ,住宅,住宅,近隣商業,80.0,400.0,2021年第1四半期,未改装,,文京区,2021,1,2009.0,12.0,6.0,1400000.0,240069,353648,147.31098
中古マンション等,不動産取引価格情報,13105,東京都,文京区,湯島,湯島,4,72000000,２ＬＤＫ,55,2018年,ＲＣ,住宅,住宅,商業,80.0,500.0,2021年第1四半期,未改装,,文京区,2021,1,2018.0,3.0,4.0,1309090.9090909092,240069,353648,147.31098
中古マンション等,不動産取引価格情報,13105,東京都,文京区,湯島,湯島,2,22000000,１Ｋ,15,1999年,ＲＣ,住宅,住宅,商業,80.0,600.0,2021年第1四半期,改装済み,,文京区,2021,1,1999.0,22.0,2.0,1466666.6666666667,240069,353648,147.31098
